faostat,m49_code,country_name_en,item_code,item,year,yield_kg_ha,yield_kg_ha_flag,production_tonnes,production_tonnes_flag,area_harvested_ha,area_harvested_ha_flag
2,4,Afghanistan,15,Wheat,1977,1130.900000,A,2652000.000000,A,2345000.000000,A
2,4,Afghanistan,15,Wheat,1993,1021.100000,E,1940000.000000,A,1900000.000000,E
2,4,Afghanistan,15,Wheat,1998,1296.400000,A,2834000.000000,A,2186000.000000,A
2,4,Afghanistan,15,Wheat,2017,2034.200000,A,4280776.000000,A,2104377.000000,A
2,4,Afghanistan,15,Wheat,2007,1818.300000,A,4484000.000000,A,2466000.000000,A
2,4,Afghanistan,15,Wheat,2019,2095.100000,A,4890000.000000,A,2334000.000000,A
2,4,Afghanistan,15,Wheat,1972,845.700000,A,2450000.000000,A,2897100.000000,A
2,4,Afghanistan,15,Wheat,1995,1089.500000,E,2100000.000000,E,1927468.000000,I
2,4,Afghanistan,15,Wheat,1988,1172.800000,E,1900000.000000,E,1620000.000000,E
3,8,Albania,15,Wheat,1997,2851.600000,A,388391.000000,A,136200.000000,A
3,8,Albania,15,Wheat,2015,3951.100000,A,275000.000000,A,69600.000000,A
3,8,Albania,15,Wheat,2013,4129.200000,A,294000.000000,A,71200.000000,A
3,8,Albania,15,Wheat,2010,3990.500000,A,294900.000000,A,73900.000000,A
3,8,Albania,15,Wheat,1998,2803.700000,A,395067.000000,A,140910.000000,A
3,8,Albania,15,Wheat,1963,712.700000,A,61763.000000,A,86660.000000,A
3,8,Albania,15,Wheat,1970,1537.700000,A,226582.000000,A,147353.000000,A
3,8,Albania,15,Wheat,1978,2450.000000,E,490000.000000,E,200000.000000,E
3,8,Albania,15,Wheat,2019,4068.000000,A,233218.000000,A,57330.000000,A
3,8,Albania,15,Wheat,1981,2532.100000,A,488700.000000,A,193000.000000,A
3,8,Albania,15,Wheat,1975,1937.500000,E,310000.000000,X,160000.000000,E
3,8,Albania,15,Wheat,1983,3087.900000,A,583000.000000,A,188800.000000,A
4,12,Algeria,15,Wheat,1988,600.600000,A,614420.000000,A,1023090.000000,A
4,12,Algeria,15,Wheat,2013,1910.000000,A,3299049.000000,A,1727242.000000,A
4,12,Algeria,15,Wheat,2022,1666.700000,X,3000000.000000,X,1800000.000000,X
4,12,Algeria,15,Wheat,2018,2043.300000,A,3981219.150000,A,1948402.000000,A
4,12,Algeria,15,Wheat,2000,919.400000,E,760361.000000,A,827000.000000,X
4,12,Algeria,15,Wheat,2023,1388.900000,X,2500000.000000,X,1800000.000000,X
4,12,Algeria,15,Wheat,1974,495.700000,A,1091111.000000,A,2200950.000000,A
4,12,Algeria,15,Wheat,2007,1274.200000,A,2318963.000000,A,1819877.000000,A
4,12,Algeria,15,Wheat,1979,555.300000,A,1080435.000000,A,1945510.000000,A
4,12,Algeria,15,Wheat,1990,631.500000,A,750080.000000,A,1187820.000000,A
4,12,Algeria,15,Wheat,2001,1110.400000,A,2039213.000000,A,1836410.000000,A
4,12,Algeria,15,Wheat,1985,886.100000,A,1478018.000000,A,1667990.000000,A
7,24,Angola,15,Wheat,2010,1052.600000,E,4000.000000,X,3800.000000,E
7,24,Angola,15,Wheat,1989,800.000000,A,2400.000000,A,3000.000000,A
7,24,Angola,15,Wheat,1974,1306.500000,E,16985.000000,A,13000.000000,X
7,24,Angola,15,Wheat,2001,1666.700000,E,4000.000000,X,2400.000000,E
7,24,Angola,15,Wheat,1987,800.000000,A,2400.000000,A,3000.000000,A
7,24,Angola,15,Wheat,1995,1186.500000,E,5000.000000,X,4214.000000,I
7,24,Angola,15,Wheat,1962,1111.100000,E,20000.000000,E,18000.000000,E
7,24,Angola,15,Wheat,1964,928.600000,E,13000.000000,X,14000.000000,E
7,24,Angola,15,Wheat,2019,879.800000,E,5544.290000,I,6302.000000,I
7,24,Angola,15,Wheat,1998,1714.300000,E,6000.000000,E,3500.000000,E
9,32,Argentina,15,Wheat,2000,2490.500000,A,15959352.000000,A,6408045.000000,A
9,32,Argentina,15,Wheat,1997,2595.700000,A,14800230.000000,A,5701815.000000,A
9,32,Argentina,15,Wheat,2003,2539.200000,A,14562955.000000,A,5735292.000000,A
9,32,Argentina,15,Wheat,2010,3503.400000,A,15875653.000000,A,4531520.000000,A
9,32,Argentina,15,Wheat,1984,2306.800000,A,13678600.000000,A,5929800.000000,A
9,32,Argentina,15,Wheat,2022,2287.600000,A,12555860.000000,A,5488728.000000,A
9,32,Argentina,15,Wheat,1963,1575.100000,A,8940000.000000,A,5676000.000000,A
9,32,Argentina,15,Wheat,2009,2757.100000,A,9023139.000000,A,3272740.000000,A
1,51,Armenia,15,Wheat,2018,2824.000000,A,187453.000000,A,66378.000000,A
1,51,Armenia,15,Wheat,1993,2225.700000,E,217900.000000,A,97900.000000,X
1,51,Armenia,15,Wheat,2016,3242.700000,A,350369.000000,A,108049.000000,A
1,51,Armenia,15,Wheat,2002,2387.700000,A,284670.000000,A,119224.000000,A
1,51,Armenia,15,Wheat,2021,1676.600000,A,97160.100000,A,57952.000000,A
1,51,Armenia,15,Wheat,2000,1667.900000,A,177762.000000,A,106581.000000,A
10,36,Australia,15,Wheat,1996,2096.200000,A,22924200.000000,A,10936000.000000,A
10,36,Australia,15,Wheat,1982,770.500000,A,8875571.000000,A,11519662.000000,A
10,36,Australia,15,Wheat,2002,907.000000,A,10131924.000000,A,11170280.000000,A
10,36,Australia,15,Wheat,1973,1339.600000,A,11987000.000000,A,8948257.000000,A
10,36,Australia,15,Wheat,2001,2107.600000,A,24299335.000000,A,11529155.000000,A
10,36,Australia,15,Wheat,1979,1451.500000,A,16188000.000000,A,11152714.000000,A
10,36,Australia,15,Wheat,1962,1253.300000,A,8352912.000000,A,6664679.000000,A
10,36,Australia,15,Wheat,2008,1583.100000,A,21420177.000000,A,13530196.000000,A
11,40,Austria,15,Wheat,2016,6253.400000,A,1970363.600000,A,315088.000000,A
11,40,Austria,15,Wheat,1990,5047.900000,A,1404468.000000,A,278226.000000,A
11,40,Austria,15,Wheat,1998,5074.900000,A,1341820.000000,A,264405.000000,A
11,40,Austria,15,Wheat,1975,3506.300000,A,945188.000000,A,269567.000000,A
11,40,Austria,15,Wheat,1966,2858.100000,A,896906.000000,A,313812.000000,A
11,40,Austria,15,Wheat,1981,3737.000000,A,1025011.000000,A,274286.000000,A
11,40,Austria,15,Wheat,1963,2509.900000,A,689528.000000,A,274722.000000,A
11,40,Austria,15,Wheat,2008,5693.500000,A,1689688.000000,A,296775.000000,A
11,40,Austria,15,Wheat,1976,4263.400000,A,1233520.000000,A,289328.000000,A
11,40,Austria,15,Wheat,1970,2944.500000,A,810424.000000,A,275229.000000,A
11,40,Austria,15,Wheat,1968,3417.500000,A,1044709.000000,A,305691.000000,A
11,40,Austria,15,Wheat,2009,4929.500000,A,1523368.000000,A,309034.000000,A
11,40,Austria,15,Wheat,1962,2612.200000,A,706206.000000,A,270351.000000,A
11,40,Austria,15,Wheat,2001,5241.200000,A,1508283.000000,A,287777.000000,A
11,40,Austria,15,Wheat,1973,3526.800000,A,939152.000000,A,266287.000000,A
11,40,Austria,15,Wheat,1984,4763.200000,A,1501000.000000,A,315126.000000,A
11,40,Austria,15,Wheat,1997,5204.400000,A,1352281.000000,A,259832.000000,A
11,40,Austria,15,Wheat,1978,4177.100000,A,1194808.000000,A,286038.000000,A
11,40,Austria,15,Wheat,2007,4776.300000,A,1399341.000000,A,292976.000000,A
52,31,Azerbaijan,15,Wheat,2015,3038.500000,A,1639830.000000,A,539677.000000,A
52,31,Azerbaijan,15,Wheat,2024,3348.000000,E,1901046.080000,I,567818.000000,I
52,31,Azerbaijan,15,Wheat,2010,1938.100000,A,1272340.000000,A,656480.000000,A
52,31,Azerbaijan,15,Wheat,1996,1662.700000,A,758861.000000,A,456393.000000,A
16,50,Bangladesh,15,Wheat,2022,3450.000000,A,1085834.000000,A,314738.000000,A
16,50,Bangladesh,15,Wheat,1995,1948.300000,A,1244990.000000,A,639000.000000,A
16,50,Bangladesh,15,Wheat,1980,1899.000000,A,822706.000000,A,433221.000000,A
16,50,Bangladesh,15,Wheat,2023,3494.600000,A,1107195.000000,A,316832.000000,A
16,50,Bangladesh,15,Wheat,2014,3031.900000,A,1303000.000000,A,429770.000000,A
16,50,Bangladesh,15,Wheat,1965,646.700000,A,34544.000000,A,53419.000000,A
16,50,Bangladesh,15,Wheat,1970,874.000000,A,104700.000000,A,119800.000000,A
16,50,Bangladesh,15,Wheat,1963,606.900000,A,44704.000000,A,73654.000000,A
16,50,Bangladesh,15,Wheat,1997,2054.400000,A,1454100.000000,A,707802.000000,A
16,50,Bangladesh,15,Wheat,1968,758.000000,A,58900.000000,A,77700.000000,A
16,50,Bangladesh,15,Wheat,1992,1853.400000,A,1065050.000000,A,574650.000000,A
16,50,Bangladesh,15,Wheat,1998,2240.800000,A,1802815.000000,A,804523.000000,A
16,50,Bangladesh,15,Wheat,2000,2210.400000,A,1840000.000000,A,832447.000000,A
16,50,Bangladesh,15,Wheat,2007,1847.100000,A,737000.000000,A,399000.000000,A
16,50,Bangladesh,15,Wheat,1990,1503.400000,A,890000.000000,A,592000.000000,A
16,50,Bangladesh,15,Wheat,1977,1621.100000,A,259456.000000,A,160047.000000,A
16,50,Bangladesh,15,Wheat,2018,3130.200000,A,1099373.000000,A,351213.000000,A
57,112,Belarus,15,Wheat,1993,2682.600000,A,354100.000000,A,132000.000000,A
57,112,Belarus,15,Wheat,2003,2508.200000,A,795594.000000,A,317192.000000,A
57,112,Belarus,15,Wheat,2000,2136.700000,A,965800.000000,A,452000.000000,A
57,112,Belarus,15,Wheat,1995,2479.100000,A,438800.000000,A,177000.000000,A
255,56,Belgium,15,Wheat,2017,8617.400000,A,1702721.000000,A,197592.000000,A
255,56,Belgium,15,Wheat,2013,8934.900000,A,1803550.000000,A,201854.000000,A
255,56,Belgium,15,Wheat,2008,8758.500000,A,1850406.000000,A,211270.000000,A
255,56,Belgium,15,Wheat,2020,8946.300000,A,1741480.000000,A,194660.000000,A
255,56,Belgium,15,Wheat,2009,9465.200000,A,1909768.000000,A,201768.000000,A
15,58,Belgium-Luxembourg,15,Wheat,1971,4484.800000,A,953936.000000,A,212702.000000,A
15,58,Belgium-Luxembourg,15,Wheat,1982,5809.100000,A,1062748.000000,A,182944.000000,A
15,58,Belgium-Luxembourg,15,Wheat,1994,7329.400000,A,1553828.000000,A,212000.000000,A
15,58,Belgium-Luxembourg,15,Wheat,1990,6033.900000,A,1339516.000000,A,222000.000000,A
15,58,Belgium-Luxembourg,15,Wheat,1975,3801.800000,A,723572.000000,A,190323.000000,A
15,58,Belgium-Luxembourg,15,Wheat,1980,4613.100000,A,906472.000000,A,196499.000000,A
15,58,Belgium-Luxembourg,15,Wheat,1987,5779.600000,A,1114686.000000,A,192866.000000,A
15,58,Belgium-Luxembourg,15,Wheat,1972,4420.600000,A,985250.000000,A,222877.000000,A
15,58,Belgium-Luxembourg,15,Wheat,1973,4949.700000,A,1048963.000000,A,211923.000000,A
15,58,Belgium-Luxembourg,15,Wheat,1981,5349.000000,A,925978.000000,A,173113.000000,A
15,58,Belgium-Luxembourg,15,Wheat,1991,6688.400000,A,1438012.000000,A,215000.000000,A
15,58,Belgium-Luxembourg,15,Wheat,1998,8252.300000,A,1832000.000000,A,222000.000000,A
15,58,Belgium-Luxembourg,15,Wheat,1970,3848.200000,A,762845.000000,A,198233.000000,A
15,58,Belgium-Luxembourg,15,Wheat,1964,4363.800000,A,949813.000000,A,217656.000000,A
15,58,Belgium-Luxembourg,15,Wheat,1999,8095.700000,A,1528471.000000,A,188800.000000,A
18,64,Bhutan,15,Wheat,2015,1901.600000,A,3730.000000,A,1962.000000,A
18,64,Bhutan,15,Wheat,1977,1000.000000,E,7800.000000,E,7800.000000,E
18,64,Bhutan,15,Wheat,2017,1823.700000,A,3883.000000,A,2129.000000,A
18,64,Bhutan,15,Wheat,1997,1538.500000,X,20000.000000,X,13000.000000,X
18,64,Bhutan,15,Wheat,1995,1300.000000,E,13000.000000,E,10000.000000,E
18,64,Bhutan,15,Wheat,1983,1100.000000,E,11000.000000,E,10000.000000,E
18,64,Bhutan,15,Wheat,1993,1166.700000,E,7000.000000,E,6000.000000,E
18,64,Bhutan,15,Wheat,1998,1538.500000,X,20000.000000,X,13000.000000,X
19,68,Bolivia (Plurinational State of),15,Wheat,1961,562.500000,A,45000.000000,A,80000.000000,A
19,68,Bolivia (Plurinational State of),15,Wheat,1964,522.900000,A,57000.000000,A,109000.000000,A
19,68,Bolivia (Plurinational State of),15,Wheat,1963,518.900000,A,55000.000000,A,106000.000000,A
19,68,Bolivia (Plurinational State of),15,Wheat,1987,807.900000,A,76655.000000,A,94880.000000,A
19,68,Bolivia (Plurinational State of),15,Wheat,2018,1511.700000,A,301688.850000,A,199569.000000,A
19,68,Bolivia (Plurinational State of),15,Wheat,2020,1522.000000,A,311310.000000,A,204546.000000,A
19,68,Bolivia (Plurinational State of),15,Wheat,1967,600.000000,A,27000.000000,A,45000.000000,A
19,68,Bolivia (Plurinational State of),15,Wheat,2021,1675.200000,A,337098.610000,A,201224.000000,A
19,68,Bolivia (Plurinational State of),15,Wheat,2015,1720.800000,A,337599.000000,A,196188.000000,A
19,68,Bolivia (Plurinational State of),15,Wheat,1984,793.600000,A,78490.000000,A,98907.000000,A
80,70,Bosnia and Herzegovina,15,Wheat,1995,3410.700000,E,238750.000000,X,70000.000000,E
80,70,Bosnia and Herzegovina,15,Wheat,1999,2716.300000,X,257764.000000,X,94897.000000,X
80,70,Bosnia and Herzegovina,15,Wheat,1994,3477.800000,E,313000.000000,E,90000.000000,E
80,70,Bosnia and Herzegovina,15,Wheat,2001,2426.300000,A,255221.000000,A,105188.000000,A
20,72,Botswana,15,Wheat,1985,2000.000000,E,1000.000000,E,500.000000,E
20,72,Botswana,15,Wheat,2011,,,0.000000,I,0.000000,E
20,72,Botswana,15,Wheat,2005,1161.200000,E,216.800000,I,187.000000,I
20,72,Botswana,15,Wheat,1975,2037.000000,E,550.000000,E,270.000000,E
20,72,Botswana,15,Wheat,2002,1454.900000,E,336.210000,I,231.000000,I
20,72,Botswana,15,Wheat,1992,2147.400000,E,500.000000,X,233.000000,I
20,72,Botswana,15,Wheat,2012,,,0.000000,E,0.000000,E
20,72,Botswana,15,Wheat,1971,2500.000000,A,500.000000,A,200.000000,A
20,72,Botswana,15,Wheat,2023,1007.500000,A,810.000000,A,804.000000,A
20,72,Botswana,15,Wheat,1963,2500.000000,E,400.000000,E,160.000000,E
20,72,Botswana,15,Wheat,2014,,,0.000000,E,0.000000,E
21,76,Brazil,15,Wheat,2014,2208.800000,A,6261895.000000,A,2834945.000000,A
21,76,Brazil,15,Wheat,1993,1482.500000,A,2197354.000000,A,1482230.000000,A
21,76,Brazil,15,Wheat,1988,1652.800000,A,5745670.000000,A,3476288.000000,A
21,76,Brazil,15,Wheat,2021,2862.100000,A,7878413.000000,A,2752664.000000,A
21,76,Brazil,15,Wheat,1997,1635.900000,A,2489070.000000,A,1521545.000000,A
21,76,Brazil,15,Wheat,1986,1446.600000,A,5638470.000000,A,3897719.000000,A
21,76,Brazil,15,Wheat,2016,3155.100000,A,6834421.000000,A,2166170.000000,A
21,76,Brazil,15,Wheat,1973,1104.400000,A,2031338.000000,A,1839391.000000,A
21,76,Brazil,15,Wheat,2008,2549.700000,A,6027131.000000,A,2363893.000000,A
21,76,Brazil,15,Wheat,1991,1423.200000,A,2916823.000000,A,2049460.000000,A
21,76,Brazil,15,Wheat,1962,949.100000,A,705619.000000,A,743459.000000,A
21,76,Brazil,15,Wheat,2009,2080.200000,A,5055525.000000,A,2430253.000000,A
21,76,Brazil,15,Wheat,1999,1969.900000,A,2461856.000000,A,1249764.000000,A
21,76,Brazil,15,Wheat,1982,646.000000,A,1826945.000000,A,2827929.000000,A
27,100,Bulgaria,15,Wheat,1984,4293.100000,A,4835576.000000,A,1126362.000000,A
27,100,Bulgaria,15,Wheat,2000,2842.100000,A,2781242.000000,A,978575.000000,A
27,100,Bulgaria,15,Wheat,2011,3919.700000,A,4458492.000000,A,1137462.000000,A
27,100,Bulgaria,15,Wheat,1978,3708.000000,A,3466215.000000,A,934800.000000,A
27,100,Bulgaria,15,Wheat,1996,1881.800000,A,1802110.000000,A,957670.000000,A
27,100,Bulgaria,15,Wheat,2015,4531.600000,A,5011597.000000,A,1105916.000000,A
27,100,Bulgaria,15,Wheat,1964,1773.600000,A,2120540.000000,A,1195610.000000,A
27,100,Bulgaria,15,Wheat,1999,2735.200000,A,2642973.000000,A,966282.000000,A
27,100,Bulgaria,15,Wheat,1985,2874.900000,A,3067514.000000,A,1066999.000000,A
27,100,Bulgaria,15,Wheat,1966,2795.900000,A,3193356.000000,A,1142176.000000,A
27,100,Bulgaria,15,Wheat,1965,2548.600000,A,2923010.000000,A,1146930.000000,A
27,100,Bulgaria,15,Wheat,1973,3488.600000,A,3258147.000000,A,933928.000000,A
27,100,Bulgaria,15,Wheat,2008,4167.400000,A,4632210.000000,A,1111533.000000,A
29,108,Burundi,15,Wheat,1980,665.600000,A,5600.000000,A,8414.000000,A
29,108,Burundi,15,Wheat,2024,730.400000,E,8364.920000,I,11453.000000,I
29,108,Burundi,15,Wheat,1994,882.400000,E,7942.000000,X,9000.000000,E
29,108,Burundi,15,Wheat,2020,711.900000,E,4078.000000,A,5729.000000,I
29,108,Burundi,15,Wheat,1990,747.800000,A,8600.000000,A,11500.000000,A
29,108,Burundi,15,Wheat,2023,732.200000,E,8969.000000,A,12249.000000,I
29,108,Burundi,15,Wheat,1995,744.000000,E,8928.000000,X,12000.000000,E
29,108,Burundi,15,Wheat,1998,814.800000,A,9778.000000,A,12000.000000,A
29,108,Burundi,15,Wheat,2021,722.600000,E,9295.000000,A,12863.000000,I
29,108,Burundi,15,Wheat,2019,640.200000,A,4894.000000,A,7645.000000,A
29,108,Burundi,15,Wheat,1966,677.400000,A,8230.000000,A,12150.000000,A
29,108,Burundi,15,Wheat,1965,672.100000,A,8200.000000,A,12200.000000,A
29,108,Burundi,15,Wheat,1999,708.500000,A,7085.000000,A,10000.000000,A
29,108,Burundi,15,Wheat,1969,546.100000,A,4387.000000,A,8033.000000,A
32,120,Cameroon,15,Wheat,1962,,,0.000000,A,0.000000,A
32,120,Cameroon,15,Wheat,1964,,,0.000000,A,0.000000,A
32,120,Cameroon,15,Wheat,1990,1500.000000,E,381.000000,E,254.000000,E
32,120,Cameroon,15,Wheat,1969,,,0.000000,A,0.000000,A
32,120,Cameroon,15,Wheat,1979,866.700000,A,1548.000000,A,1786.000000,A
32,120,Cameroon,15,Wheat,2021,1337.100000,E,622.220000,E,465.000000,E
32,120,Cameroon,15,Wheat,2007,1344.100000,E,752.650000,I,560.000000,I
32,120,Cameroon,15,Wheat,1998,1334.100000,E,578.520000,I,434.000000,I
32,120,Cameroon,15,Wheat,1982,1470.600000,A,900.000000,A,612.000000,A
32,120,Cameroon,15,Wheat,2006,1342.900000,E,730.110000,I,544.000000,I
32,120,Cameroon,15,Wheat,1986,1333.300000,E,400.000000,A,300.000000,E
32,120,Cameroon,15,Wheat,1963,,,0.000000,A,0.000000,A
32,120,Cameroon,15,Wheat,2017,1335.400000,E,800.000000,E,599.000000,I
32,120,Cameroon,15,Wheat,1980,793.100000,A,1518.000000,A,1914.000000,A
32,120,Cameroon,15,Wheat,2016,1331.900000,E,800.000000,E,601.000000,I
32,120,Cameroon,15,Wheat,1966,,,0.000000,A,0.000000,A
33,124,Canada,15,Wheat,1967,1323.900000,A,16136911.000000,A,12189285.000000,A
33,124,Canada,15,Wheat,1976,2096.300000,A,23587200.000000,A,11251700.000000,A
33,124,Canada,15,Wheat,1975,1802.000000,A,17080608.000000,A,9478739.000000,A
33,124,Canada,15,Wheat,1999,2597.100000,A,26959900.000000,A,10380800.000000,A
33,124,Canada,15,Wheat,1980,1721.200000,A,19292000.000000,A,11208400.000000,A
33,124,Canada,15,Wheat,2015,2892.500000,A,27647400.000000,A,9558300.000000,A
33,124,Canada,15,Wheat,1982,2133.600000,A,26715008.000000,A,12521000.000000,A
33,124,Canada,15,Wheat,1981,1995.900000,A,24802000.000000,A,12426600.000000,A
33,124,Canada,15,Wheat,2009,2789.700000,A,26949900.000000,A,9660400.000000,A
33,124,Canada,15,Wheat,1996,2430.400000,A,29801400.000000,A,12262000.000000,A
39,148,Chad,15,Wheat,1994,2229.700000,A,2932.000000,A,1315.000000,A
39,148,Chad,15,Wheat,1983,909.100000,A,10000.000000,A,11000.000000,A
39,148,Chad,15,Wheat,1962,1272.700000,A,1400.000000,A,1100.000000,A
39,148,Chad,15,Wheat,2010,2500.700000,A,1698.000000,A,679.000000,A
39,148,Chad,15,Wheat,1976,1904.800000,A,6000.000000,A,3150.000000,A
39,148,Chad,15,Wheat,1992,2120.100000,A,2400.000000,A,1132.000000,A
40,152,Chile,15,Wheat,1970,1765.400000,A,1306900.000000,A,740290.000000,A
40,152,Chile,15,Wheat,2009,4080.900000,A,1145290.000000,A,280644.000000,A
40,152,Chile,15,Wheat,2008,4574.800000,A,1237691.000000,A,270546.000000,A
40,152,Chile,15,Wheat,1983,1631.400000,A,585950.000000,A,359180.000000,A
40,152,Chile,15,Wheat,1979,1775.500000,A,995140.000000,A,560470.000000,A
40,152,Chile,15,Wheat,1978,1540.100000,A,892620.000000,A,579590.000000,A
214,158,"China, Taiwan Province of",15,Wheat,1995,3368.100000,A,4429.000000,A,1315.000000,A
214,158,"China, Taiwan Province of",15,Wheat,2015,2354.000000,A,7335.000000,A,3116.000000,A
214,158,"China, Taiwan Province of",15,Wheat,2022,3000.000000,X,6000.000000,X,2000.000000,X
214,158,"China, Taiwan Province of",15,Wheat,1994,3250.400000,A,4440.000000,A,1366.000000,A
214,158,"China, Taiwan Province of",15,Wheat,1990,2702.300000,A,2932.000000,A,1085.000000,A
214,158,"China, Taiwan Province of",15,Wheat,1991,3009.200000,A,3581.000000,A,1190.000000,A
214,158,"China, Taiwan Province of",15,Wheat,1964,2072.200000,A,19709.000000,A,9511.000000,A
214,158,"China, Taiwan Province of",15,Wheat,2003,3520.000000,A,264.000000,A,75.000000,A
214,158,"China, Taiwan Province of",15,Wheat,1966,1965.100000,A,28507.000000,A,14507.000000,A
214,158,"China, Taiwan Province of",15,Wheat,1985,2018.000000,A,2125.000000,A,1053.000000,A
214,158,"China, Taiwan Province of",15,Wheat,1962,2067.500000,A,42100.000000,A,20363.000000,A
214,158,"China, Taiwan Province of",15,Wheat,1967,2006.900000,A,23864.000000,A,11891.000000,A
214,158,"China, Taiwan Province of",15,Wheat,1976,2438.200000,A,1224.000000,A,502.000000,A
214,158,"China, Taiwan Province of",15,Wheat,1986,3256.600000,A,3693.000000,A,1134.000000,A
214,158,"China, Taiwan Province of",15,Wheat,1971,2264.500000,A,2346.000000,A,1036.000000,A
214,158,"China, Taiwan Province of",15,Wheat,1984,2320.600000,A,2360.000000,A,1017.000000,A
214,158,"China, Taiwan Province of",15,Wheat,1974,2427.600000,A,738.000000,A,304.000000,A
41,156,"China, mainland",15,Wheat,1987,2982.900000,A,85900000.000000,A,28797936.000000,A
41,156,"China, mainland",15,Wheat,1981,2109.100000,A,59640000.000000,A,28278000.000000,A
41,156,"China, mainland",15,Wheat,1985,2936.700000,A,85805008.000000,A,29218000.000000,A
41,156,"China, mainland",15,Wheat,2013,5055.600000,A,121926400.000000,A,24117260.000000,A
41,156,"China, mainland",15,Wheat,2004,4251.900000,A,91952000.000000,A,21626000.000000,A
41,156,"China, mainland",15,Wheat,1974,1511.600000,A,40865008.000000,A,27034000.000000,A
41,156,"China, mainland",15,Wheat,2020,5742.100000,A,134250000.000000,A,23380000.000000,A
41,156,"China, mainland",15,Wheat,1989,3043.000000,A,90807008.000000,A,29841328.000000,A
44,170,Colombia,15,Wheat,1989,1717.700000,A,79700.000000,A,46400.000000,A
44,170,Colombia,15,Wheat,1980,1215.200000,A,45690.000000,A,37600.000000,A
44,170,Colombia,15,Wheat,2016,1594.100000,E,13550.270000,A,8500.000000,E
44,170,Colombia,15,Wheat,2013,1693.800000,A,8345.660000,A,4927.000000,A
44,170,Colombia,15,Wheat,2006,1549.000000,A,26399.000000,A,17043.000000,A
44,170,Colombia,15,Wheat,1969,1254.600000,A,88700.000000,A,70700.000000,A
44,170,Colombia,15,Wheat,2000,1599.200000,A,37085.000000,A,23189.000000,A
44,170,Colombia,15,Wheat,1982,1560.700000,A,70700.000000,A,45300.000000,A
44,170,Colombia,15,Wheat,2024,3111.400000,A,4636.000000,A,1490.000000,A
44,170,Colombia,15,Wheat,2021,2678.800000,A,6965.000000,A,2600.000000,A
44,170,Colombia,15,Wheat,1979,1364.900000,A,41970.000000,A,30750.000000,A
44,170,Colombia,15,Wheat,2023,2859.800000,A,8322.000000,A,2910.000000,A
44,170,Colombia,15,Wheat,1968,1166.700000,A,105000.000000,A,90000.000000,A
98,191,Croatia,15,Wheat,2014,4156.000000,A,648917.000000,A,156139.000000,A
98,191,Croatia,15,Wheat,2023,4826.300000,A,834230.000000,A,172850.000000,A
98,191,Croatia,15,Wheat,2004,4927.800000,A,801424.000000,A,162634.000000,A
98,191,Croatia,15,Wheat,2003,3220.700000,A,506212.000000,A,157175.000000,A
50,196,Cyprus,15,Wheat,1984,1495.000000,A,9000.000000,A,6020.000000,A
50,196,Cyprus,15,Wheat,1985,1770.300000,A,9000.000000,A,5084.000000,A
50,196,Cyprus,15,Wheat,1974,1110.000000,A,96520.000000,A,86957.000000,A
50,196,Cyprus,15,Wheat,1983,1193.400000,A,9100.000000,A,7625.000000,A
50,196,Cyprus,15,Wheat,1998,1982.800000,A,11500.000000,A,5800.000000,A
50,196,Cyprus,15,Wheat,1981,1226.800000,A,10668.000000,A,8696.000000,A
50,196,Cyprus,15,Wheat,1965,1454.300000,A,91440.000000,A,62877.000000,A
50,196,Cyprus,15,Wheat,2022,2336.600000,A,31100.000000,A,13310.000000,A
50,196,Cyprus,15,Wheat,1980,1371.300000,A,13208.000000,A,9632.000000,A
50,196,Cyprus,15,Wheat,1961,579.200000,A,45720.000000,A,78930.000000,A
50,196,Cyprus,15,Wheat,1996,3513.500000,A,13000.000000,A,3700.000000,A
167,203,Czechia,15,Wheat,1997,4410.000000,A,3640269.000000,A,825450.000000,A
167,203,Czechia,15,Wheat,2000,4208.500000,A,4084107.000000,A,970435.000000,A
167,203,Czechia,15,Wheat,2023,6435.100000,A,5262360.000000,A,817760.000000,A
167,203,Czechia,15,Wheat,2017,5670.500000,A,4718205.160000,A,832062.000000,A
167,203,Czechia,15,Wheat,2011,5692.100000,A,4913048.000000,A,863132.000000,A
167,203,Czechia,15,Wheat,2024,5956.700000,A,4625370.000000,A,776500.000000,A
167,203,Czechia,15,Wheat,1995,4601.600000,A,3822769.000000,A,830753.000000,A
167,203,Czechia,15,Wheat,2006,4486.500000,A,3506252.000000,A,781520.000000,A
51,200,Czechoslovakia,15,Wheat,1989,5131.500000,A,6356066.000000,A,1238640.000000,A
51,200,Czechoslovakia,15,Wheat,1986,4403.100000,A,5305006.000000,A,1204825.000000,A
51,200,Czechoslovakia,15,Wheat,1992,4595.700000,A,5110300.000000,A,1111979.000000,A
51,200,Czechoslovakia,15,Wheat,1990,5421.200000,A,6706872.000000,A,1237161.000000,A
51,200,Czechoslovakia,15,Wheat,1975,3573.500000,A,4202464.000000,A,1176024.000000,A
51,200,Czechoslovakia,15,Wheat,1976,3767.200000,A,4806956.000000,A,1275988.000000,A
51,200,Czechoslovakia,15,Wheat,1969,3098.400000,A,3256650.000000,A,1051072.000000,A
51,200,Czechoslovakia,15,Wheat,1961,2599.700000,A,1666390.000000,A,641004.000000,A
116,408,Democratic People's Republic of Korea,15,Wheat,1966,600.000000,E,96000.000000,X,160000.000000,E
116,408,Democratic People's Republic of Korea,15,Wheat,1995,1484.900000,E,125000.000000,X,84183.000000,I
116,408,Democratic People's Republic of Korea,15,Wheat,1999,2020.800000,X,97000.000000,X,48000.000000,X
116,408,Democratic People's Republic of Korea,15,Wheat,1976,1200.000000,E,108000.000000,X,90000.000000,E
116,408,Democratic People's Republic of Korea,15,Wheat,2019,1226.400000,E,87500.000000,E,71345.000000,I
116,408,Democratic People's Republic of Korea,15,Wheat,1964,601.200000,E,98000.000000,X,163000.000000,E
116,408,Democratic People's Republic of Korea,15,Wheat,1998,2357.100000,E,165000.000000,X,70000.000000,E
116,408,Democratic People's Republic of Korea,15,Wheat,1989,1612.500000,E,129000.000000,X,80000.000000,E
250,180,Democratic Republic of the Congo,15,Wheat,2008,1284.900000,A,8740.000000,A,6802.000000,A
250,180,Democratic Republic of the Congo,15,Wheat,2002,1287.200000,A,8440.000000,A,6557.000000,A
250,180,Democratic Republic of the Congo,15,Wheat,1983,607.100000,A,3400.000000,A,5600.000000,A
250,180,Democratic Republic of the Congo,15,Wheat,1977,636.400000,A,3500.000000,A,5500.000000,A
250,180,Democratic Republic of the Congo,15,Wheat,1966,1100.000000,E,3300.000000,A,3000.000000,E
250,180,Democratic Republic of the Congo,15,Wheat,1961,709.000000,E,2127.000000,A,3000.000000,E
250,180,Democratic Republic of the Congo,15,Wheat,1995,1292.900000,A,10818.000000,A,8367.000000,A
54,208,Denmark,15,Wheat,2010,6626.400000,A,5059900.000000,A,763600.000000,A
54,208,Denmark,15,Wheat,1969,4361.500000,A,428455.000000,A,98236.000000,A
54,208,Denmark,15,Wheat,1998,7247.600000,A,4928375.000000,A,680000.000000,A
54,208,Denmark,15,Wheat,1992,6151.000000,A,3583011.000000,A,582504.000000,A
54,208,Denmark,15,Wheat,2011,6467.200000,A,4831000.000000,A,747000.000000,A
54,208,Denmark,15,Wheat,1961,4120.500000,A,434057.000000,A,105341.000000,A
54,208,Denmark,15,Wheat,1980,4684.200000,A,652372.000000,A,139271.000000,A
54,208,Denmark,15,Wheat,1986,6168.400000,A,2177228.000000,A,352965.000000,A
54,208,Denmark,15,Wheat,2013,7299.200000,A,4145200.000000,A,567900.000000,A
58,218,Ecuador,15,Wheat,1991,569.600000,A,17059.000000,A,29950.000000,A
58,218,Ecuador,15,Wheat,2015,716.500000,A,2052.720000,A,2865.000000,A
58,218,Ecuador,15,Wheat,2021,1805.100000,A,10898.380000,A,6038.000000,A
58,218,Ecuador,15,Wheat,1970,1062.600000,A,81000.000000,A,76230.000000,A
58,218,Ecuador,15,Wheat,1965,889.700000,A,61300.000000,A,68900.000000,A
58,218,Ecuador,15,Wheat,2009,861.700000,A,11314.000000,A,13130.000000,A
58,218,Ecuador,15,Wheat,1983,1045.000000,A,26914.000000,A,25754.000000,A
58,218,Ecuador,15,Wheat,1978,1075.400000,A,28904.000000,A,26878.000000,A
59,818,Egypt,15,Wheat,1996,5638.400000,A,5735367.000000,A,1017192.000000,A
59,818,Egypt,15,Wheat,1992,5254.600000,A,4617997.000000,A,878846.000000,A
59,818,Egypt,15,Wheat,2022,6698.900000,A,9622993.000000,A,1436510.000000,A
59,818,Egypt,15,Wheat,1980,3117.500000,A,1736440.000000,A,556995.000000,A
59,818,Egypt,15,Wheat,2019,6500.300000,A,8558807.000000,A,1316678.000000,A
59,818,Egypt,15,Wheat,1985,3759.000000,A,1872000.000000,A,498000.000000,A
59,818,Egypt,15,Wheat,1989,4941.600000,A,3182000.000000,A,643921.000000,A
59,818,Egypt,15,Wheat,1962,2606.400000,A,1593098.000000,A,611226.000000,A
59,818,Egypt,15,Wheat,2021,6850.500000,A,9842410.950000,A,1436738.000000,A
59,818,Egypt,15,Wheat,1975,3472.200000,A,2033265.000000,A,585592.000000,A
59,818,Egypt,15,Wheat,1995,5422.100000,A,5722441.000000,A,1055384.000000,A
178,232,Eritrea,15,Wheat,2004,298.000000,A,9052.000000,A,30373.000000,A
178,232,Eritrea,15,Wheat,2010,1178.600000,X,33000.000000,X,28000.000000,X
178,232,Eritrea,15,Wheat,2007,839.500000,A,27274.000000,A,32488.000000,A
178,232,Eritrea,15,Wheat,2024,1000.000000,X,25000.000000,X,25000.000000,X
178,232,Eritrea,15,Wheat,1996,366.500000,A,7857.000000,A,21438.000000,A
178,232,Eritrea,15,Wheat,2021,1000.000000,X,25000.000000,X,25000.000000,X
63,233,Estonia,15,Wheat,1994,1668.600000,A,57091.000000,A,34215.000000,A
63,233,Estonia,15,Wheat,2020,5001.900000,A,840520.000000,A,168040.000000,A
63,233,Estonia,15,Wheat,1995,1997.400000,A,77101.000000,A,38601.000000,A
63,233,Estonia,15,Wheat,2024,4297.000000,A,744750.000000,A,173320.000000,A
63,233,Estonia,15,Wheat,2007,3474.600000,A,345726.000000,A,99500.000000,A
209,748,Eswatini,15,Wheat,2014,1940.000000,E,710.270000,I,366.000000,I
209,748,Eswatini,15,Wheat,1993,1605.100000,E,390.450000,I,243.000000,I
209,748,Eswatini,15,Wheat,1966,,,0.000000,A,0.000000,A
209,748,Eswatini,15,Wheat,2007,1477.300000,E,325.000000,E,220.000000,E
209,748,Eswatini,15,Wheat,2017,1855.000000,E,689.520000,I,372.000000,I
209,748,Eswatini,15,Wheat,1997,1560.300000,E,337.110000,I,216.000000,I
209,748,Eswatini,15,Wheat,2001,1541.300000,E,316.180000,I,205.000000,I
209,748,Eswatini,15,Wheat,1972,3083.300000,A,1147.000000,A,372.000000,A
209,748,Eswatini,15,Wheat,1989,3250.000000,E,1300.000000,E,400.000000,E
209,748,Eswatini,15,Wheat,2016,1832.500000,E,683.130000,I,373.000000,E
238,231,Ethiopia,15,Wheat,2019,2821.600000,E,5515070.000000,E,1954610.000000,E
238,231,Ethiopia,15,Wheat,2007,1671.100000,E,2536955.920000,E,1518135.000000,E
238,231,Ethiopia,15,Wheat,2002,1435.400000,A,1444434.000000,A,1006271.000000,A
238,231,Ethiopia,15,Wheat,2017,2668.100000,A,4888946.000000,A,1832390.000000,A
238,231,Ethiopia,15,Wheat,1993,1548.700000,A,895520.000000,A,578230.000000,A
62,230,Ethiopia PDR,15,Wheat,1976,992.000000,A,532490.000000,A,536800.000000,A
62,230,Ethiopia PDR,15,Wheat,1978,870.400000,A,428910.000000,A,492800.000000,A
62,230,Ethiopia PDR,15,Wheat,1972,786.800000,A,876000.000000,A,1113400.000000,A
62,230,Ethiopia PDR,15,Wheat,1980,1002.300000,A,537446.000000,A,536190.000000,A
62,230,Ethiopia PDR,15,Wheat,1979,961.100000,A,491400.000000,A,511300.000000,A
67,246,Finland,15,Wheat,1973,2461.400000,A,462000.000000,A,187700.000000,A
67,246,Finland,15,Wheat,2015,4103.000000,A,992100.000000,A,241800.000000,A
67,246,Finland,15,Wheat,1999,2158.900000,A,254100.000000,A,117700.000000,A
67,246,Finland,15,Wheat,2012,3902.800000,A,887100.000000,A,227300.000000,A
67,246,Finland,15,Wheat,2021,3235.200000,A,687160.000000,A,212400.000000,A
67,246,Finland,15,Wheat,1982,3046.900000,A,435400.000000,A,142900.000000,A
67,246,Finland,15,Wheat,2016,3830.300000,A,823900.000000,A,215100.000000,A
67,246,Finland,15,Wheat,1961,1943.600000,A,460792.000000,A,237085.000000,A
68,250,France,15,Wheat,1982,5236.000000,A,25358000.000000,A,4843000.000000,A
68,250,France,15,Wheat,2010,7040.500000,A,38207431.000000,A,5426820.000000,A
68,250,France,15,Wheat,1966,2829.600000,A,11296620.000000,A,3992300.000000,A
68,250,France,15,Wheat,2011,6656.300000,A,35992794.300000,A,5407328.000000,A
68,250,France,15,Wheat,1996,7136.100000,A,35935157.300000,A,5035701.000000,A
68,250,France,15,Wheat,1985,5999.900000,A,28784000.000000,A,4797400.000000,A
68,250,France,15,Wheat,2021,6928.400000,A,36559450.000000,A,5276730.000000,A
68,250,France,15,Wheat,1999,7239.500000,A,36950991.100000,A,5104076.000000,A
68,250,France,15,Wheat,1990,6478.700000,A,33345808.000000,A,5147000.000000,A
68,250,France,15,Wheat,2020,6677.600000,A,30181140.000000,A,4519780.000000,A
68,250,France,15,Wheat,2006,6741.400000,A,35363563.400000,A,5245735.000000,A
68,250,France,15,Wheat,2019,7742.800000,A,40604960.000000,A,5244250.000000,A
73,268,Georgia,15,Wheat,2017,2214.900000,A,97900.000000,A,44200.000000,A
73,268,Georgia,15,Wheat,2022,2850.900000,A,156800.000000,A,55000.000000,A
73,268,Georgia,15,Wheat,2003,1934.700000,A,225414.000000,A,116513.000000,A
73,268,Georgia,15,Wheat,2013,1836.700000,A,81000.000000,A,44100.000000,A
79,276,Germany,15,Wheat,1994,6768.400000,A,16480510.000000,A,2434910.000000,A
79,276,Germany,15,Wheat,2016,7640.900000,A,24463800.000000,A,3201700.000000,A
79,276,Germany,15,Wheat,2001,7882.700000,A,22837837.000000,A,2897202.000000,A
79,276,Germany,15,Wheat,1997,7290.200000,A,19826755.000000,A,2719643.000000,A
79,276,Germany,15,Wheat,1984,5933.100000,A,14125965.000000,A,2380860.000000,A
79,276,Germany,15,Wheat,1995,6888.200000,A,17763312.000000,A,2578793.000000,A
79,276,Germany,15,Wheat,2011,7013.900000,A,22782700.000000,A,3248200.000000,A
79,276,Germany,15,Wheat,2023,7431.800000,A,21535900.000000,A,2897800.000000,A
79,276,Germany,15,Wheat,1967,4021.600000,A,7830615.000000,A,1947141.000000,A
79,276,Germany,15,Wheat,2007,6961.100000,A,20828077.000000,A,2992075.000000,A
79,276,Germany,15,Wheat,1970,3726.400000,A,7794037.000000,A,2091560.000000,A
79,276,Germany,15,Wheat,2014,8629.600000,A,27784700.000000,A,3219700.000000,A
79,276,Germany,15,Wheat,1962,3389.800000,A,5906465.000000,A,1742400.000000,A
84,300,Greece,15,Wheat,1997,2417.200000,A,2081481.540000,A,861104.000000,A
84,300,Greece,15,Wheat,1969,1598.600000,A,1723594.000000,A,1078210.000000,A
84,300,Greece,15,Wheat,1987,2597.100000,A,2314000.000000,A,891000.000000,A
84,300,Greece,15,Wheat,1970,1980.600000,A,1930736.000000,A,974800.000000,A
84,300,Greece,15,Wheat,1996,2414.900000,A,2086212.940000,A,863895.000000,A
84,300,Greece,15,Wheat,2024,3208.100000,A,1209310.000000,A,376950.000000,A
84,300,Greece,15,Wheat,2010,2604.400000,A,1920669.750000,A,737483.000000,A
84,300,Greece,15,Wheat,1961,1302.600000,A,1527870.000000,A,1172900.000000,A
89,320,Guatemala,15,Wheat,1989,1999.300000,A,44225.000000,A,22120.000000,A
89,320,Guatemala,15,Wheat,1974,1176.400000,A,51106.000000,A,43441.000000,A
89,320,Guatemala,15,Wheat,1996,2102.000000,A,23690.000000,A,11270.000000,A
89,320,Guatemala,15,Wheat,2006,2271.200000,A,1587.570000,A,699.000000,A
89,320,Guatemala,15,Wheat,2000,2093.400000,A,9525.000000,A,4550.000000,A
89,320,Guatemala,15,Wheat,2013,2024.000000,A,1556.000000,A,769.000000,A
89,320,Guatemala,15,Wheat,1985,1707.900000,A,53800.000000,A,31500.000000,A
89,320,Guatemala,15,Wheat,1995,2098.700000,A,26003.000000,A,12390.000000,A
89,320,Guatemala,15,Wheat,1994,2102.500000,A,26004.000000,A,12368.000000,A
89,320,Guatemala,15,Wheat,1966,958.000000,A,29642.000000,A,30940.000000,A
89,320,Guatemala,15,Wheat,1980,1461.500000,A,58128.000000,A,39773.000000,A
89,320,Guatemala,15,Wheat,2019,2145.100000,E,164.000000,A,76.000000,I
89,320,Guatemala,15,Wheat,1979,1571.500000,A,56764.000000,A,36120.000000,A
95,340,Honduras,15,Wheat,1974,833.300000,X,500.000000,X,600.000000,X
95,340,Honduras,15,Wheat,1989,583.300000,E,700.000000,E,1200.000000,E
95,340,Honduras,15,Wheat,1985,600.000000,E,600.000000,E,1000.000000,E
95,340,Honduras,15,Wheat,2001,530.200000,E,1060.370000,I,2000.000000,X
95,340,Honduras,15,Wheat,2010,550.800000,E,1139.610000,I,2069.000000,I
95,340,Honduras,15,Wheat,1978,1000.000000,X,1000.000000,X,1000.000000,X
95,340,Honduras,15,Wheat,2004,527.300000,E,1056.280000,I,2003.000000,I
95,340,Honduras,15,Wheat,1996,600.400000,E,928.570000,I,1547.000000,I
95,340,Honduras,15,Wheat,2016,538.400000,E,1224.430000,I,2274.000000,I
97,348,Hungary,15,Wheat,2006,4071.900000,A,4376235.000000,A,1074735.000000,A
97,348,Hungary,15,Wheat,1997,4215.300000,A,5258817.000000,A,1247569.000000,A
97,348,Hungary,15,Wheat,2014,4728.800000,A,5261890.000000,A,1112730.000000,A
97,348,Hungary,15,Wheat,1983,4417.300000,A,5985098.000000,A,1354926.000000,A
97,348,Hungary,15,Wheat,1982,4399.900000,A,5761862.000000,A,1309536.000000,A
97,348,Hungary,15,Wheat,1973,3479.300000,A,4502385.000000,A,1294038.000000,A
97,348,Hungary,15,Wheat,2022,4448.100000,A,4354710.000000,A,979010.000000,A
97,348,Hungary,15,Wheat,2000,3604.400000,A,3692470.000000,A,1024430.000000,A
97,348,Hungary,15,Wheat,1962,1788.800000,A,1973137.000000,A,1103037.000000,A
97,348,Hungary,15,Wheat,1974,3752.000000,A,4970811.000000,A,1324849.000000,A
97,348,Hungary,15,Wheat,2017,5428.700000,A,5246258.000000,A,966400.000000,A
97,348,Hungary,15,Wheat,1972,3109.000000,A,4094570.000000,A,1317000.000000,A
100,356,India,15,Wheat,2021,3520.800000,A,109586500.000000,A,31125160.000000,A
100,356,India,15,Wheat,1966,826.800000,A,10394000.000000,A,12572000.000000,A
100,356,India,15,Wheat,2009,2907.100000,A,80679400.000000,A,27752400.000000,A
100,356,India,15,Wheat,1995,2559.000000,A,65767400.000000,A,25700000.000000,A
100,356,India,15,Wheat,1967,887.400000,A,11393000.000000,A,12838000.000000,A
100,356,India,15,Wheat,1986,2046.000000,A,47051808.000000,A,22997408.000000,A
100,356,India,15,Wheat,1972,1379.900000,A,26409904.000000,A,19138896.000000,A
102,364,Iran (Islamic Republic of),15,Wheat,1974,797.700000,A,4700000.000000,A,5892000.000000,A
102,364,Iran (Islamic Republic of),15,Wheat,2011,1360.800000,A,8677966.000000,A,6377003.000000,A
102,364,Iran (Islamic Republic of),15,Wheat,2022,2429.600000,E,13284000.000000,A,5467655.000000,I
102,364,Iran (Islamic Republic of),15,Wheat,2005,2058.500000,A,14307970.000000,A,6950720.000000,A
102,364,Iran (Islamic Republic of),15,Wheat,1995,1709.600000,A,11227545.900000,A,6567440.000000,A
102,364,Iran (Islamic Republic of),15,Wheat,1971,726.000000,A,3700000.000000,A,5096656.000000,A
102,364,Iran (Islamic Republic of),15,Wheat,2003,2096.900000,A,13439565.000000,A,6409406.000000,A
102,364,Iran (Islamic Republic of),15,Wheat,2008,1334.300000,A,6999977.400000,A,5246000.000000,A
102,364,Iran (Islamic Republic of),15,Wheat,1979,1125.800000,A,6025148.000000,A,5351698.000000,A
103,368,Iraq,15,Wheat,1979,635.400000,A,684800.000000,A,1077800.000000,A
103,368,Iraq,15,Wheat,1999,615.400000,X,800000.000000,X,1300000.000000,X
103,368,Iraq,15,Wheat,2001,740.500000,X,903400.000000,X,1220000.000000,X
103,368,Iraq,15,Wheat,1997,756.600000,X,1063000.000000,X,1405000.000000,X
103,368,Iraq,15,Wheat,2020,2944.500000,A,6238392.000000,A,2118691.000000,A
103,368,Iraq,15,Wheat,1964,620.800000,E,807013.000000,A,1300000.000000,E
103,368,Iraq,15,Wheat,2009,1875.600000,A,1700390.000000,A,906589.000000,A
103,368,Iraq,15,Wheat,1963,574.400000,E,488254.000000,A,850000.000000,E
103,368,Iraq,15,Wheat,1998,807.100000,X,1130000.000000,X,1400000.000000,X
104,372,Ireland,15,Wheat,2022,10430.500000,A,701240.000000,A,67230.000000,A
104,372,Ireland,15,Wheat,1990,8530.700000,A,598000.000000,A,70100.000000,A
104,372,Ireland,15,Wheat,1994,7719.300000,A,572000.000000,A,74100.000000,A
104,372,Ireland,15,Wheat,1964,3130.400000,A,271600.000000,A,86763.000000,A
104,372,Ireland,15,Wheat,2017,10167.200000,A,681679.000000,A,67047.000000,A
104,372,Ireland,15,Wheat,1986,5571.600000,A,424000.000000,A,76100.000000,A
104,372,Ireland,15,Wheat,1967,3879.700000,A,298000.000000,A,76810.000000,A
104,372,Ireland,15,Wheat,2021,10076.700000,A,628080.000000,A,62330.000000,A
104,372,Ireland,15,Wheat,2020,7765.900000,A,364920.000000,A,46990.000000,A
104,372,Ireland,15,Wheat,2005,8431.700000,A,802700.000000,A,95200.000000,A
104,372,Ireland,15,Wheat,1981,5801.200000,A,286000.000000,A,49300.000000,A
105,376,Israel,15,Wheat,2003,2531.200000,A,184300.000000,A,72810.000000,A
105,376,Israel,15,Wheat,2005,2345.800000,A,200800.000000,A,85600.000000,A
105,376,Israel,15,Wheat,2021,1334.600000,A,150000.000000,A,112390.000000,A
105,376,Israel,15,Wheat,1973,2400.400000,A,241500.000000,A,100610.000000,A
105,376,Israel,15,Wheat,1971,1766.300000,A,199500.000000,A,112950.000000,A
105,376,Israel,15,Wheat,1964,2265.800000,A,126500.000000,A,55830.000000,A
105,376,Israel,15,Wheat,1963,1044.900000,A,54700.000000,A,52350.000000,A
105,376,Israel,15,Wheat,1978,1920.900000,A,167000.000000,A,86940.000000,A
105,376,Israel,15,Wheat,2019,2052.100000,A,84750.000000,A,41300.000000,A
105,376,Israel,15,Wheat,2017,1611.600000,A,72200.000000,A,44800.000000,A
105,376,Israel,15,Wheat,1993,2718.300000,A,217000.000000,A,79830.000000,A
105,376,Israel,15,Wheat,1979,1556.400000,A,133200.000000,A,85580.000000,A
106,380,Italy,15,Wheat,2019,3840.900000,A,6739470.000000,A,1754640.000000,A
106,380,Italy,15,Wheat,1979,2601.300000,A,8980300.000000,A,3452300.000000,A
106,380,Italy,15,Wheat,1983,2615.500000,A,8717400.000000,A,3332993.000000,A
106,380,Italy,15,Wheat,1974,2579.700000,A,9576700.000000,A,3712300.000000,A
106,380,Italy,15,Wheat,2024,3659.700000,A,6213210.000000,A,1697750.000000,A
106,380,Italy,15,Wheat,1978,2647.000000,A,9190500.000000,A,3472000.000000,A
106,380,Italy,15,Wheat,2012,4129.300000,A,7654248.300000,A,1853637.000000,A
106,380,Italy,15,Wheat,1976,2569.400000,A,9105800.000000,A,3544000.000000,A
106,380,Italy,15,Wheat,1970,2341.200000,A,9688600.000000,A,4138372.000000,A
106,380,Italy,15,Wheat,1992,3550.600000,A,8938421.000000,A,2517407.000000,A
106,380,Italy,15,Wheat,1966,2199.200000,A,9399600.000000,A,4274116.000000,A
106,380,Italy,15,Wheat,2023,3691.700000,A,6894470.000000,A,1867560.000000,A
106,380,Italy,15,Wheat,1986,2902.800000,A,9102100.000000,A,3135660.000000,A
110,392,Japan,15,Wheat,1968,3139.000000,A,1012000.000000,A,322400.000000,A
110,392,Japan,15,Wheat,1969,2645.400000,A,757900.000000,A,286500.000000,A
110,392,Japan,15,Wheat,2014,4009.400000,A,852400.000000,A,212600.000000,A
110,392,Japan,15,Wheat,2017,4270.800000,A,906700.000000,A,212300.000000,A
110,392,Japan,15,Wheat,1989,3469.000000,A,984500.000000,A,283800.000000,A
110,392,Japan,15,Wheat,2011,3528.600000,A,746300.000000,A,211500.000000,A
110,392,Japan,15,Wheat,2007,4340.000000,A,910100.000000,A,209700.000000,A
112,400,Jordan,15,Wheat,2008,629.000000,A,7835.000000,A,12456.000000,A
112,400,Jordan,15,Wheat,1973,444.700000,A,50420.000000,A,113392.000000,A
112,400,Jordan,15,Wheat,1976,486.700000,A,66654.000000,A,136946.000000,A
112,400,Jordan,15,Wheat,1971,689.000000,A,168079.000000,A,243944.000000,A
112,400,Jordan,15,Wheat,1968,435.300000,A,95090.000000,A,218430.000000,A
112,400,Jordan,15,Wheat,2021,2097.300000,A,25806.000000,A,12305.000000,A
112,400,Jordan,15,Wheat,1967,739.900000,A,167200.000000,A,225980.000000,A
108,398,Kazakhstan,15,Wheat,2006,1134.800000,A,13460480.000000,A,11861200.000000,A
108,398,Kazakhstan,15,Wheat,2000,902.800000,A,9073460.000000,A,10050100.000000,A
108,398,Kazakhstan,15,Wheat,1992,1332.400000,A,18284600.000000,A,13722900.000000,A
108,398,Kazakhstan,15,Wheat,2009,1194.100000,A,17052020.000000,A,14279800.000000,A
108,398,Kazakhstan,15,Wheat,1996,683.500000,A,7678100.000000,A,11233900.000000,A
114,404,Kenya,15,Wheat,1966,1183.400000,A,128400.000000,A,108500.000000,A
114,404,Kenya,15,Wheat,1974,1641.300000,E,172332.000000,A,105000.000000,X
114,404,Kenya,15,Wheat,2009,1666.500000,A,219301.000000,A,131594.000000,A
118,414,Kuwait,15,Wheat,1984,,,0.000000,A,0.000000,A
118,414,Kuwait,15,Wheat,2006,4722.200000,A,510.000000,A,108.000000,A
118,414,Kuwait,15,Wheat,1999,2392.500000,A,445.000000,A,186.000000,A
118,414,Kuwait,15,Wheat,1970,,,0.000000,A,0.000000,A
118,414,Kuwait,15,Wheat,1985,250.000000,E,5.000000,A,20.000000,E
118,414,Kuwait,15,Wheat,2020,7000.000000,A,70.000000,A,10.000000,A
118,414,Kuwait,15,Wheat,2004,2375.000000,A,665.000000,A,280.000000,A
118,414,Kuwait,15,Wheat,1992,3000.000000,A,3.000000,A,1.000000,A
118,414,Kuwait,15,Wheat,2005,4801.900000,A,509.000000,A,106.000000,A
118,414,Kuwait,15,Wheat,1978,,,0.000000,A,0.000000,A
118,414,Kuwait,15,Wheat,1988,2875.000000,A,23.000000,A,8.000000,A
118,414,Kuwait,15,Wheat,2017,3142.900000,A,22.000000,A,7.000000,A
113,417,Kyrgyzstan,15,Wheat,1993,2455.500000,A,830700.000000,A,338300.000000,A
113,417,Kyrgyzstan,15,Wheat,2001,2488.300000,A,1190600.000000,A,478470.000000,A
113,417,Kyrgyzstan,15,Wheat,2024,2768.000000,A,664830.000000,A,240182.000000,A
113,417,Kyrgyzstan,15,Wheat,2004,2434.400000,A,998248.000000,A,410052.000000,A
113,417,Kyrgyzstan,15,Wheat,2011,2144.500000,A,799841.000000,A,372967.000000,A
113,417,Kyrgyzstan,15,Wheat,1994,1826.500000,A,608400.000000,A,333100.000000,A
113,417,Kyrgyzstan,15,Wheat,2007,1998.500000,A,708877.000000,A,354699.000000,A
113,417,Kyrgyzstan,15,Wheat,2012,1675.100000,A,540531.000000,A,322679.000000,A
113,417,Kyrgyzstan,15,Wheat,1999,2297.700000,A,1109107.000000,A,482700.000000,A
119,428,Latvia,15,Wheat,1995,2223.500000,A,243700.000000,A,109600.000000,A
119,428,Latvia,15,Wheat,2021,4481.100000,A,2407700.000000,A,537300.000000,A
119,428,Latvia,15,Wheat,2007,3594.400000,A,807300.000000,A,224600.000000,A
119,428,Latvia,15,Wheat,2008,3856.600000,A,989600.000000,A,256600.000000,A
119,428,Latvia,15,Wheat,1994,2107.800000,A,199400.000000,A,94600.000000,A
119,428,Latvia,15,Wheat,2018,3431.400000,A,1431600.000000,A,417200.000000,A
119,428,Latvia,15,Wheat,1992,2584.800000,A,332400.000000,A,128600.000000,A
119,428,Latvia,15,Wheat,2015,5030.400000,A,2250100.000000,A,447300.000000,A
119,428,Latvia,15,Wheat,2003,2791.400000,A,468400.000000,A,167800.000000,A
119,428,Latvia,15,Wheat,1998,2553.300000,A,385300.000000,A,150900.000000,A
119,428,Latvia,15,Wheat,2019,4812.300000,A,2371000.000000,A,492700.000000,A
121,422,Lebanon,15,Wheat,2010,2781.500000,E,83000.000000,X,29840.000000,A
121,422,Lebanon,15,Wheat,1962,1096.300000,A,75247.000000,A,68635.000000,A
121,422,Lebanon,15,Wheat,1970,904.200000,A,43005.000000,A,47562.000000,A
121,422,Lebanon,15,Wheat,1983,1111.100000,A,20000.000000,A,18000.000000,A
121,422,Lebanon,15,Wheat,1961,995.600000,A,68500.000000,A,68800.000000,A
121,422,Lebanon,15,Wheat,1987,1950.000000,A,49218.000000,A,25240.000000,A
121,422,Lebanon,15,Wheat,1998,2066.700000,A,80600.000000,A,39000.000000,A
121,422,Lebanon,15,Wheat,1976,1081.100000,E,40000.000000,X,37000.000000,E
121,422,Lebanon,15,Wheat,2000,2702.500000,A,108100.000000,A,40000.000000,A
121,422,Lebanon,15,Wheat,2009,2799.000000,A,111400.000000,A,39800.000000,A
122,426,Lesotho,15,Wheat,1993,733.000000,A,8127.000000,A,11088.000000,A
122,426,Lesotho,15,Wheat,1998,1481.000000,A,29641.000000,A,20014.000000,A
122,426,Lesotho,15,Wheat,1976,799.000000,A,44640.000000,A,55872.000000,A
122,426,Lesotho,15,Wheat,2007,200.200000,A,3158.000000,A,15774.000000,A
122,426,Lesotho,15,Wheat,2014,910.400000,A,12592.000000,A,13832.000000,A
122,426,Lesotho,15,Wheat,1988,643.300000,A,19237.000000,A,29904.000000,A
124,434,Libya,15,Wheat,1978,373.000000,A,99295.000000,A,266180.000000,A
124,434,Libya,15,Wheat,1979,416.700000,A,110000.000000,A,264000.000000,A
124,434,Libya,15,Wheat,1980,516.500000,A,140500.000000,A,272000.000000,A
124,434,Libya,15,Wheat,1966,296.400000,A,57788.000000,A,194935.000000,A
124,434,Libya,15,Wheat,1970,173.500000,A,27189.000000,A,156735.000000,A
124,434,Libya,15,Wheat,2020,771.500000,A,130000.000000,A,168500.000000,A
124,434,Libya,15,Wheat,1975,374.700000,A,75134.000000,A,200500.000000,A
124,434,Libya,15,Wheat,1995,731.300000,E,117000.000000,E,160000.000000,E
126,440,Lithuania,15,Wheat,2003,3578.300000,A,1204100.000000,A,336500.000000,A
126,440,Lithuania,15,Wheat,2001,3055.900000,A,1076300.000000,A,352200.000000,A
126,440,Lithuania,15,Wheat,2022,4735.000000,A,4482760.000000,A,946720.000000,A
126,440,Lithuania,15,Wheat,1992,2941.100000,A,833800.000000,A,283500.000000,A
256,442,Luxembourg,15,Wheat,2011,5529.000000,A,76839.000000,A,13897.000000,A
256,442,Luxembourg,15,Wheat,2016,5074.400000,A,70069.000000,A,13808.000000,A
129,450,Madagascar,15,Wheat,2000,2357.400000,E,9000.000000,E,3818.000000,I
129,450,Madagascar,15,Wheat,1979,1792.700000,A,147.000000,A,82.000000,A
129,450,Madagascar,15,Wheat,1992,2500.000000,E,10000.000000,A,4000.000000,E
129,450,Madagascar,15,Wheat,2005,2339.400000,E,10059.620000,I,4300.000000,E
129,450,Madagascar,15,Wheat,2015,2393.900000,E,5000.000000,X,2089.000000,I
129,450,Madagascar,15,Wheat,1962,,,0.000000,A,0.000000,A
129,450,Madagascar,15,Wheat,2022,2402.300000,E,2000.000000,X,833.000000,I
129,450,Madagascar,15,Wheat,1974,,,0.000000,A,0.000000,A
130,454,Malawi,15,Wheat,1986,850.600000,A,1287.000000,A,1513.000000,A
130,454,Malawi,15,Wheat,2011,1521.400000,A,1850.000000,A,1216.000000,A
130,454,Malawi,15,Wheat,1996,861.900000,A,2315.000000,A,2686.000000,A
130,454,Malawi,15,Wheat,1969,2216.700000,E,665.000000,A,300.000000,E
130,454,Malawi,15,Wheat,1978,2500.000000,E,500.000000,E,200.000000,E
130,454,Malawi,15,Wheat,2014,1226.200000,A,1160.000000,A,946.000000,A
130,454,Malawi,15,Wheat,1984,830.300000,A,1644.000000,A,1980.000000,A
130,454,Malawi,15,Wheat,1970,2591.400000,E,1814.000000,A,700.000000,E
130,454,Malawi,15,Wheat,1999,787.700000,A,1655.000000,A,2101.000000,A
133,466,Mali,15,Wheat,1986,676.200000,A,1013.000000,A,1498.000000,A
133,466,Mali,15,Wheat,1998,2492.500000,A,6680.000000,A,2680.000000,A
133,466,Mali,15,Wheat,1972,1333.300000,E,2000.000000,E,1500.000000,E
133,466,Mali,15,Wheat,1995,2104.000000,A,6150.000000,A,2923.000000,A
133,466,Mali,15,Wheat,1996,1965.800000,A,3159.000000,A,1607.000000,A
133,466,Mali,15,Wheat,1966,1333.300000,E,2000.000000,E,1500.000000,E
133,466,Mali,15,Wheat,1979,1333.300000,E,2000.000000,E,1500.000000,E
133,466,Mali,15,Wheat,1974,1333.300000,E,2000.000000,E,1500.000000,E
133,466,Mali,15,Wheat,1962,1400.000000,E,3500.000000,E,2500.000000,E
134,470,Malta,15,Wheat,1976,2778.200000,A,3106.000000,A,1118.000000,A
134,470,Malta,15,Wheat,1975,2202.600000,A,2337.000000,A,1061.000000,A
134,470,Malta,15,Wheat,1967,1432.200000,A,2217.000000,A,1548.000000,A
134,470,Malta,15,Wheat,1963,1600.500000,A,2953.000000,A,1845.000000,A
134,470,Malta,15,Wheat,2007,4285.700000,E,12000.000000,E,2800.000000,E
134,470,Malta,15,Wheat,1974,1838.800000,A,1780.000000,A,968.000000,A
134,470,Malta,15,Wheat,2021,,,0.000000,A,0.000000,A
134,470,Malta,15,Wheat,2019,,,0.000000,A,0.000000,A
136,478,Mauritania,15,Wheat,1976,595.200000,E,250.000000,E,420.000000,E
136,478,Mauritania,15,Wheat,2004,2490.600000,A,797.000000,A,320.000000,A
136,478,Mauritania,15,Wheat,2014,2020.300000,A,7059.000000,A,3494.000000,A
136,478,Mauritania,15,Wheat,1961,222.200000,E,100.000000,E,450.000000,E
136,478,Mauritania,15,Wheat,1985,1000.000000,E,500.000000,E,500.000000,E
136,478,Mauritania,15,Wheat,1990,1076.900000,E,560.000000,E,520.000000,E
136,478,Mauritania,15,Wheat,2022,2175.300000,E,2000.000000,X,919.000000,I
138,484,Mexico,15,Wheat,1988,4015.400000,A,3665126.000000,A,912762.000000,A
138,484,Mexico,15,Wheat,2017,5296.700000,A,3503521.000000,A,661450.000000,A
138,484,Mexico,15,Wheat,2024,5658.500000,A,2648377.740000,A,468036.000000,A
138,484,Mexico,15,Wheat,1996,4170.600000,A,3375008.000000,A,809240.000000,A
138,484,Mexico,15,Wheat,1970,3020.200000,A,2676451.000000,A,886169.000000,A
138,484,Mexico,15,Wheat,1967,2726.700000,A,2122389.000000,A,778374.000000,A
138,484,Mexico,15,Wheat,1969,2764.900000,A,2326055.000000,A,841279.000000,A
138,484,Mexico,15,Wheat,2020,5321.200000,A,2986689.240000,A,561282.000000,A
141,496,Mongolia,15,Wheat,2016,1315.400000,A,467052.790000,A,355075.000000,A
141,496,Mongolia,15,Wheat,2010,1380.500000,A,345458.000000,A,250233.000000,A
141,496,Mongolia,15,Wheat,1968,543.400000,A,188000.000000,A,346000.000000,A
141,496,Mongolia,15,Wheat,2012,1565.000000,A,465294.000000,A,297318.000000,A
141,496,Mongolia,15,Wheat,1989,1300.900000,A,686900.000000,A,528000.000000,A
141,496,Mongolia,15,Wheat,1984,999.200000,A,460400.000000,A,460765.000000,A
141,496,Mongolia,15,Wheat,1972,540.400000,A,169700.000000,A,314000.000000,A
141,496,Mongolia,15,Wheat,1993,903.800000,A,450200.000000,A,498100.000000,A
141,496,Mongolia,15,Wheat,2005,477.500000,A,73419.000000,A,153754.000000,A
141,496,Mongolia,15,Wheat,1990,1118.700000,A,596200.000000,A,532945.000000,A
141,496,Mongolia,15,Wheat,2017,853.800000,A,231364.350000,A,270989.000000,A
141,496,Mongolia,15,Wheat,1999,610.400000,A,166700.000000,A,273105.000000,A
273,499,Montenegro,15,Wheat,2007,2402.600000,A,752.000000,A,313.000000,A
273,499,Montenegro,15,Wheat,2009,3598.100000,A,1155.000000,A,321.000000,A
273,499,Montenegro,15,Wheat,2017,3213.500000,A,2462.500000,A,766.000000,A
273,499,Montenegro,15,Wheat,2016,3150.600000,A,2353.800000,A,747.000000,A
273,499,Montenegro,15,Wheat,2012,2798.400000,A,1444.000000,A,516.000000,A
273,499,Montenegro,15,Wheat,2014,2921.500000,A,2159.000000,A,739.000000,A
143,504,Morocco,15,Wheat,1994,1811.100000,A,5523210.000000,A,3049700.000000,A
143,504,Morocco,15,Wheat,1971,1090.800000,A,2188100.000000,A,2006000.000000,A
143,504,Morocco,15,Wheat,2002,1279.300000,A,3358680.000000,A,2625400.000000,A
143,504,Morocco,15,Wheat,1975,931.200000,A,1574820.000000,A,1691100.000000,A
143,504,Morocco,15,Wheat,2013,2164.000000,A,6933982.620000,A,3204231.000000,A
143,504,Morocco,15,Wheat,1967,739.900000,A,1506500.000000,A,2036000.000000,A
143,504,Morocco,15,Wheat,2014,1713.200000,A,5115884.220000,A,2986158.000000,A
143,504,Morocco,15,Wheat,1961,452.800000,A,720000.000000,A,1590000.000000,A
143,504,Morocco,15,Wheat,1983,997.100000,A,1970200.000000,A,1976000.000000,A
143,504,Morocco,15,Wheat,2005,1026.100000,A,3043080.000000,A,2965800.000000,A
143,504,Morocco,15,Wheat,2024,1388.400000,A,2441670.470000,A,1758589.000000,A
144,508,Mozambique,15,Wheat,1997,1132.800000,E,1066.480000,I,941.000000,I
144,508,Mozambique,15,Wheat,1994,1146.400000,E,1481.670000,I,1292.000000,I
144,508,Mozambique,15,Wheat,2011,1704.200000,A,20350.000000,A,11941.000000,A
144,508,Mozambique,15,Wheat,1969,866.700000,E,5200.000000,A,6000.000000,E
144,508,Mozambique,15,Wheat,1975,1000.000000,E,3000.000000,X,3000.000000,E
144,508,Mozambique,15,Wheat,2006,1235.300000,E,8400.000000,E,6800.000000,E
144,508,Mozambique,15,Wheat,1988,1250.000000,E,5000.000000,E,4000.000000,E
28,104,Myanmar,15,Wheat,2023,1379.300000,X,80000.000000,X,58000.000000,X
28,104,Myanmar,15,Wheat,2007,1579.200000,A,155300.000000,A,98339.000000,A
28,104,Myanmar,15,Wheat,1994,820.900000,A,87700.000000,A,106837.000000,A
28,104,Myanmar,15,Wheat,2009,1729.700000,A,179200.000000,A,103600.000000,A
28,104,Myanmar,15,Wheat,1969,468.400000,A,25846.000000,A,55177.000000,A
28,104,Myanmar,15,Wheat,1987,1730.000000,A,191755.000000,A,110843.000000,A
28,104,Myanmar,15,Wheat,1963,558.200000,A,32435.000000,A,58110.000000,A
28,104,Myanmar,15,Wheat,1997,1032.800000,A,90700.000000,A,87817.000000,A
28,104,Myanmar,15,Wheat,2006,1526.200000,A,140200.000000,A,91864.000000,A
28,104,Myanmar,15,Wheat,2022,1845.900000,A,96723.000000,A,52400.000000,A
147,516,Namibia,15,Wheat,1971,1750.000000,E,700.000000,E,400.000000,E
147,516,Namibia,15,Wheat,2012,6169.700000,E,14500.000000,X,2350.000000,I
147,516,Namibia,15,Wheat,1970,1750.000000,E,700.000000,E,400.000000,E
147,516,Namibia,15,Wheat,1980,2500.000000,E,1500.000000,E,600.000000,E
147,516,Namibia,15,Wheat,2004,4162.200000,A,8262.000000,A,1985.000000,A
147,516,Namibia,15,Wheat,2015,5639.500000,E,10147.710000,I,1799.000000,I
147,516,Namibia,15,Wheat,1993,4384.600000,A,5700.000000,A,1300.000000,A
147,516,Namibia,15,Wheat,1992,5193.300000,A,3116.000000,A,600.000000,A
147,516,Namibia,15,Wheat,1989,4866.700000,A,4380.000000,A,900.000000,A
147,516,Namibia,15,Wheat,1996,4384.600000,A,5700.000000,A,1300.000000,A
147,516,Namibia,15,Wheat,2002,6372.400000,A,10489.000000,A,1646.000000,A
149,524,Nepal,15,Wheat,2006,2074.500000,A,1394126.000000,A,672040.000000,A
149,524,Nepal,15,Wheat,1996,1550.000000,A,1012930.000000,A,653500.000000,A
149,524,Nepal,15,Wheat,2007,2156.300000,A,1515139.000000,A,702664.000000,A
149,524,Nepal,15,Wheat,2016,2328.800000,A,1736848.580000,A,745823.000000,A
149,524,Nepal,15,Wheat,1993,1246.000000,A,765000.000000,A,613980.000000,A
149,524,Nepal,15,Wheat,1963,1228.400000,A,137578.000000,A,112000.000000,A
149,524,Nepal,15,Wheat,2008,2225.200000,A,1572065.000000,A,706481.000000,A
149,524,Nepal,15,Wheat,1965,1260.000000,A,126000.000000,A,100000.000000,A
149,524,Nepal,15,Wheat,1967,1261.900000,A,159000.000000,A,126000.000000,A
149,524,Nepal,15,Wheat,2000,1793.100000,A,1183530.000000,A,660040.000000,A
150,528,Netherlands (Kingdom of the),15,Wheat,1971,4968.700000,A,705799.000000,A,142048.000000,A
150,528,Netherlands (Kingdom of the),15,Wheat,1964,4706.400000,A,712060.000000,A,151297.000000,A
150,528,Netherlands (Kingdom of the),15,Wheat,1994,8067.400000,A,981000.000000,A,121600.000000,A
150,528,Netherlands (Kingdom of the),15,Wheat,2003,8743.900000,A,1130100.000000,A,129245.000000,A
150,528,Netherlands (Kingdom of the),15,Wheat,1962,4547.500000,A,603062.000000,A,132613.000000,A
150,528,Netherlands (Kingdom of the),15,Wheat,2023,8467.000000,A,1096820.000000,A,129540.000000,A
150,528,Netherlands (Kingdom of the),15,Wheat,1998,7695.600000,A,1072000.000000,A,139300.000000,A
150,528,Netherlands (Kingdom of the),15,Wheat,1987,6935.900000,A,768850.000000,A,110851.000000,A
150,528,Netherlands (Kingdom of the),15,Wheat,2017,9093.500000,A,1054151.000000,A,115923.000000,A
150,528,Netherlands (Kingdom of the),15,Wheat,2009,9291.900000,A,1402040.000000,A,150888.000000,A
150,528,Netherlands (Kingdom of the),15,Wheat,2000,8359.200000,A,1142700.000000,A,136700.000000,A
150,528,Netherlands (Kingdom of the),15,Wheat,1972,4311.100000,A,673482.000000,A,156221.000000,A
150,528,Netherlands (Kingdom of the),15,Wheat,1988,7227.300000,A,827139.000000,A,114447.000000,A
150,528,Netherlands (Kingdom of the),15,Wheat,1978,6566.500000,A,792250.000000,A,120650.000000,A
153,540,New Caledonia,15,Wheat,1996,1873.000000,E,102.000000,A,54.000000,I
153,540,New Caledonia,15,Wheat,1972,2500.000000,E,50.000000,E,20.000000,E
153,540,New Caledonia,15,Wheat,1964,2500.000000,E,100.000000,E,40.000000,E
153,540,New Caledonia,15,Wheat,1995,1940.000000,E,97.000000,A,50.000000,E
153,540,New Caledonia,15,Wheat,1965,2500.000000,E,100.000000,E,40.000000,E
153,540,New Caledonia,15,Wheat,1998,1975.000000,E,79.000000,A,40.000000,E
153,540,New Caledonia,15,Wheat,1975,3000.000000,A,72.000000,A,24.000000,A
153,540,New Caledonia,15,Wheat,2002,,,0.000000,A,0.000000,E
156,554,New Zealand,15,Wheat,2018,8959.600000,A,371026.790000,A,41411.000000,A
156,554,New Zealand,15,Wheat,2000,6209.500000,A,326000.000000,A,52500.000000,A
156,554,New Zealand,15,Wheat,1980,3557.400000,A,305768.000000,A,85952.000000,A
156,554,New Zealand,15,Wheat,1971,3339.000000,A,325646.000000,A,97528.000000,A
156,554,New Zealand,15,Wheat,2009,7491.800000,A,403463.000000,A,53854.000000,A
156,554,New Zealand,15,Wheat,2010,8124.100000,A,444890.000000,A,54762.000000,A
156,554,New Zealand,15,Wheat,1973,3492.200000,A,376111.000000,A,107700.000000,A
156,554,New Zealand,15,Wheat,1995,4682.300000,A,245173.000000,A,52362.000000,A
156,554,New Zealand,15,Wheat,1962,2828.500000,A,213233.000000,A,75387.000000,A
156,554,New Zealand,15,Wheat,1964,3319.500000,A,273990.000000,A,82540.000000,A
156,554,New Zealand,15,Wheat,1981,4009.200000,A,325723.000000,A,81243.000000,A
158,562,Niger,15,Wheat,2002,1060.600000,E,3500.000000,A,3300.000000,E
158,562,Niger,15,Wheat,1963,1276.600000,A,817.000000,A,640.000000,A
158,562,Niger,15,Wheat,1983,1190.500000,E,2500.000000,A,2100.000000,E
158,562,Niger,15,Wheat,1986,1980.200000,E,8000.000000,X,4040.000000,E
158,562,Niger,15,Wheat,1981,1000.000000,E,1700.000000,A,1700.000000,E
158,562,Niger,15,Wheat,2024,3069.300000,A,6803.000000,A,2216.000000,A
158,562,Niger,15,Wheat,1964,1169.800000,A,930.000000,A,795.000000,A
158,562,Niger,15,Wheat,2019,2836.800000,A,4919.880000,A,1734.000000,A
158,562,Niger,15,Wheat,2011,1977.000000,A,1291.000000,A,653.000000,A
158,562,Niger,15,Wheat,2017,2753.600000,A,6003.390000,A,2180.000000,A
158,562,Niger,15,Wheat,1973,935.800000,A,772.000000,A,825.000000,A
159,566,Nigeria,15,Wheat,2021,3125.500000,A,36944.000000,A,11820.000000,A
159,566,Nigeria,15,Wheat,1978,2000.000000,E,20000.000000,A,10000.000000,E
159,566,Nigeria,15,Wheat,1989,1200.000000,X,60000.000000,X,50000.000000,X
159,566,Nigeria,15,Wheat,2024,1574.100000,E,43926.980000,I,27906.000000,I
159,566,Nigeria,15,Wheat,1982,2600.000000,E,26000.000000,A,10000.000000,X
159,566,Nigeria,15,Wheat,2011,1279.100000,E,165000.000000,X,128992.000000,I
159,566,Nigeria,15,Wheat,2013,1000.000000,X,80000.000000,X,80000.000000,X
159,566,Nigeria,15,Wheat,2007,1692.300000,A,44000.000000,A,26000.000000,A
159,566,Nigeria,15,Wheat,1973,1428.600000,E,15000.000000,A,10500.000000,E
159,566,Nigeria,15,Wheat,2017,1677.900000,A,82758.000000,A,49322.000000,A
159,566,Nigeria,15,Wheat,1963,1777.800000,A,16000.000000,A,9000.000000,A
159,566,Nigeria,15,Wheat,2016,1000.000000,X,60000.000000,X,60000.000000,X
159,566,Nigeria,15,Wheat,1983,1857.100000,E,26000.000000,A,14000.000000,X
159,566,Nigeria,15,Wheat,2009,1666.700000,E,80000.000000,E,48000.000000,E
154,807,North Macedonia,15,Wheat,2010,3044.300000,A,243137.000000,A,79865.000000,A
154,807,North Macedonia,15,Wheat,1994,2754.500000,A,336133.000000,A,122031.000000,A
154,807,North Macedonia,15,Wheat,2013,3197.800000,A,258960.000000,A,80980.000000,A
154,807,North Macedonia,15,Wheat,2008,3410.100000,A,291719.000000,A,85545.000000,A
154,807,North Macedonia,15,Wheat,1996,2292.200000,A,269303.000000,A,117486.000000,A
154,807,North Macedonia,15,Wheat,1995,2930.400000,A,381226.000000,A,130092.000000,A
154,807,North Macedonia,15,Wheat,2003,2176.100000,A,225490.000000,A,103620.000000,A
154,807,North Macedonia,15,Wheat,2009,3075.600000,A,271117.000000,A,88151.000000,A
154,807,North Macedonia,15,Wheat,2023,3094.900000,A,215165.000000,A,69522.000000,A
162,578,Norway,15,Wheat,2008,4865.300000,A,453300.000000,A,93170.000000,A
162,578,Norway,15,Wheat,2004,4766.800000,A,406800.000000,A,85340.000000,A
162,578,Norway,15,Wheat,1989,3653.800000,A,139600.000000,A,38207.000000,A
162,578,Norway,15,Wheat,1982,4528.800000,A,75500.000000,A,16671.000000,A
162,578,Norway,15,Wheat,2013,3884.100000,A,213000.000000,A,54839.000000,A
162,578,Norway,15,Wheat,2020,4765.800000,A,322500.000000,A,67670.000000,A
162,578,Norway,15,Wheat,2002,4099.400000,A,261500.000000,A,63790.000000,A
221,512,Oman,15,Wheat,2007,3050.900000,A,947.000000,A,310.000000,A
221,512,Oman,15,Wheat,2001,3182.600000,A,1429.000000,A,449.000000,A
221,512,Oman,15,Wheat,2009,3097.500000,A,1874.000000,A,605.000000,A
221,512,Oman,15,Wheat,1991,2307.700000,E,1200.000000,E,520.000000,E
221,512,Oman,15,Wheat,1990,2380.000000,A,1190.000000,A,500.000000,A
221,512,Oman,15,Wheat,1975,1666.700000,E,3000.000000,X,1800.000000,E
221,512,Oman,15,Wheat,1995,2368.400000,E,1350.000000,E,570.000000,E
221,512,Oman,15,Wheat,1983,3778.100000,A,1141.000000,A,302.000000,A
221,512,Oman,15,Wheat,2000,3189.600000,A,1413.000000,A,443.000000,A
221,512,Oman,15,Wheat,1968,1541.700000,E,1850.000000,E,1200.000000,E
221,512,Oman,15,Wheat,2017,4284.200000,A,3980.000000,A,929.000000,A
221,512,Oman,15,Wheat,1998,2566.700000,A,770.000000,A,300.000000,A
221,512,Oman,15,Wheat,2005,3191.900000,A,865.000000,A,271.000000,A
221,512,Oman,15,Wheat,1979,496.700000,E,150.000000,E,302.000000,A
221,512,Oman,15,Wheat,1993,2363.600000,E,1300.000000,E,550.000000,E
165,586,Pakistan,15,Wheat,1962,817.800000,A,4026000.000000,A,4923000.000000,A
165,586,Pakistan,15,Wheat,2012,2713.800000,A,23473400.000000,A,8649800.000000,A
165,586,Pakistan,15,Wheat,1990,1824.900000,A,14315500.000000,A,7844500.000000,A
165,586,Pakistan,15,Wheat,1993,1946.600000,A,16156500.000000,A,8299700.000000,A
165,586,Pakistan,15,Wheat,2006,2518.600000,A,21276900.000000,A,8447900.000000,A
165,586,Pakistan,15,Wheat,2003,2387.800000,A,19183300.000000,A,8033900.000000,A
165,586,Pakistan,15,Wheat,1961,822.200000,A,3814000.000000,A,4639000.000000,A
165,586,Pakistan,15,Wheat,1971,1083.300000,A,6475693.000000,A,5977609.000000,A
299,275,Palestine,15,Wheat,2008,1387.100000,A,31826.000000,A,22944.000000,A
299,275,Palestine,15,Wheat,2018,2366.600000,A,69080.000000,A,29190.000000,A
299,275,Palestine,15,Wheat,2001,1212.200000,A,24983.000000,A,20609.000000,A
169,600,Paraguay,15,Wheat,1999,958.400000,A,180088.000000,A,187900.000000,A
169,600,Paraguay,15,Wheat,1962,700.000000,A,7000.000000,A,10000.000000,A
169,600,Paraguay,15,Wheat,1990,1657.100000,A,259337.000000,A,156498.000000,A
169,600,Paraguay,15,Wheat,1978,1200.000000,A,37801.000000,A,31500.000000,A
169,600,Paraguay,15,Wheat,2005,2191.800000,A,800000.000000,A,365000.000000,A
169,600,Paraguay,15,Wheat,2003,2200.000000,A,715000.000000,A,325000.000000,A
169,600,Paraguay,15,Wheat,2023,2163.400000,A,968789.000000,A,447800.000000,A
169,600,Paraguay,15,Wheat,1983,1201.600000,E,102138.000000,A,85000.000000,X
169,600,Paraguay,15,Wheat,2004,2200.000000,A,715000.000000,A,325000.000000,A
169,600,Paraguay,15,Wheat,1968,1013.300000,A,32000.000000,A,31580.000000,A
169,600,Paraguay,15,Wheat,2022,2246.100000,A,972872.000000,A,433144.000000,A
169,600,Paraguay,15,Wheat,1971,1064.100000,A,54800.000000,A,51500.000000,A
169,600,Paraguay,15,Wheat,1993,2213.100000,A,425421.000000,A,192230.000000,A
169,600,Paraguay,15,Wheat,1976,1208.700000,A,29251.000000,A,24200.000000,A
170,604,Peru,15,Wheat,2023,1743.000000,A,194004.080000,A,111306.000000,A
170,604,Peru,15,Wheat,2008,1383.900000,A,206936.000000,A,149528.000000,A
170,604,Peru,15,Wheat,2020,1633.400000,A,186835.000000,A,114387.000000,A
170,604,Peru,15,Wheat,1998,1164.800000,A,146640.000000,A,125894.000000,A
170,604,Peru,15,Wheat,2004,1387.200000,A,170411.000000,A,122841.000000,A
170,604,Peru,15,Wheat,2006,1336.000000,A,191082.000000,A,143030.000000,A
170,604,Peru,15,Wheat,1988,1322.800000,A,152804.000000,A,115513.000000,A
170,604,Peru,15,Wheat,2015,1552.900000,A,214849.000000,A,138357.000000,A
170,604,Peru,15,Wheat,1976,952.000000,A,127497.000000,A,133925.000000,A
173,616,Poland,15,Wheat,1992,3063.500000,A,7368097.000000,A,2405097.000000,A
173,616,Poland,15,Wheat,2014,4972.100000,A,11628670.000000,A,2338782.000000,A
173,616,Poland,15,Wheat,1977,2894.600000,A,5308265.000000,A,1833867.000000,A
173,616,Poland,15,Wheat,1970,2321.100000,A,4607800.000000,A,1985200.000000,A
173,616,Poland,15,Wheat,2022,5239.400000,A,13195120.000000,A,2518440.000000,A
173,616,Poland,15,Wheat,1967,2240.400000,A,3857600.000000,A,1721800.000000,A
173,616,Poland,15,Wheat,1987,3723.900000,A,7941554.000000,A,2132600.000000,A
173,616,Poland,15,Wheat,2003,3404.700000,A,7858160.000000,A,2308045.000000,A
173,616,Poland,15,Wheat,2016,4580.200000,A,10827902.000000,A,2364078.000000,A
173,616,Poland,15,Wheat,1991,3803.200000,A,9269974.000000,A,2437393.000000,A
173,616,Poland,15,Wheat,1984,3522.000000,A,6010201.000000,A,1706480.000000,A
174,620,Portugal,15,Wheat,1970,937.500000,A,564098.000000,A,601700.000000,A
174,620,Portugal,15,Wheat,1988,1376.800000,A,405818.000000,A,294754.000000,A
174,620,Portugal,15,Wheat,1993,1686.100000,A,421838.000000,A,250189.000000,A
174,620,Portugal,15,Wheat,1987,1647.300000,A,534224.000000,A,324310.000000,A
174,620,Portugal,15,Wheat,1997,1190.500000,A,329271.000000,A,276593.000000,A
174,620,Portugal,15,Wheat,2022,1994.200000,A,61920.000000,A,31050.000000,A
174,620,Portugal,15,Wheat,2017,2054.200000,A,59610.000000,A,29019.000000,A
174,620,Portugal,15,Wheat,2008,2302.800000,A,203289.000000,A,88279.000000,A
174,620,Portugal,15,Wheat,1994,1966.700000,A,462536.000000,A,235187.000000,A
174,620,Portugal,15,Wheat,1966,608.700000,A,323549.000000,A,531569.000000,A
174,620,Portugal,15,Wheat,2011,1200.200000,A,51003.000000,A,42496.000000,A
174,620,Portugal,15,Wheat,2015,2023.200000,A,80393.000000,A,39736.000000,A
179,634,Qatar,15,Wheat,1974,1333.300000,E,20.000000,A,15.000000,E
179,634,Qatar,15,Wheat,2019,2333.300000,A,1.400000,A,1.000000,A
179,634,Qatar,15,Wheat,1980,2351.900000,A,127.000000,A,54.000000,A
179,634,Qatar,15,Wheat,1968,,,0.000000,A,0.000000,A
179,634,Qatar,15,Wheat,1972,1500.000000,E,15.000000,A,10.000000,E
179,634,Qatar,15,Wheat,1993,2310.300000,A,201.000000,A,87.000000,A
179,634,Qatar,15,Wheat,1986,2363.600000,A,130.000000,A,55.000000,A
179,634,Qatar,15,Wheat,1992,2308.800000,A,157.000000,A,68.000000,A
179,634,Qatar,15,Wheat,2012,2285.700000,A,48.000000,A,21.000000,A
179,634,Qatar,15,Wheat,2003,2333.300000,A,28.000000,A,12.000000,A
179,634,Qatar,15,Wheat,2017,2285.700000,A,16.000000,A,7.000000,A
117,410,Republic of Korea,15,Wheat,2023,4466.300000,A,51809.000000,A,11600.000000,A
117,410,Republic of Korea,15,Wheat,1981,2901.100000,A,57128.000000,A,19692.000000,A
117,410,Republic of Korea,15,Wheat,2018,3907.300000,A,25788.000000,A,6600.000000,A
117,410,Republic of Korea,15,Wheat,2006,3342.900000,A,5810.000000,A,1738.000000,A
117,410,Republic of Korea,15,Wheat,1985,3425.700000,A,10517.000000,A,3070.000000,A
117,410,Republic of Korea,15,Wheat,1980,3299.700000,A,91957.000000,A,27868.000000,A
117,410,Republic of Korea,15,Wheat,1983,4221.300000,A,111637.000000,A,26446.000000,A
117,410,Republic of Korea,15,Wheat,2022,4184.800000,A,34562.000000,A,8259.000000,A
117,410,Republic of Korea,15,Wheat,1961,2265.700000,A,172000.000000,A,75915.000000,A
117,410,Republic of Korea,15,Wheat,1962,2009.300000,A,164000.000000,A,81621.000000,A
117,410,Republic of Korea,15,Wheat,2011,3348.400000,A,43677.000000,A,13044.000000,A
146,498,Republic of Moldova,15,Wheat,2019,3259.600000,A,1147482.000000,A,352033.000000,A
146,498,Republic of Moldova,15,Wheat,2017,3730.900000,A,1250702.000000,A,335232.000000,A
183,642,Romania,15,Wheat,1983,2216.000000,A,4935000.000000,A,2226959.000000,A
183,642,Romania,15,Wheat,2023,4152.400000,A,9624070.000000,A,2317690.000000,A
183,642,Romania,15,Wheat,1997,3010.300000,A,7156188.000000,A,2377199.000000,A
183,642,Romania,15,Wheat,1965,1990.000000,A,5937000.000000,A,2983400.000000,A
183,642,Romania,15,Wheat,1988,3594.200000,A,8528000.000000,A,2372700.000000,A
183,642,Romania,15,Wheat,2009,2430.500000,A,5202526.000000,A,2140549.000000,A
183,642,Romania,15,Wheat,2022,4004.400000,A,8684240.000000,A,2168660.000000,A
183,642,Romania,15,Wheat,1990,3235.100000,A,7289344.000000,A,2253213.000000,A
183,642,Romania,15,Wheat,1991,2540.600000,A,5473156.000000,A,2154318.000000,A
183,642,Romania,15,Wheat,1989,3380.800000,A,7840000.000000,A,2319000.000000,A
183,642,Romania,15,Wheat,1976,2808.700000,A,6724200.000000,A,2394100.000000,A
183,642,Romania,15,Wheat,1978,2671.200000,A,6102000.000000,A,2284395.000000,A
183,642,Romania,15,Wheat,1980,2790.900000,A,6264000.000000,A,2244404.000000,A
183,642,Romania,15,Wheat,1971,2237.400000,A,5595400.000000,A,2500900.000000,A
183,642,Romania,15,Wheat,1963,1321.600000,A,3798800.000000,A,2874400.000000,A
183,642,Romania,15,Wheat,1993,2329.100000,A,5314104.000000,A,2281621.000000,A
183,642,Romania,15,Wheat,2008,3422.200000,A,7180984.000000,A,2098369.000000,A
183,642,Romania,15,Wheat,2014,3598.400000,A,7584814.000000,A,2107813.000000,A
183,642,Romania,15,Wheat,2012,2659.300000,A,5297748.000000,A,1992180.000000,A
185,643,Russian Federation,15,Wheat,2020,2975.900000,A,85896325.700000,A,28864312.000000,A
185,643,Russian Federation,15,Wheat,2019,2701.600000,A,74452692.000000,A,27558617.000000,A
185,643,Russian Federation,15,Wheat,2002,2068.100000,A,50622106.000000,A,24477700.000000,A
185,643,Russian Federation,15,Wheat,1999,1569.100000,A,30996953.000000,A,19755200.000000,A
185,643,Russian Federation,15,Wheat,2008,2445.900000,A,63765140.000000,A,26070300.000000,A
185,643,Russian Federation,15,Wheat,2012,1772.700000,A,37719640.000000,A,21277882.000000,A
185,643,Russian Federation,15,Wheat,1994,1449.800000,A,32128210.000000,A,22160500.000000,A
185,643,Russian Federation,15,Wheat,2024,3064.100000,E,82588000.000000,X,26953256.000000,I
185,643,Russian Federation,15,Wheat,2021,2724.400000,A,76060948.400000,A,27918333.000000,A
185,643,Russian Federation,15,Wheat,2013,2228.800000,A,52090797.000000,A,23371410.000000,A
184,646,Rwanda,15,Wheat,2024,1271.600000,A,16416.600000,A,12910.000000,A
184,646,Rwanda,15,Wheat,1970,900.000000,A,1251.000000,A,1390.000000,A
184,646,Rwanda,15,Wheat,2009,925.500000,E,7988.470000,I,8632.000000,I
184,646,Rwanda,15,Wheat,2017,1015.700000,A,10926.270000,A,10758.000000,A
184,646,Rwanda,15,Wheat,1988,1067.300000,A,8100.000000,A,7589.000000,A
184,646,Rwanda,15,Wheat,1972,899.800000,A,2298.000000,A,2554.000000,A
184,646,Rwanda,15,Wheat,1998,726.300000,A,4140.000000,A,5700.000000,A
184,646,Rwanda,15,Wheat,2011,965.900000,E,8464.560000,I,8764.000000,I
184,646,Rwanda,15,Wheat,1992,893.600000,E,12600.000000,A,14099.000000,I
194,682,Saudi Arabia,15,Wheat,1997,4449.700000,A,1794900.000000,A,403371.000000,A
194,682,Saudi Arabia,15,Wheat,2009,5883.300000,A,1152447.000000,A,195884.000000,A
194,682,Saudi Arabia,15,Wheat,1996,4382.100000,A,1200000.000000,A,273842.000000,A
194,682,Saudi Arabia,15,Wheat,2018,6533.400000,A,586413.000000,A,89756.000000,A
194,682,Saudi Arabia,15,Wheat,1974,1842.300000,A,153385.000000,A,83257.000000,A
194,682,Saudi Arabia,15,Wheat,1978,2001.700000,A,119928.000000,A,59912.000000,A
194,682,Saudi Arabia,15,Wheat,1973,2044.600000,A,63719.000000,A,31165.000000,A
194,682,Saudi Arabia,15,Wheat,2004,5306.600000,A,2775678.000000,A,523061.000000,A
194,682,Saudi Arabia,15,Wheat,1987,4402.100000,A,2648773.000000,A,601703.000000,A
194,682,Saudi Arabia,15,Wheat,1981,2547.300000,A,187231.000000,A,73502.000000,A
194,682,Saudi Arabia,15,Wheat,1994,4550.300000,A,2646023.000000,A,581509.000000,A
272,688,Serbia,15,Wheat,2023,5054.900000,A,3448700.000000,A,682246.000000,A
272,688,Serbia,15,Wheat,2007,3332.700000,A,1863811.000000,A,559257.000000,A
272,688,Serbia,15,Wheat,2017,4092.000000,A,2275622.580000,A,556115.000000,A
272,688,Serbia,15,Wheat,2020,4944.700000,A,2873503.490000,A,581128.000000,A
272,688,Serbia,15,Wheat,2024,5283.000000,A,2900536.060000,A,549032.000000,A
186,891,Serbia and Montenegro,15,Wheat,2001,3656.300000,A,2534200.000000,A,693100.000000,A
186,891,Serbia and Montenegro,15,Wheat,1993,3408.900000,A,3048749.000000,A,894353.000000,A
199,703,Slovakia,15,Wheat,2005,4311.100000,A,1607868.000000,A,372962.000000,A
199,703,Slovakia,15,Wheat,2011,4495.300000,A,1631112.000000,A,362845.000000,A
199,703,Slovakia,15,Wheat,2019,4766.600000,A,1939130.000000,A,406820.000000,A
199,703,Slovakia,15,Wheat,2023,6123.000000,A,2490600.000000,A,406760.000000,A
199,703,Slovakia,15,Wheat,2007,3824.900000,A,1379643.000000,A,360698.000000,A
199,703,Slovakia,15,Wheat,2018,4779.600000,A,1927930.000000,A,403370.000000,A
199,703,Slovakia,15,Wheat,2016,5843.400000,A,2434213.000000,A,416578.000000,A
198,705,Slovenia,15,Wheat,2008,4526.500000,A,160297.000000,A,35413.000000,A
198,705,Slovenia,15,Wheat,2003,3454.300000,A,122920.000000,A,35585.000000,A
198,705,Slovenia,15,Wheat,1999,3708.700000,A,117251.000000,A,31615.000000,A
198,705,Slovenia,15,Wheat,2016,5186.300000,A,163165.000000,A,31461.000000,A
198,705,Slovenia,15,Wheat,2021,5765.200000,A,154450.000000,A,26790.000000,A
198,705,Slovenia,15,Wheat,2014,5230.200000,A,173245.000000,A,33124.000000,A
198,705,Slovenia,15,Wheat,2013,4352.800000,A,138235.000000,A,31758.000000,A
198,705,Slovenia,15,Wheat,2007,4161.600000,A,133339.000000,A,32040.000000,A
201,706,Somalia,15,Wheat,2018,397.100000,E,1049.620000,I,2643.000000,I
201,706,Somalia,15,Wheat,1969,,,0.000000,A,0.000000,A
201,706,Somalia,15,Wheat,2013,400.000000,E,1000.000000,E,2500.000000,E
201,706,Somalia,15,Wheat,1986,361.100000,E,1300.000000,E,3600.000000,E
201,706,Somalia,15,Wheat,1999,372.200000,E,938.290000,I,2521.000000,I
202,710,South Africa,15,Wheat,1973,924.000000,A,1871000.000000,A,2025000.000000,A
202,710,South Africa,15,Wheat,1969,711.400000,A,1316000.000000,A,1850000.000000,A
202,710,South Africa,15,Wheat,2016,3757.100000,A,1910000.000000,A,508365.000000,A
202,710,South Africa,15,Wheat,1991,1491.600000,A,2142000.000000,A,1436000.000000,A
202,710,South Africa,15,Wheat,1965,482.400000,A,656000.000000,A,1360000.000000,A
202,710,South Africa,15,Wheat,1977,1027.900000,A,1879000.000000,A,1828000.000000,A
202,710,South Africa,15,Wheat,1989,1090.600000,A,2010000.000000,A,1843000.000000,A
202,710,South Africa,15,Wheat,1966,483.200000,A,548000.000000,A,1134000.000000,A
202,710,South Africa,15,Wheat,2002,2590.600000,A,2437745.000000,A,941000.000000,A
202,710,South Africa,15,Wheat,2007,3014.200000,A,1905000.000000,A,632000.000000,A
203,724,Spain,15,Wheat,1965,1107.700000,A,4719000.000000,A,4260000.000000,A
203,724,Spain,15,Wheat,2001,2300.300000,A,5007698.000000,A,2177005.000000,A
203,724,Spain,15,Wheat,2018,4032.800000,A,8322510.000000,A,2063680.000000,A
203,724,Spain,15,Wheat,1993,2449.200000,A,4972971.000000,A,2030479.000000,A
203,724,Spain,15,Wheat,1968,1340.100000,A,5315000.000000,A,3966000.000000,A
203,724,Spain,15,Wheat,1976,1600.300000,A,4436200.000000,A,2772100.000000,A
203,724,Spain,15,Wheat,2012,2371.800000,A,5189828.000000,A,2188171.000000,A
276,729,Sudan,15,Wheat,2022,2525.300000,X,476270.000000,X,188600.000000,X
276,729,Sudan,15,Wheat,2016,2381.000000,A,516000.000000,A,216720.000000,A
206,736,Sudan (former),15,Wheat,1983,1862.100000,A,176000.000000,A,94518.000000,A
206,736,Sudan (former),15,Wheat,1963,1363.500000,A,30940.000000,A,22692.000000,A
206,736,Sudan (former),15,Wheat,1977,1086.800000,A,289000.000000,A,265911.000000,A
206,736,Sudan (former),15,Wheat,1991,1481.900000,A,686000.000000,A,462928.000000,A
206,736,Sudan (former),15,Wheat,2000,2326.600000,A,214000.000000,A,91980.000000,A
206,736,Sudan (former),15,Wheat,1990,1585.700000,A,409000.000000,A,257929.000000,A
206,736,Sudan (former),15,Wheat,1989,1497.000000,A,247000.000000,A,165000.000000,A
206,736,Sudan (former),15,Wheat,1970,945.800000,A,115300.000000,A,121907.000000,A
206,736,Sudan (former),15,Wheat,2008,1945.800000,A,587000.000000,A,301680.000000,A
210,752,Sweden,15,Wheat,1971,4053.400000,A,994930.000000,A,245455.000000,A
210,752,Sweden,15,Wheat,1963,3016.900000,A,695500.000000,A,230533.000000,A
210,752,Sweden,15,Wheat,2009,6077.600000,A,2277900.000000,A,374800.000000,A
210,752,Sweden,15,Wheat,2002,6148.700000,A,2088100.000000,A,339599.000000,A
210,752,Sweden,15,Wheat,1999,6023.600000,A,1658900.000000,A,275400.000000,A
210,752,Sweden,15,Wheat,2001,5941.200000,A,2371500.000000,A,399165.000000,A
210,752,Sweden,15,Wheat,1967,4445.700000,A,1130330.000000,A,254250.000000,A
210,752,Sweden,15,Wheat,1964,4105.300000,A,1064510.000000,A,259300.000000,A
210,752,Sweden,15,Wheat,2011,5378.600000,A,2253100.000000,A,418900.000000,A
210,752,Sweden,15,Wheat,2016,6320.400000,A,2834500.000000,A,448470.000000,A
210,752,Sweden,15,Wheat,1996,6059.700000,A,2030000.000000,A,335000.000000,A
211,756,Switzerland,15,Wheat,2000,5947.700000,A,568700.000000,A,95617.000000,A
211,756,Switzerland,15,Wheat,1965,3226.700000,A,352400.000000,A,109213.000000,A
211,756,Switzerland,15,Wheat,1984,6262.300000,A,596800.000000,A,95300.000000,A
211,756,Switzerland,15,Wheat,1992,5511.400000,A,535209.000000,A,97110.000000,A
211,756,Switzerland,15,Wheat,1986,5098.000000,A,491700.000000,A,96450.000000,A
211,756,Switzerland,15,Wheat,2020,6218.600000,A,528720.000000,A,85023.000000,A
211,756,Switzerland,15,Wheat,1962,3864.800000,A,419800.000000,A,108620.000000,A
211,756,Switzerland,15,Wheat,1968,3852.100000,A,416100.000000,A,108020.000000,A
212,760,Syrian Arab Republic,15,Wheat,1962,969.600000,A,1374175.000000,A,1417303.000000,A
212,760,Syrian Arab Republic,15,Wheat,1977,796.800000,A,1217214.000000,A,1527718.000000,A
212,760,Syrian Arab Republic,15,Wheat,1976,1125.700000,A,1790109.000000,A,1590259.000000,A
212,760,Syrian Arab Republic,15,Wheat,1999,1679.000000,A,2691504.000000,A,1603020.000000,A
212,760,Syrian Arab Republic,15,Wheat,2009,2575.400000,A,3701784.000000,A,1437387.000000,A
212,760,Syrian Arab Republic,15,Wheat,1964,745.400000,A,1100000.000000,A,1475789.000000,A
212,760,Syrian Arab Republic,15,Wheat,1974,1060.300000,A,1629896.000000,A,1537220.000000,A
212,760,Syrian Arab Republic,15,Wheat,2011,2536.600000,A,3858331.000000,A,1521038.000000,A
212,760,Syrian Arab Republic,15,Wheat,1986,1793.300000,A,1969000.000000,A,1098000.000000,A
208,762,Tajikistan,15,Wheat,2009,3034.300000,A,1088591.000000,A,358766.000000,A
208,762,Tajikistan,15,Wheat,2001,1309.800000,A,387314.000000,A,295700.000000,A
208,762,Tajikistan,15,Wheat,1997,1268.700000,A,452209.000000,A,356423.000000,A
216,764,Thailand,15,Wheat,1994,700.000000,E,700.000000,X,1000.000000,E
216,764,Thailand,15,Wheat,1999,693.100000,E,791.740000,I,1142.000000,I
216,764,Thailand,15,Wheat,1968,,,0.000000,A,0.000000,A
216,764,Thailand,15,Wheat,2023,1023.000000,E,1321.480000,E,1292.000000,I
216,764,Thailand,15,Wheat,2001,701.000000,E,701.020000,I,1000.000000,E
216,764,Thailand,15,Wheat,2006,792.200000,E,1000.000000,E,1262.000000,I
216,764,Thailand,15,Wheat,1988,554.600000,A,330.000000,A,595.000000,A
216,764,Thailand,15,Wheat,2012,869.600000,E,1000.000000,E,1150.000000,E
216,764,Thailand,15,Wheat,2016,1036.300000,E,1303.890000,I,1258.000000,I
222,788,Tunisia,15,Wheat,2024,2145.500000,X,1150000.000000,X,536000.000000,X
222,788,Tunisia,15,Wheat,2009,2103.800000,A,1653600.000000,A,786000.000000,A
222,788,Tunisia,15,Wheat,1967,733.300000,E,550000.000000,E,750000.000000,E
222,788,Tunisia,15,Wheat,1978,792.800000,A,750000.000000,A,946000.000000,A
222,788,Tunisia,15,Wheat,1983,664.500000,A,618000.000000,A,930000.000000,A
222,788,Tunisia,15,Wheat,1974,902.100000,E,857000.000000,A,950000.000000,E
222,788,Tunisia,15,Wheat,2017,1636.000000,A,1104300.000000,A,675000.000000,A
222,788,Tunisia,15,Wheat,1971,776.500000,E,660000.000000,A,850000.000000,E
222,788,Tunisia,15,Wheat,2018,1734.500000,A,1075400.000000,A,620000.000000,A
222,788,Tunisia,15,Wheat,1976,810.000000,E,810000.000000,A,1000000.000000,E
222,788,Tunisia,15,Wheat,1989,754.000000,A,420000.000000,A,557000.000000,A
222,788,Tunisia,15,Wheat,1997,1106.100000,E,884900.000000,A,800000.000000,E
222,788,Tunisia,15,Wheat,2015,1398.500000,A,912570.000000,A,652530.000000,A
222,788,Tunisia,15,Wheat,2002,1414.400000,A,422200.000000,A,298500.000000,A
222,788,Tunisia,15,Wheat,2010,1892.300000,A,822000.000000,A,434400.000000,A
222,788,Tunisia,15,Wheat,1962,800.000000,E,640000.000000,E,800000.000000,E
222,788,Tunisia,15,Wheat,2004,1663.400000,E,1722000.000000,X,1035200.000000,A
222,788,Tunisia,15,Wheat,2016,1822.700000,A,926592.000000,A,508375.000000,A
222,788,Tunisia,15,Wheat,1969,685.700000,E,480000.000000,E,700000.000000,E
213,795,Turkmenistan,15,Wheat,2024,1632.100000,E,1330000.000000,E,814915.000000,I
213,795,Turkmenistan,15,Wheat,2008,1100.000000,A,996160.000000,A,905600.000000,A
213,795,Turkmenistan,15,Wheat,1997,1425.200000,A,706900.000000,A,496000.000000,A
213,795,Turkmenistan,15,Wheat,2021,2007.600000,E,1300000.000000,E,647528.000000,I
213,795,Turkmenistan,15,Wheat,2002,3186.300000,X,2326000.000000,X,730000.000000,X
213,795,Turkmenistan,15,Wheat,2017,1796.100000,A,1587860.260000,A,884065.000000,A
213,795,Turkmenistan,15,Wheat,2011,1361.900000,A,1168220.000000,A,857800.000000,A
223,792,Türkiye,15,Wheat,2014,2429.400000,A,19000000.000000,A,7820750.000000,A
223,792,Türkiye,15,Wheat,1968,1149.800000,A,9603000.000000,A,8352000.000000,A
223,792,Türkiye,15,Wheat,1985,1836.400000,A,17032000.000000,A,9274500.000000,A
223,792,Türkiye,15,Wheat,1998,2256.400000,A,21000000.000000,A,9306675.000000,A
223,792,Türkiye,15,Wheat,1980,1848.400000,A,16554000.000000,A,8956000.000000,A
223,792,Türkiye,15,Wheat,2009,2566.400000,A,20600000.000000,A,8026898.000000,A
223,792,Türkiye,15,Wheat,1966,1204.000000,A,9715000.000000,A,8069000.000000,A
223,792,Türkiye,15,Wheat,1972,1409.600000,A,12275000.000000,A,8708000.000000,A
223,792,Türkiye,15,Wheat,2006,2359.500000,A,20010000.000000,A,8480730.000000,A
223,792,Türkiye,15,Wheat,2019,2781.100000,A,19000000.000000,A,6831854.000000,A
223,792,Türkiye,15,Wheat,1995,1931.500000,A,18000000.000000,A,9319180.000000,A
223,792,Türkiye,15,Wheat,1990,2122.700000,A,20022000.000000,A,9432309.000000,A
228,810,USSR,15,Wheat,1975,1004.300000,A,62250000.000000,A,61985008.000000,A
228,810,USSR,15,Wheat,1985,1456.300000,A,73200000.000000,A,50265008.000000,A
228,810,USSR,15,Wheat,1977,1397.200000,A,86668000.000000,A,62030000.000000,A
228,810,USSR,15,Wheat,1964,1030.200000,A,69935008.000000,A,67887008.000000,A
228,810,USSR,15,Wheat,1967,1085.800000,A,72774000.000000,A,67026000.000000,A
228,810,USSR,15,Wheat,1987,1656.500000,A,77331008.000000,A,46684000.000000,A
226,800,Uganda,15,Wheat,1971,1750.000000,A,7000.000000,A,4000.000000,A
226,800,Uganda,15,Wheat,1988,2166.700000,A,13000.000000,A,6000.000000,A
226,800,Uganda,15,Wheat,2014,1576.900000,A,22076.000000,A,14000.000000,A
226,800,Uganda,15,Wheat,1985,2000.000000,A,8000.000000,A,4000.000000,A
226,800,Uganda,15,Wheat,2011,1769.200000,A,23000.000000,A,13000.000000,A
226,800,Uganda,15,Wheat,1967,2734.600000,A,1329.000000,A,486.000000,A
226,800,Uganda,15,Wheat,1982,2000.000000,A,10000.000000,A,5000.000000,A
226,800,Uganda,15,Wheat,2005,1666.700000,A,15000.000000,A,9000.000000,A
226,800,Uganda,15,Wheat,1969,1666.700000,E,5000.000000,E,3000.000000,A
226,800,Uganda,15,Wheat,1980,2125.000000,A,17000.000000,A,8000.000000,A
226,800,Uganda,15,Wheat,1976,2412.100000,A,12000.000000,A,4975.000000,A
226,800,Uganda,15,Wheat,2013,1428.600000,A,20000.000000,A,14000.000000,A
226,800,Uganda,15,Wheat,1999,1833.300000,A,11000.000000,A,6000.000000,A
226,800,Uganda,15,Wheat,1961,,,0.000000,A,0.000000,A
226,800,Uganda,15,Wheat,2000,1714.300000,A,12000.000000,A,7000.000000,A
230,804,Ukraine,15,Wheat,1998,2647.900000,A,14936600.000000,A,5641000.000000,A
230,804,Ukraine,15,Wheat,2004,3166.100000,A,17520200.000000,A,5533700.000000,A
230,804,Ukraine,15,Wheat,2011,3353.300000,A,22323600.000000,A,6657300.000000,A
230,804,Ukraine,15,Wheat,2020,3795.000000,A,24912350.000000,A,6564500.000000,A
230,804,Ukraine,15,Wheat,2001,3102.000000,A,21348000.000000,A,6882000.000000,A
230,804,Ukraine,15,Wheat,2007,2342.000000,A,13937700.000000,A,5951300.000000,A
230,804,Ukraine,15,Wheat,2006,2530.800000,A,13947300.000000,A,5511000.000000,A
225,784,United Arab Emirates,15,Wheat,1987,1106.300000,A,874.000000,A,790.000000,A
225,784,United Arab Emirates,15,Wheat,1971,,,0.000000,A,0.000000,A
225,784,United Arab Emirates,15,Wheat,2002,3411.800000,A,116.000000,A,34.000000,A
225,784,United Arab Emirates,15,Wheat,1990,2216.500000,A,2877.000000,A,1298.000000,A
225,784,United Arab Emirates,15,Wheat,1986,1185.700000,A,1175.000000,A,991.000000,A
225,784,United Arab Emirates,15,Wheat,2012,,,,M,,M
229,826,United Kingdom of Great Britain and Northern Ireland,15,Wheat,2012,6657.100000,A,13261000.000000,A,1992000.000000,A
229,826,United Kingdom of Great Britain and Northern Ireland,15,Wheat,1992,6819.400000,A,14093267.000000,A,2066657.000000,A
229,826,United Kingdom of Great Britain and Northern Ireland,15,Wheat,1974,4971.200000,A,6131587.000000,A,1233432.000000,A
229,826,United Kingdom of Great Britain and Northern Ireland,15,Wheat,1985,6333.300000,A,12046000.000000,A,1902000.000000,A
229,826,United Kingdom of Great Britain and Northern Ireland,15,Wheat,2019,8934.500000,A,16225000.000000,A,1816000.000000,A
229,826,United Kingdom of Great Britain and Northern Ireland,15,Wheat,1973,4365.400000,A,5004535.000000,A,1146412.000000,A
229,826,United Kingdom of Great Britain and Northern Ireland,15,Wheat,2005,7960.900000,A,14863000.000000,A,1867000.000000,A
229,826,United Kingdom of Great Britain and Northern Ireland,15,Wheat,1983,6371.700000,A,10800000.000000,A,1695000.000000,A
229,826,United Kingdom of Great Britain and Northern Ireland,15,Wheat,1980,5878.200000,A,8470000.000000,A,1440909.000000,A
229,826,United Kingdom of Great Britain and Northern Ireland,15,Wheat,1986,6965.900000,A,13911000.000000,A,1997000.000000,A
229,826,United Kingdom of Great Britain and Northern Ireland,15,Wheat,1991,7251.900000,A,14362419.000000,A,1980495.000000,A
229,826,United Kingdom of Great Britain and Northern Ireland,15,Wheat,1968,3547.100000,A,3470000.000000,A,978269.000000,A
229,826,United Kingdom of Great Britain and Northern Ireland,15,Wheat,2014,8578.600000,A,16606009.000000,A,1935737.000000,A
229,826,United Kingdom of Great Britain and Northern Ireland,15,Wheat,2021,7814.500000,A,13988000.000000,A,1790000.000000,A
215,834,United Republic of Tanzania,15,Wheat,1997,1386.900000,A,78500.000000,A,56600.000000,A
215,834,United Republic of Tanzania,15,Wheat,2008,1004.600000,A,43360.000000,A,43160.000000,A
215,834,United Republic of Tanzania,15,Wheat,1976,1306.100000,A,64000.000000,A,49000.000000,A
215,834,United Republic of Tanzania,15,Wheat,2017,1183.900000,A,50467.000000,A,42629.000000,A
215,834,United Republic of Tanzania,15,Wheat,2003,2752.000000,A,74000.000000,A,26890.000000,A
215,834,United Republic of Tanzania,15,Wheat,1977,1929.800000,E,55000.000000,A,28500.000000,E
215,834,United Republic of Tanzania,15,Wheat,1978,1346.200000,E,70000.000000,A,52000.000000,E
215,834,United Republic of Tanzania,15,Wheat,2005,2883.800000,A,102000.000000,A,35370.000000,A
215,834,United Republic of Tanzania,15,Wheat,2010,1142.900000,A,62370.000000,A,54570.000000,A
215,834,United Republic of Tanzania,15,Wheat,2024,1375.700000,E,119000.000000,A,86500.000000,I
215,834,United Republic of Tanzania,15,Wheat,2011,1040.400000,A,112658.000000,A,108287.000000,A
215,834,United Republic of Tanzania,15,Wheat,1995,1381.700000,A,75300.000000,A,54500.000000,A
215,834,United Republic of Tanzania,15,Wheat,1970,950.000000,E,57000.000000,A,60000.000000,E
215,834,United Republic of Tanzania,15,Wheat,1982,1278.900000,A,58000.000000,A,45350.000000,A
231,840,United States of America,15,Wheat,2023,3269.400000,A,49313930.000000,A,15083610.000000,A
231,840,United States of America,15,Wheat,1993,2569.900000,A,65222000.000000,A,25378900.000000,A
231,840,United States of America,15,Wheat,1964,1734.400000,A,34928000.000000,A,20138000.000000,A
231,840,United States of America,15,Wheat,1971,2282.900000,A,44052800.000000,A,19297168.000000,A
231,840,United States of America,15,Wheat,1980,2251.300000,A,64799504.000000,A,28783600.000000,A
231,840,United States of America,15,Wheat,1967,1737.500000,A,41030784.000000,A,23614288.000000,A
231,840,United States of America,15,Wheat,1977,2062.900000,A,55671056.000000,A,26986496.000000,A
231,840,United States of America,15,Wheat,1970,2086.500000,A,36784000.000000,A,17629488.000000,A
231,840,United States of America,15,Wheat,2017,3117.500000,A,47379810.000000,A,15198130.000000,A
234,858,Uruguay,15,Wheat,1963,668.300000,A,236540.000000,A,353950.000000,A
234,858,Uruguay,15,Wheat,2018,2279.800000,A,440000.000000,A,193000.000000,A
234,858,Uruguay,15,Wheat,1968,882.900000,A,469790.000000,A,532100.000000,A
234,858,Uruguay,15,Wheat,1972,1008.300000,A,186543.000000,A,185000.000000,A
234,858,Uruguay,15,Wheat,1977,539.000000,A,173235.000000,A,321428.000000,A
234,858,Uruguay,15,Wheat,1992,2303.500000,A,342300.000000,A,148600.000000,A
234,858,Uruguay,15,Wheat,1978,795.200000,A,174269.000000,A,219143.000000,A
234,858,Uruguay,15,Wheat,1969,992.100000,A,446882.000000,A,450460.000000,A
234,858,Uruguay,15,Wheat,1999,1953.700000,A,383900.000000,A,196500.000000,A
234,858,Uruguay,15,Wheat,1986,1243.000000,A,231730.000000,A,186426.000000,A
235,860,Uzbekistan,15,Wheat,2022,4987.800000,A,6270058.700000,A,1257071.000000,A
235,860,Uzbekistan,15,Wheat,2023,5266.200000,A,6471502.470000,A,1228865.000000,A
235,860,Uzbekistan,15,Wheat,2016,4802.300000,A,6934876.000000,A,1444064.000000,A
235,860,Uzbekistan,15,Wheat,2014,4782.100000,A,6955976.000000,A,1454600.000000,A
235,860,Uzbekistan,15,Wheat,1994,1515.000000,A,1452100.000000,A,958500.000000,A
235,860,Uzbekistan,15,Wheat,2018,4126.000000,A,5410760.000000,A,1311376.000000,A
235,860,Uzbekistan,15,Wheat,2000,2717.400000,A,3684200.000000,A,1355800.000000,A
236,862,Venezuela (Bolivarian Republic of),15,Wheat,2018,2670.500000,A,1151.000000,A,431.000000,A
236,862,Venezuela (Bolivarian Republic of),15,Wheat,1978,380.900000,A,571.000000,A,1499.000000,A
236,862,Venezuela (Bolivarian Republic of),15,Wheat,2001,2743.700000,E,585.000000,A,213.000000,I
236,862,Venezuela (Bolivarian Republic of),15,Wheat,2012,2986.300000,A,218.000000,A,73.000000,A
236,862,Venezuela (Bolivarian Republic of),15,Wheat,1993,419.100000,E,310.000000,A,740.000000,I
236,862,Venezuela (Bolivarian Republic of),15,Wheat,1961,540.300000,A,1228.000000,A,2273.000000,A
236,862,Venezuela (Bolivarian Republic of),15,Wheat,2022,2583.100000,A,762.000000,A,295.000000,A
236,862,Venezuela (Bolivarian Republic of),15,Wheat,1976,405.200000,A,560.000000,A,1382.000000,A
236,862,Venezuela (Bolivarian Republic of),15,Wheat,1977,395.500000,A,558.000000,A,1411.000000,A
236,862,Venezuela (Bolivarian Republic of),15,Wheat,1975,366.900000,A,532.000000,A,1450.000000,A
236,862,Venezuela (Bolivarian Republic of),15,Wheat,1981,399.200000,A,420.000000,A,1052.000000,A
236,862,Venezuela (Bolivarian Republic of),15,Wheat,2016,3000.000000,A,139.500000,A,47.000000,A
236,862,Venezuela (Bolivarian Republic of),15,Wheat,1992,376.500000,E,310.000000,A,823.000000,I
236,862,Venezuela (Bolivarian Republic of),15,Wheat,2007,3000.000000,A,213.000000,A,71.000000,A
249,887,Yemen,15,Wheat,2014,1720.600000,A,192215.000000,A,111716.000000,A
249,887,Yemen,15,Wheat,1961,1307.700000,E,34000.000000,E,26000.000000,E
249,887,Yemen,15,Wheat,1992,1565.200000,A,152170.000000,A,97222.000000,A
249,887,Yemen,15,Wheat,1974,1119.500000,A,101984.000000,A,91094.000000,A
249,887,Yemen,15,Wheat,1996,1409.600000,A,144926.000000,A,102815.000000,A
249,887,Yemen,15,Wheat,2001,1618.500000,A,152742.000000,A,94371.000000,A
249,887,Yemen,15,Wheat,1997,1230.200000,A,129175.000000,A,105007.000000,A
249,887,Yemen,15,Wheat,1979,1086.400000,X,88000.000000,X,81000.000000,X
249,887,Yemen,15,Wheat,1995,1683.100000,A,170929.000000,A,101554.000000,A
249,887,Yemen,15,Wheat,1999,1620.700000,A,139563.000000,A,86112.000000,A
249,887,Yemen,15,Wheat,2004,1232.300000,A,103265.000000,A,83801.000000,A
249,887,Yemen,15,Wheat,2015,1669.200000,A,124940.000000,A,74850.000000,A
249,887,Yemen,15,Wheat,2021,1583.600000,E,115943.920000,I,73214.000000,I
249,887,Yemen,15,Wheat,1987,1518.500000,A,112527.000000,A,74102.000000,A
249,887,Yemen,15,Wheat,2011,1866.700000,A,232339.000000,A,124463.000000,A
249,887,Yemen,15,Wheat,1989,1721.800000,A,162572.000000,A,94420.000000,A
248,890,Yugoslav SFR,15,Wheat,1967,2561.300000,A,4823000.000000,A,1883000.000000,A
248,890,Yugoslav SFR,15,Wheat,1991,4266.100000,A,6599700.000000,A,1547000.000000,A
248,890,Yugoslav SFR,15,Wheat,1971,2904.100000,A,5605000.000000,A,1930000.000000,A
248,890,Yugoslav SFR,15,Wheat,1980,3358.200000,A,5091000.000000,A,1516000.000000,A
251,894,Zambia,15,Wheat,1991,4384.100000,A,65236.000000,A,14880.000000,A
251,894,Zambia,15,Wheat,2001,6666.700000,X,80000.000000,X,12000.000000,X
251,894,Zambia,15,Wheat,1982,3818.900000,A,14130.000000,A,3700.000000,A
251,894,Zambia,15,Wheat,1964,1475.900000,A,214.000000,A,145.000000,A
251,894,Zambia,15,Wheat,2007,6151.100000,A,115843.000000,A,18833.000000,A
251,894,Zambia,15,Wheat,1990,4393.800000,A,55011.000000,A,12520.000000,A
251,894,Zambia,15,Wheat,1992,4100.400000,A,54490.000000,A,13289.000000,A
251,894,Zambia,15,Wheat,1977,3359.000000,A,5324.000000,A,1585.000000,A
251,894,Zambia,15,Wheat,1996,5577.100000,A,57595.000000,A,10327.000000,A
251,894,Zambia,15,Wheat,2006,5494.600000,E,93958.000000,A,17100.000000,X
251,894,Zambia,15,Wheat,2021,6790.500000,A,205881.950000,A,30319.000000,A
251,894,Zambia,15,Wheat,2000,6210.200000,A,75000.000000,A,12077.000000,A
181,716,Zimbabwe,15,Wheat,1967,2690.700000,E,14051.000000,A,5222.000000,X
181,716,Zimbabwe,15,Wheat,2014,2215.000000,E,40000.000000,E,18059.000000,I
181,716,Zimbabwe,15,Wheat,2000,5400.000000,A,229775.000000,A,42551.000000,A
181,716,Zimbabwe,15,Wheat,1982,5133.500000,A,191880.000000,A,37378.000000,A
181,716,Zimbabwe,15,Wheat,1976,4244.100000,A,141433.000000,A,33325.000000,A
181,716,Zimbabwe,15,Wheat,2023,4632.600000,E,466000.000000,X,100592.000000,I
181,716,Zimbabwe,15,Wheat,1961,1467.300000,A,807.000000,A,550.000000,A
181,716,Zimbabwe,15,Wheat,1972,3678.300000,A,82037.000000,A,22303.000000,A
1,51,Armenia,15,Wheat,2001,2226.300000,A,241679.000000,A,108554.000000,A
1,51,Armenia,15,Wheat,1992,2160.000000,E,141483.000000,A,65500.000000,X
1,51,Armenia,15,Wheat,2012,2601.000000,A,243130.000000,A,93476.000000,A
1,51,Armenia,15,Wheat,2014,3226.000000,A,338158.000000,A,104823.000000,A
1,51,Armenia,15,Wheat,2011,2880.000000,A,224082.000000,A,77806.000000,A
2,4,Afghanistan,15,Wheat,1986,1189.000000,A,1925000.000000,A,1619000.000000,A
2,4,Afghanistan,15,Wheat,1974,1207.400000,A,2750000.000000,A,2277600.000000,A
2,4,Afghanistan,15,Wheat,2024,2260.900000,X,5200000.000000,X,2300000.000000,X
2,4,Afghanistan,15,Wheat,2002,1541.900000,A,2686000.000000,A,1742000.000000,A
2,4,Afghanistan,15,Wheat,1978,1198.000000,A,2813000.000000,A,2348000.000000,A
2,4,Afghanistan,15,Wheat,1985,1227.700000,X,2081000.000000,X,1695000.000000,X
2,4,Afghanistan,15,Wheat,2001,897.700000,A,1597000.000000,A,1779000.000000,A
2,4,Afghanistan,15,Wheat,2018,2210.000000,A,3613300.000000,A,1635000.000000,A
2,4,Afghanistan,15,Wheat,1979,1231.700000,A,2663000.000000,A,2162000.000000,A
2,4,Afghanistan,15,Wheat,1975,1212.800000,A,2850000.000000,A,2350000.000000,A
2,4,Afghanistan,15,Wheat,1984,1231.900000,X,2194000.000000,X,1781000.000000,X
2,4,Afghanistan,15,Wheat,1966,866.600000,A,2033000.000000,A,2346000.000000,A
3,8,Albania,15,Wheat,2021,4130.500000,A,225170.900000,A,54514.000000,A
3,8,Albania,15,Wheat,1991,2069.800000,A,297340.000000,A,143658.000000,A
3,8,Albania,15,Wheat,1993,2997.600000,A,464498.000000,A,154959.000000,A
3,8,Albania,15,Wheat,1973,2009.700000,E,333000.000000,X,165700.000000,A
3,8,Albania,15,Wheat,1967,1355.000000,A,163261.000000,A,120486.000000,A
3,8,Albania,15,Wheat,1988,3201.000000,A,637000.000000,A,199000.000000,A
4,12,Algeria,15,Wheat,1986,808.400000,A,1228800.000000,A,1520000.000000,A
4,12,Algeria,15,Wheat,1962,804.500000,A,1507000.000000,A,1873300.000000,A
4,12,Algeria,15,Wheat,1965,605.700000,A,1325240.000000,A,2187990.000000,A
4,12,Algeria,15,Wheat,1982,596.500000,A,977070.000000,A,1637900.000000,A
4,12,Algeria,15,Wheat,1991,1080.900000,A,1869400.000000,A,1729440.000000,A
4,12,Algeria,15,Wheat,1980,729.700000,A,1511426.000000,A,2071250.000000,A
7,24,Angola,15,Wheat,1980,583.300000,E,7000.000000,E,12000.000000,E
7,24,Angola,15,Wheat,1991,800.000000,A,2560.000000,A,3200.000000,A
7,24,Angola,15,Wheat,1972,1159.200000,E,15070.000000,A,13000.000000,X
7,24,Angola,15,Wheat,1969,943.000000,E,14145.000000,A,15000.000000,E
7,24,Angola,15,Wheat,2000,1702.500000,E,4000.000000,X,2349.000000,I
7,24,Angola,15,Wheat,2020,669.500000,E,4375.000000,A,6535.000000,I
7,24,Angola,15,Wheat,1992,800.000000,A,2800.000000,A,3500.000000,A
7,24,Angola,15,Wheat,1997,1552.900000,E,5503.120000,I,3544.000000,I
7,24,Angola,15,Wheat,1961,1111.100000,E,20000.000000,E,18000.000000,E
7,24,Angola,15,Wheat,1965,1111.100000,E,20000.000000,X,18000.000000,E
7,24,Angola,15,Wheat,1970,854.600000,E,11965.000000,A,14000.000000,E
7,24,Angola,15,Wheat,2014,977.900000,E,4782.760000,I,4891.000000,I
7,24,Angola,15,Wheat,2002,1548.500000,E,4000.000000,X,2583.000000,I
7,24,Angola,15,Wheat,2012,1131.700000,E,4826.700000,I,4265.000000,I
7,24,Angola,15,Wheat,2017,931.000000,E,5342.070000,I,5738.000000,I
7,24,Angola,15,Wheat,1976,1000.000000,X,13000.000000,X,13000.000000,X
7,24,Angola,15,Wheat,1979,533.300000,E,8000.000000,E,15000.000000,E
9,32,Argentina,15,Wheat,1998,2304.700000,A,12443000.000000,A,5399080.000000,A
9,32,Argentina,15,Wheat,1988,1834.400000,A,8596900.000000,A,4686615.000000,A
9,32,Argentina,15,Wheat,1999,2486.800000,A,15302560.000000,A,6153440.000000,A
9,32,Argentina,15,Wheat,1983,1840.500000,A,13111400.000000,A,7123800.000000,A
9,32,Argentina,15,Wheat,1978,1739.600000,A,8469400.000000,A,4868600.000000,A
9,32,Argentina,15,Wheat,1965,1321.200000,A,6079000.000000,A,4601200.000000,A
9,32,Argentina,15,Wheat,1972,1591.100000,A,7900000.000000,A,4965100.000000,A
9,32,Argentina,15,Wheat,2020,2759.500000,A,17644277.000000,A,6394102.000000,A
9,32,Argentina,15,Wheat,1969,1352.300000,A,7020000.000000,A,5191300.000000,A
9,32,Argentina,15,Wheat,2008,1963.300000,A,8376452.000000,A,4266430.000000,A
9,32,Argentina,15,Wheat,2021,3382.500000,A,22150287.000000,A,6548477.000000,A
9,32,Argentina,15,Wheat,2011,3225.100000,A,14500519.000000,A,4496078.000000,A
10,36,Australia,15,Wheat,1994,1135.600000,A,8961000.000000,A,7890690.000000,A
10,36,Australia,15,Wheat,1964,1384.100000,A,10036954.000000,A,7251495.000000,A
10,36,Australia,15,Wheat,1971,1205.700000,A,8606000.000000,A,7137852.000000,A
10,36,Australia,15,Wheat,1970,1217.900000,A,7889918.000000,A,6478418.000000,A
10,36,Australia,15,Wheat,2005,2021.300000,A,25150343.000000,A,12442719.000000,A
10,36,Australia,15,Wheat,2021,2847.000000,A,36237477.230000,A,12728252.000000,A
10,36,Australia,15,Wheat,1980,962.200000,A,10856000.000000,A,11283051.000000,A
10,36,Australia,15,Wheat,2007,1078.800000,A,13569378.000000,A,12578309.000000,A
10,36,Australia,15,Wheat,1984,1545.500000,A,18666032.000000,A,12078000.000000,A
10,36,Australia,15,Wheat,2006,917.300000,A,10821628.000000,A,11797888.000000,A
11,40,Austria,15,Wheat,1977,3758.800000,A,1071848.000000,A,285158.000000,A
11,40,Austria,15,Wheat,1989,4901.500000,A,1362951.000000,A,278068.000000,A
11,40,Austria,15,Wheat,2013,5374.300000,A,1597706.420000,A,297286.000000,A
11,40,Austria,15,Wheat,2015,5696.200000,A,1725736.810000,A,302965.000000,A
11,40,Austria,15,Wheat,2020,5923.400000,A,1652740.000000,A,279020.000000,A
11,40,Austria,15,Wheat,1988,5343.600000,A,1559993.000000,A,291938.000000,A
11,40,Austria,15,Wheat,1987,4528.400000,A,1450734.000000,A,320366.000000,A
11,40,Austria,15,Wheat,1999,5434.800000,A,1416200.000000,A,260579.000000,A
15,58,Belgium-Luxembourg,15,Wheat,1965,3970.100000,A,910564.000000,A,229353.000000,A
15,58,Belgium-Luxembourg,15,Wheat,1977,4104.400000,A,795361.000000,A,193782.000000,A
15,58,Belgium-Luxembourg,15,Wheat,1967,4259.400000,A,922910.000000,A,216676.000000,A
15,58,Belgium-Luxembourg,15,Wheat,1986,6740.400000,A,1324314.000000,A,196473.000000,A
15,58,Belgium-Luxembourg,15,Wheat,1993,7130.300000,A,1511632.000000,A,212000.000000,A
15,58,Belgium-Luxembourg,15,Wheat,1988,6524.200000,A,1319644.000000,A,202268.000000,A
15,58,Belgium-Luxembourg,15,Wheat,1985,6252.200000,A,1215493.000000,A,194409.000000,A
16,50,Bangladesh,15,Wheat,2015,3086.000000,A,1348000.000000,A,436814.000000,A
16,50,Bangladesh,15,Wheat,2002,2164.400000,A,1606000.000000,A,742000.000000,A
16,50,Bangladesh,15,Wheat,1974,898.700000,A,110929.000000,A,123437.000000,A
16,50,Bangladesh,15,Wheat,2020,3097.000000,A,1029000.000000,A,332254.000000,A
16,50,Bangladesh,15,Wheat,1986,1928.200000,A,1041825.000000,A,540310.000000,A
16,50,Bangladesh,15,Wheat,1971,888.000000,A,111800.000000,A,125900.000000,A
16,50,Bangladesh,15,Wheat,2019,3078.000000,A,1016811.000000,A,330348.000000,A
16,50,Bangladesh,15,Wheat,2017,3157.600000,A,1311473.000000,A,415339.000000,A
16,50,Bangladesh,15,Wheat,1989,1824.600000,A,1021950.000000,A,560096.000000,A
16,50,Bangladesh,15,Wheat,2004,1952.700000,A,1253380.000000,A,641875.000000,A
16,50,Bangladesh,15,Wheat,2001,2164.300000,A,1673000.000000,A,773000.000000,A
16,50,Bangladesh,15,Wheat,1976,1453.500000,A,218174.000000,A,150102.000000,A
18,64,Bhutan,15,Wheat,2023,1145.600000,A,837.010000,A,731.000000,A
18,64,Bhutan,15,Wheat,1966,1018.200000,E,5600.000000,E,5500.000000,E
18,64,Bhutan,15,Wheat,1986,916.700000,E,11000.000000,X,12000.000000,E
18,64,Bhutan,15,Wheat,1968,1016.900000,E,6000.000000,E,5900.000000,E
18,64,Bhutan,15,Wheat,2006,1348.100000,A,9100.000000,A,6750.000000,A
18,64,Bhutan,15,Wheat,1984,1136.600000,A,12071.000000,A,10620.000000,A
18,64,Bhutan,15,Wheat,1989,638.600000,A,4100.000000,A,6420.000000,A
18,64,Bhutan,15,Wheat,2005,1275.400000,A,11306.000000,A,8865.000000,A
18,64,Bhutan,15,Wheat,1980,1000.000000,E,8500.000000,E,8500.000000,E
19,68,Bolivia (Plurinational State of),15,Wheat,2006,1111.300000,A,143677.000000,A,129290.000000,A
19,68,Bolivia (Plurinational State of),15,Wheat,2024,1440.800000,A,292710.490000,A,203162.000000,A
19,68,Bolivia (Plurinational State of),15,Wheat,1975,803.400000,A,61750.000000,A,76860.000000,A
19,68,Bolivia (Plurinational State of),15,Wheat,1998,904.200000,A,175426.000000,A,194004.000000,A
19,68,Bolivia (Plurinational State of),15,Wheat,2011,973.100000,A,182927.000000,A,187985.000000,A
19,68,Bolivia (Plurinational State of),15,Wheat,1992,808.800000,A,95727.000000,A,118350.000000,A
19,68,Bolivia (Plurinational State of),15,Wheat,2007,921.000000,A,167095.000000,A,181428.000000,A
19,68,Bolivia (Plurinational State of),15,Wheat,2012,918.600000,A,145151.130000,A,158019.000000,A
19,68,Bolivia (Plurinational State of),15,Wheat,1996,749.000000,A,98820.000000,A,131929.000000,A
20,72,Botswana,15,Wheat,1972,2500.000000,A,500.000000,A,200.000000,A
20,72,Botswana,15,Wheat,2017,,,0.000000,E,0.000000,E
20,72,Botswana,15,Wheat,1995,1909.300000,E,900.000000,E,471.000000,I
20,72,Botswana,15,Wheat,2018,1331.900000,A,1212.000000,A,910.000000,A
20,72,Botswana,15,Wheat,2016,,,0.000000,E,0.000000,E
20,72,Botswana,15,Wheat,1990,2617.800000,E,1000.000000,A,382.000000,E
20,72,Botswana,15,Wheat,2008,800.000000,A,104.000000,A,130.000000,A
20,72,Botswana,15,Wheat,1970,1894.700000,E,360.000000,A,190.000000,E
20,72,Botswana,15,Wheat,2022,2200.000000,A,2860.000000,A,1300.000000,A
20,72,Botswana,15,Wheat,2000,1586.200000,E,435.150000,I,274.000000,I
20,72,Botswana,15,Wheat,1988,2000.000000,E,1000.000000,E,500.000000,E
20,72,Botswana,15,Wheat,2001,1571.400000,E,550.000000,E,350.000000,E
20,72,Botswana,15,Wheat,2015,,,0.000000,E,0.000000,E
21,76,Brazil,15,Wheat,2018,2629.200000,A,5469236.000000,A,2080204.000000,A
21,76,Brazil,15,Wheat,1972,423.700000,A,982901.000000,A,2319955.000000,A
21,76,Brazil,15,Wheat,1966,857.300000,A,614657.000000,A,716981.000000,A
21,76,Brazil,15,Wheat,1990,1154.000000,A,3093791.000000,A,2680990.000000,A
21,76,Brazil,15,Wheat,1980,865.300000,A,2701613.000000,A,3122107.000000,A
21,76,Brazil,15,Wheat,1981,1150.800000,A,2209631.000000,A,1920142.000000,A
21,76,Brazil,15,Wheat,2006,1592.700000,A,2484848.000000,A,1560175.000000,A
21,76,Brazil,15,Wheat,1968,882.500000,A,856170.000000,A,970128.000000,A
27,100,Bulgaria,15,Wheat,1977,3717.700000,A,3384211.000000,A,910300.000000,A
27,100,Bulgaria,15,Wheat,1975,3285.200000,A,2996135.000000,A,912000.000000,A
27,100,Bulgaria,15,Wheat,1967,3058.000000,A,3254163.000000,A,1064161.000000,A
27,100,Bulgaria,15,Wheat,1962,1666.900000,A,2089680.000000,A,1253600.000000,A
27,100,Bulgaria,15,Wheat,1991,3748.000000,A,4497045.000000,A,1199839.000000,A
27,100,Bulgaria,15,Wheat,2014,4217.200000,A,5347078.000000,A,1267914.000000,A
27,100,Bulgaria,15,Wheat,1972,3727.900000,A,3581633.000000,A,960772.000000,A
27,100,Bulgaria,15,Wheat,1968,2404.800000,A,2549202.000000,A,1060052.000000,A
27,100,Bulgaria,15,Wheat,1987,3822.100000,A,4148650.000000,A,1085439.000000,A
28,104,Myanmar,15,Wheat,2000,1149.400000,A,92100.000000,A,80128.000000,A
28,104,Myanmar,15,Wheat,1991,957.900000,A,141100.000000,A,147306.000000,A
28,104,Myanmar,15,Wheat,1999,1095.900000,A,115300.000000,A,105214.000000,A
28,104,Myanmar,15,Wheat,1995,842.400000,A,76700.000000,A,91054.000000,A
28,104,Myanmar,15,Wheat,1985,1743.100000,A,206272.000000,A,118334.000000,A
28,104,Myanmar,15,Wheat,1968,576.300000,A,51149.000000,A,88753.000000,A
28,104,Myanmar,15,Wheat,1970,555.000000,A,33420.000000,A,60216.000000,A
28,104,Myanmar,15,Wheat,1965,644.500000,A,71773.000000,A,111356.000000,A
28,104,Myanmar,15,Wheat,1982,1334.100000,A,123913.000000,A,92884.000000,A
28,104,Myanmar,15,Wheat,1966,634.400000,A,96277.000000,A,151770.000000,A
28,104,Myanmar,15,Wheat,1990,954.400000,A,124167.000000,A,130103.000000,A
29,108,Burundi,15,Wheat,1981,630.500000,A,7000.000000,A,11102.000000,A
29,108,Burundi,15,Wheat,1992,712.000000,A,8900.000000,A,12500.000000,A
29,108,Burundi,15,Wheat,2016,386.100000,A,7980.000000,A,20668.000000,A
29,108,Burundi,15,Wheat,1977,800.000000,E,6000.000000,A,7500.000000,E
29,108,Burundi,15,Wheat,2010,731.700000,E,9034.000000,A,12346.000000,I
29,108,Burundi,15,Wheat,2014,576.300000,A,5628.000000,A,9766.000000,A
29,108,Burundi,15,Wheat,2002,829.000000,A,8290.000000,A,10000.000000,A
29,108,Burundi,15,Wheat,1996,775.500000,E,9054.000000,X,11675.000000,I
29,108,Burundi,15,Wheat,2015,683.300000,E,6655.660000,I,9740.000000,A
29,108,Burundi,15,Wheat,1986,1083.300000,A,8000.000000,A,7385.000000,A
29,108,Burundi,15,Wheat,2005,738.700000,E,7756.000000,A,10500.000000,E
29,108,Burundi,15,Wheat,1971,615.700000,A,5110.000000,A,8300.000000,A
32,120,Cameroon,15,Wheat,2008,1345.400000,E,776.430000,I,577.000000,I
32,120,Cameroon,15,Wheat,2015,1331.700000,E,850.000000,E,638.000000,I
32,120,Cameroon,15,Wheat,1992,1305.100000,E,574.530000,I,440.000000,I
32,120,Cameroon,15,Wheat,2023,1336.900000,E,628.400000,E,470.000000,E
32,120,Cameroon,15,Wheat,2001,1337.300000,E,631.080000,I,472.000000,I
32,120,Cameroon,15,Wheat,2000,1336.200000,E,613.180000,I,459.000000,I
32,120,Cameroon,15,Wheat,2002,1338.400000,E,649.470000,I,485.000000,I
32,120,Cameroon,15,Wheat,2013,1287.900000,E,850.000000,E,660.000000,E
32,120,Cameroon,15,Wheat,1978,500.000000,E,1000.000000,E,2000.000000,E
32,120,Cameroon,15,Wheat,2019,1337.600000,E,500.000000,E,374.000000,I
33,124,Canada,15,Wheat,1989,1807.600000,A,24796208.000000,A,13717500.000000,A
33,124,Canada,15,Wheat,2014,3081.800000,A,29442100.000000,A,9553500.000000,A
33,124,Canada,15,Wheat,2008,2857.500000,A,28619200.000000,A,10015500.000000,A
33,124,Canada,15,Wheat,1964,1360.400000,A,16349000.000000,A,12018000.000000,A
33,124,Canada,15,Wheat,1961,752.900000,A,7713000.000000,A,10245000.000000,A
33,124,Canada,15,Wheat,2007,2331.700000,A,20090400.000000,A,8616100.000000,A
33,124,Canada,15,Wheat,2022,3449.000000,A,34872782.000000,A,10110900.000000,A
33,124,Canada,15,Wheat,1985,1766.500000,A,24252000.000000,A,13729000.000000,A
39,148,Chad,15,Wheat,2004,,,0.000000,A,0.000000,A
39,148,Chad,15,Wheat,2002,2000.000000,A,4000.000000,A,2000.000000,A
39,148,Chad,15,Wheat,1974,3600.000000,A,7200.000000,A,2000.000000,A
39,148,Chad,15,Wheat,2006,1000.000000,A,1865.000000,A,1865.000000,A
39,148,Chad,15,Wheat,2023,1929.700000,A,1399.000000,A,725.000000,A
39,148,Chad,15,Wheat,2003,1445.000000,E,2890.000000,A,2000.000000,X
39,148,Chad,15,Wheat,1968,1145.800000,A,5500.000000,A,4800.000000,A
39,148,Chad,15,Wheat,1971,1556.500000,A,6500.000000,A,4176.000000,A
40,152,Chile,15,Wheat,1996,3327.800000,A,1227148.000000,A,368751.000000,A
40,152,Chile,15,Wheat,2018,6213.700000,A,1469003.400000,A,236415.000000,A
40,152,Chile,15,Wheat,1963,1512.100000,A,1135610.000000,A,751000.000000,A
40,152,Chile,15,Wheat,1973,1398.800000,A,746684.000000,A,533790.000000,A
40,152,Chile,15,Wheat,2021,5982.100000,A,1353607.940000,A,226275.000000,A
40,152,Chile,15,Wheat,1995,3550.000000,A,1383861.000000,A,389820.000000,A
40,152,Chile,15,Wheat,1962,1261.400000,A,969750.000000,A,768800.000000,A
40,152,Chile,15,Wheat,1998,4384.600000,A,1682040.000000,A,383622.000000,A
40,152,Chile,15,Wheat,1969,1634.100000,A,1214200.000000,A,743045.000000,A
41,156,"China, mainland",15,Wheat,2002,3776.600000,A,90290000.000000,A,23908000.000000,A
41,156,"China, mainland",15,Wheat,2012,4986.900000,A,121023200.000000,A,24268260.000000,A
41,156,"China, mainland",15,Wheat,2007,4607.600000,A,109298000.000000,A,23721000.000000,A
41,156,"China, mainland",15,Wheat,1999,3946.600000,A,113880000.000000,A,28855000.000000,A
41,156,"China, mainland",15,Wheat,1973,1333.700000,A,35225008.000000,A,26412000.000000,A
41,156,"China, mainland",15,Wheat,1970,1147.500000,A,29185008.000000,A,25433008.000000,A
41,156,"China, mainland",15,Wheat,1988,2967.900000,A,85430000.000000,A,28784800.000000,A
41,156,"China, mainland",15,Wheat,2003,3931.800000,A,86488000.000000,A,21997000.000000,A
44,170,Colombia,15,Wheat,1983,1680.300000,A,77800.000000,A,46300.000000,A
44,170,Colombia,15,Wheat,1973,1281.400000,A,72400.000000,A,56500.000000,A
44,170,Colombia,15,Wheat,1975,1292.400000,A,38900.000000,A,30100.000000,A
44,170,Colombia,15,Wheat,1987,1818.600000,A,74200.000000,A,40800.000000,A
44,170,Colombia,15,Wheat,1964,850.000000,A,85000.000000,A,100000.000000,A
50,196,Cyprus,15,Wheat,2024,1686.700000,A,21050.000000,A,12480.000000,A
50,196,Cyprus,15,Wheat,1999,2121.200000,A,14000.000000,A,6600.000000,A
50,196,Cyprus,15,Wheat,2013,2193.500000,A,15181.000000,A,6921.000000,A
50,196,Cyprus,15,Wheat,1969,1265.800000,A,81280.000000,A,64214.000000,A
50,196,Cyprus,15,Wheat,2015,2954.000000,A,35356.000000,A,11969.000000,A
51,200,Czechoslovakia,15,Wheat,1991,5152.600000,A,6205388.000000,A,1204325.000000,A
51,200,Czechoslovakia,15,Wheat,1985,4981.600000,A,6023006.000000,A,1209059.000000,A
51,200,Czechoslovakia,15,Wheat,1967,2713.000000,A,2515790.000000,A,927297.000000,A
51,200,Czechoslovakia,15,Wheat,1984,5136.200000,A,6170309.000000,A,1201346.000000,A
52,31,Azerbaijan,15,Wheat,2004,2574.800000,A,1573006.000000,A,610919.000000,A
52,31,Azerbaijan,15,Wheat,1998,1576.400000,A,798262.000000,A,506379.000000,A
52,31,Azerbaijan,15,Wheat,2002,2602.800000,A,1692818.000000,A,650372.000000,A
52,31,Azerbaijan,15,Wheat,2005,2581.800000,A,1527026.000000,A,591452.000000,A
52,31,Azerbaijan,15,Wheat,2011,2437.600000,A,1594394.000000,A,654078.000000,A
52,31,Azerbaijan,15,Wheat,2009,2594.600000,A,2096203.000000,A,807900.000000,A
52,31,Azerbaijan,15,Wheat,2019,3155.500000,A,2114138.800000,A,669993.000000,A
52,31,Azerbaijan,15,Wheat,2008,2725.100000,A,1645792.000000,A,603935.000000,A
52,31,Azerbaijan,15,Wheat,1997,1691.400000,A,896422.000000,A,529991.000000,A
54,208,Denmark,15,Wheat,1988,6752.100000,A,2080441.000000,A,308118.000000,A
54,208,Denmark,15,Wheat,2018,6162.400000,A,2623930.000000,A,425800.000000,A
54,208,Denmark,15,Wheat,1999,7007.400000,A,4470745.000000,A,638000.000000,A
54,208,Denmark,15,Wheat,2009,8037.300000,A,5940400.000000,A,739100.000000,A
54,208,Denmark,15,Wheat,1973,4412.900000,A,542247.000000,A,122877.000000,A
54,208,Denmark,15,Wheat,1997,7205.700000,A,4964703.000000,A,689000.000000,A
54,208,Denmark,15,Wheat,2004,7140.600000,A,4758500.000000,A,666400.000000,A
54,208,Denmark,15,Wheat,2024,7039.600000,A,3348010.000000,A,475600.000000,A
54,208,Denmark,15,Wheat,2015,7952.700000,A,5029300.000000,A,632400.000000,A
54,208,Denmark,15,Wheat,1981,5558.000000,A,834765.000000,A,150192.000000,A
57,112,Belarus,15,Wheat,1997,2513.200000,A,743900.000000,A,296000.000000,A
57,112,Belarus,15,Wheat,1998,2134.700000,A,787700.000000,A,369000.000000,A
57,112,Belarus,15,Wheat,2016,3293.800000,A,2339829.000000,A,710379.000000,A
57,112,Belarus,15,Wheat,2007,3277.100000,A,1396553.000000,A,426161.000000,A
57,112,Belarus,15,Wheat,1992,2798.300000,A,330200.000000,A,118000.000000,A
57,112,Belarus,15,Wheat,2001,2125.500000,A,867200.000000,A,408000.000000,A
58,218,Ecuador,15,Wheat,2007,818.600000,A,9243.000000,A,11291.000000,A
58,218,Ecuador,15,Wheat,1968,1044.200000,A,82910.000000,A,79399.000000,A
58,218,Ecuador,15,Wheat,1993,671.100000,A,25528.000000,A,38040.000000,A
58,218,Ecuador,15,Wheat,1989,666.500000,A,25634.000000,A,38460.000000,A
58,218,Ecuador,15,Wheat,2013,706.400000,A,5755.000000,A,8147.000000,A
58,218,Ecuador,15,Wheat,1963,790.100000,A,52600.000000,A,66578.000000,A
58,218,Ecuador,15,Wheat,1987,796.100000,A,31368.000000,A,39400.000000,A
58,218,Ecuador,15,Wheat,1974,977.400000,A,54989.000000,A,56261.000000,A
58,218,Ecuador,15,Wheat,1971,901.700000,A,68493.000000,A,75960.000000,A
58,218,Ecuador,15,Wheat,2014,1120.400000,A,6814.240000,A,6082.000000,A
58,218,Ecuador,15,Wheat,2008,746.600000,A,8144.000000,A,10908.000000,A
58,218,Ecuador,15,Wheat,1969,938.800000,A,94099.000000,A,100231.000000,A
59,818,Egypt,15,Wheat,1999,6346.700000,A,6346642.000000,A,999998.000000,A
59,818,Egypt,15,Wheat,1969,2404.900000,A,1277000.000000,A,531000.000000,A
59,818,Egypt,15,Wheat,2001,6358.000000,A,6254583.000000,A,983741.000000,A
59,818,Egypt,15,Wheat,1986,3802.800000,A,1928000.000000,A,507000.000000,A
59,818,Egypt,15,Wheat,1967,2450.900000,A,1299000.000000,A,530000.000000,A
59,818,Egypt,15,Wheat,2013,6668.200000,A,9460200.000000,A,1418708.000000,A
59,818,Egypt,15,Wheat,1974,3268.600000,A,1886000.000000,A,577000.000000,A
62,230,Ethiopia PDR,15,Wheat,1982,1031.700000,A,706597.000000,A,684910.000000,A
62,230,Ethiopia PDR,15,Wheat,1990,1320.100000,A,798757.000000,A,605070.000000,A
62,230,Ethiopia PDR,15,Wheat,1988,1183.800000,A,778763.000000,A,657830.000000,A
62,230,Ethiopia PDR,15,Wheat,1989,1235.200000,A,799936.000000,A,647630.000000,A
63,233,Estonia,15,Wheat,2009,3014.600000,A,342520.000000,A,113619.000000,A
63,233,Estonia,15,Wheat,1999,1337.700000,A,88424.000000,A,66100.000000,A
63,233,Estonia,15,Wheat,2015,4788.500000,A,812600.000000,A,169700.000000,A
63,233,Estonia,15,Wheat,2000,2128.500000,A,146800.000000,A,68969.000000,A
63,233,Estonia,15,Wheat,2005,3081.800000,A,263408.000000,A,85473.000000,A
67,246,Finland,15,Wheat,1986,3191.200000,A,529100.000000,A,165800.000000,A
67,246,Finland,15,Wheat,1977,2314.800000,A,294900.000000,A,127400.000000,A
67,246,Finland,15,Wheat,2003,3549.400000,A,679000.000000,A,191300.000000,A
67,246,Finland,15,Wheat,2011,3846.900000,A,974800.000000,A,253400.000000,A
67,246,Finland,15,Wheat,1993,3621.200000,A,358500.000000,A,99000.000000,A
67,246,Finland,15,Wheat,2009,4102.700000,A,887000.000000,A,216200.000000,A
67,246,Finland,15,Wheat,1974,2730.700000,A,593100.000000,A,217200.000000,A
67,246,Finland,15,Wheat,1966,1761.500000,A,367800.000000,A,208800.000000,A
68,250,France,15,Wheat,2001,6616.900000,A,31545319.300000,A,4767362.000000,A
68,250,France,15,Wheat,1972,4569.800000,A,17996000.000000,A,3938000.000000,A
68,250,France,15,Wheat,1994,6668.500000,A,30493197.100000,A,4572752.000000,A
68,250,France,15,Wheat,1974,4584.400000,A,19007008.000000,A,4146000.000000,A
68,250,France,15,Wheat,1977,4230.300000,A,17450000.000000,A,4125000.000000,A
68,250,France,15,Wheat,1987,5558.400000,A,27414576.000000,A,4932100.000000,A
68,250,France,15,Wheat,1993,6473.900000,A,29200262.600000,A,4510466.000000,A
68,250,France,15,Wheat,1978,5032.300000,A,20967712.000000,A,4166600.000000,A
68,250,France,15,Wheat,2005,6988.700000,A,36886102.600000,A,5277999.000000,A
73,268,Georgia,15,Wheat,2020,2202.200000,A,102400.000000,A,46500.000000,A
73,268,Georgia,15,Wheat,2016,2573.200000,A,126600.000000,A,49200.000000,A
73,268,Georgia,15,Wheat,2011,2068.400000,A,96800.000000,A,46800.000000,A
73,268,Georgia,15,Wheat,2009,1073.700000,A,53900.000000,A,50200.000000,A
73,268,Georgia,15,Wheat,2019,2334.100000,A,100600.000000,A,43100.000000,A
73,268,Georgia,15,Wheat,2005,1988.900000,A,190137.000000,A,95598.000000,A
73,268,Georgia,15,Wheat,2012,1698.900000,A,80700.000000,A,47500.000000,A
73,268,Georgia,15,Wheat,2015,2579.100000,A,125600.000000,A,48700.000000,A
73,268,Georgia,15,Wheat,1997,1710.900000,A,291700.000000,A,170500.000000,A
73,268,Georgia,15,Wheat,1994,1324.400000,A,89400.000000,A,67500.000000,A
79,276,Germany,15,Wheat,2024,7084.200000,A,18526700.000000,A,2615200.000000,A
79,276,Germany,15,Wheat,1996,7293.200000,A,18921683.000000,A,2594418.000000,A
79,276,Germany,15,Wheat,1973,4347.700000,A,9995657.000000,A,2299046.000000,A
79,276,Germany,15,Wheat,2000,7282.600000,A,21621548.000000,A,2968940.000000,A
79,276,Germany,15,Wheat,1981,4879.700000,A,11254906.000000,A,2306455.000000,A
79,276,Germany,15,Wheat,1974,4625.700000,A,10914574.000000,A,2359547.000000,A
79,276,Germany,15,Wheat,2013,7997.900000,A,25019100.000000,A,3128200.000000,A
79,276,Germany,15,Wheat,1978,4886.900000,A,11265143.000000,A,2305177.000000,A
80,70,Bosnia and Herzegovina,15,Wheat,1996,3012.700000,E,165700.000000,X,55000.000000,E
80,70,Bosnia and Herzegovina,15,Wheat,2024,4720.000000,A,279273.000000,A,59168.000000,A
84,300,Greece,15,Wheat,1971,1992.600000,A,1946000.000000,A,976600.000000,A
84,300,Greece,15,Wheat,1980,2934.800000,A,2970000.000000,A,1012000.000000,A
84,300,Greece,15,Wheat,2018,2652.600000,A,1072940.000000,A,404490.000000,A
84,300,Greece,15,Wheat,1988,2815.200000,A,2514000.000000,A,893000.000000,A
84,300,Greece,15,Wheat,1995,2634.100000,A,2314836.200000,A,878808.000000,A
84,300,Greece,15,Wheat,1962,1443.300000,A,1722137.000000,A,1193200.000000,A
84,300,Greece,15,Wheat,2021,2820.300000,A,1159190.000000,A,411010.000000,A
84,300,Greece,15,Wheat,2014,2746.600000,A,1570415.560000,A,571762.000000,A
84,300,Greece,15,Wheat,2019,2793.900000,A,979220.000000,A,350490.000000,A
84,300,Greece,15,Wheat,1984,2671.300000,A,2316000.000000,A,867000.000000,A
84,300,Greece,15,Wheat,1979,2430.100000,A,2407000.000000,A,990500.000000,A
89,320,Guatemala,15,Wheat,1975,1175.700000,A,45382.000000,A,38601.000000,A
89,320,Guatemala,15,Wheat,2016,2128.800000,A,743.890000,A,349.000000,A
89,320,Guatemala,15,Wheat,1990,1998.300000,A,32033.000000,A,16030.000000,A
89,320,Guatemala,15,Wheat,1972,1369.500000,A,46715.000000,A,34111.000000,A
89,320,Guatemala,15,Wheat,2002,1914.600000,A,2676.190000,A,1398.000000,A
89,320,Guatemala,15,Wheat,1973,1685.300000,A,47104.000000,A,27950.000000,A
89,320,Guatemala,15,Wheat,2003,2024.900000,A,2830.420000,A,1398.000000,A
89,320,Guatemala,15,Wheat,1984,2816.800000,A,90700.000000,A,32200.000000,A
89,320,Guatemala,15,Wheat,1971,1224.200000,A,38031.000000,A,31067.000000,A
89,320,Guatemala,15,Wheat,1997,2040.800000,A,23000.000000,A,11270.000000,A
89,320,Guatemala,15,Wheat,1982,1641.300000,A,48600.000000,A,29610.000000,A
89,320,Guatemala,15,Wheat,1970,1100.300000,A,36025.000000,A,32741.000000,A
89,320,Guatemala,15,Wheat,2018,2109.100000,E,464.000000,A,220.000000,E
89,320,Guatemala,15,Wheat,1961,731.900000,A,24656.000000,A,33686.000000,A
89,320,Guatemala,15,Wheat,1969,1031.300000,A,31208.000000,A,30262.000000,A
89,320,Guatemala,15,Wheat,1988,1996.600000,A,49895.000000,A,24990.000000,A
89,320,Guatemala,15,Wheat,1965,991.400000,A,27164.000000,A,27400.000000,A
89,320,Guatemala,15,Wheat,2004,2018.400000,A,4232.020000,A,2097.000000,A
89,320,Guatemala,15,Wheat,1963,937.100000,A,35609.000000,A,38000.000000,A
95,340,Honduras,15,Wheat,1963,829.500000,A,691.000000,A,833.000000,A
95,340,Honduras,15,Wheat,2020,535.800000,E,1269.110000,I,2369.000000,I
95,340,Honduras,15,Wheat,2015,540.800000,E,1213.150000,I,2243.000000,I
95,340,Honduras,15,Wheat,2012,548.800000,E,1173.610000,I,2139.000000,I
95,340,Honduras,15,Wheat,1991,581.500000,E,785.660000,I,1351.000000,I
95,340,Honduras,15,Wheat,2013,550.000000,E,1186.050000,I,2157.000000,I
95,340,Honduras,15,Wheat,2011,542.100000,E,1170.080000,I,2158.000000,I
95,340,Honduras,15,Wheat,1980,777.800000,A,700.000000,A,900.000000,A
95,340,Honduras,15,Wheat,2009,575.000000,A,1127.000000,A,1960.000000,A
95,340,Honduras,15,Wheat,2006,535.300000,E,1085.460000,I,2028.000000,I
95,340,Honduras,15,Wheat,1971,852.600000,A,700.000000,A,821.000000,A
97,348,Hungary,15,Wheat,2013,4638.600000,A,5058300.000000,A,1090480.000000,A
97,348,Hungary,15,Wheat,1976,3884.500000,A,5148100.000000,A,1325285.000000,A
98,191,Croatia,15,Wheat,2009,5189.600000,A,936076.000000,A,180376.000000,A
98,191,Croatia,15,Wheat,2002,4591.900000,A,822650.000000,A,179153.000000,A
98,191,Croatia,15,Wheat,2019,5611.400000,A,803270.000000,A,143150.000000,A
98,191,Croatia,15,Wheat,2021,6696.000000,A,986930.000000,A,147390.000000,A
98,191,Croatia,15,Wheat,2022,6003.000000,A,971470.000000,A,161830.000000,A
98,191,Croatia,15,Wheat,1995,3860.500000,A,876507.000000,A,227044.000000,A
98,191,Croatia,15,Wheat,2005,4114.400000,A,601748.000000,A,146253.000000,A
98,191,Croatia,15,Wheat,2011,5223.700000,A,782499.000000,A,149797.000000,A
98,191,Croatia,15,Wheat,2006,4583.300000,A,804601.000000,A,175551.000000,A
98,191,Croatia,15,Wheat,1998,4221.400000,A,1020450.000000,A,241734.000000,A
98,191,Croatia,15,Wheat,2020,5868.000000,A,867530.000000,A,147840.000000,A
100,356,India,15,Wheat,2014,3145.700000,A,95850000.000000,A,30470000.000000,A
100,356,India,15,Wheat,2024,3559.000000,A,113292368.000000,A,31832884.000000,A
100,356,India,15,Wheat,1962,889.600000,A,12072000.000000,A,13570000.000000,A
100,356,India,15,Wheat,1992,2394.000000,A,55689504.000000,A,23261904.000000,A
100,356,India,15,Wheat,2002,2762.100000,A,72766304.000000,A,26344700.000000,A
100,356,India,15,Wheat,2018,3368.200000,A,99869520.000000,A,29650590.000000,A
100,356,India,15,Wheat,1998,2485.200000,A,66345000.000000,A,26696100.000000,A
100,356,India,15,Wheat,1997,2678.900000,A,69350200.000000,A,25887100.000000,A
100,356,India,15,Wheat,2008,2802.200000,A,78570200.000000,A,28038600.000000,A
100,356,India,15,Wheat,1979,1568.300000,A,35507808.000000,A,22641200.000000,A
102,364,Iran (Islamic Republic of),15,Wheat,2024,2591.800000,E,16750000.000000,X,6462608.000000,I
102,364,Iran (Islamic Republic of),15,Wheat,1990,1276.100000,A,8011675.000000,A,6278006.000000,A
102,364,Iran (Islamic Republic of),15,Wheat,1992,1533.000000,A,10178679.400000,A,6639577.000000,A
102,364,Iran (Islamic Republic of),15,Wheat,1984,1082.000000,A,6206681.000000,A,5736390.000000,A
102,364,Iran (Islamic Republic of),15,Wheat,1998,1934.600000,A,11955080.300000,A,6179742.000000,A
102,364,Iran (Islamic Republic of),15,Wheat,2021,2263.200000,E,11132000.000000,A,4918696.000000,I
102,364,Iran (Islamic Republic of),15,Wheat,2007,2199.700000,A,15886608.500000,A,7222311.000000,A
102,364,Iran (Islamic Republic of),15,Wheat,1996,1582.700000,A,10015183.000000,A,6327935.000000,A
102,364,Iran (Islamic Republic of),15,Wheat,1975,918.900000,A,5507000.000000,A,5993000.000000,A
102,364,Iran (Islamic Republic of),15,Wheat,2010,1833.700000,A,12142987.900000,A,6621985.000000,A
103,368,Iraq,15,Wheat,1993,589.700000,E,1187000.000000,A,2013000.000000,E
103,368,Iraq,15,Wheat,2010,1987.200000,A,2748840.000000,A,1383303.000000,A
103,368,Iraq,15,Wheat,1971,867.200000,A,822300.000000,A,948250.000000,A
103,368,Iraq,15,Wheat,1984,955.800000,A,470900.000000,A,492700.000000,A
103,368,Iraq,15,Wheat,1992,599.900000,E,1006000.000000,A,1677000.000000,X
103,368,Iraq,15,Wheat,2005,873.800000,A,2228000.000000,A,2549750.000000,A
103,368,Iraq,15,Wheat,2018,2778.900000,A,2177885.000000,A,783721.000000,A
103,368,Iraq,15,Wheat,1968,1024.700000,E,1537000.000000,A,1500000.000000,E
103,368,Iraq,15,Wheat,1976,868.700000,A,1302400.000000,A,1499300.000000,A
103,368,Iraq,15,Wheat,1986,835.500000,A,1036000.000000,A,1240000.000000,A
103,368,Iraq,15,Wheat,1966,635.400000,E,825955.000000,A,1300000.000000,E
103,368,Iraq,15,Wheat,1965,718.100000,E,1005288.000000,A,1400000.000000,E
103,368,Iraq,15,Wheat,2015,2861.700000,A,2645061.000000,A,924311.000000,A
103,368,Iraq,15,Wheat,1962,775.400000,E,1085494.000000,A,1400000.000000,E
103,368,Iraq,15,Wheat,2003,1359.000000,A,2329000.000000,A,1713750.000000,A
103,368,Iraq,15,Wheat,1961,779.400000,E,857350.000000,A,1100000.000000,E
103,368,Iraq,15,Wheat,1985,912.500000,A,1405500.000000,A,1540225.000000,A
104,372,Ireland,15,Wheat,2024,8139.700000,A,388510.000000,A,47730.000000,A
104,372,Ireland,15,Wheat,1968,4556.300000,A,412300.000000,A,90490.000000,A
104,372,Ireland,15,Wheat,2009,8166.900000,A,690100.000000,A,84500.000000,A
104,372,Ireland,15,Wheat,1974,4296.700000,A,245000.000000,A,57021.000000,A
104,372,Ireland,15,Wheat,1973,3914.300000,A,228900.000000,A,58478.000000,A
104,372,Ireland,15,Wheat,1989,7561.800000,A,459000.000000,A,60700.000000,A
104,372,Ireland,15,Wheat,2004,9924.100000,A,1019200.000000,A,102700.000000,A
104,372,Ireland,15,Wheat,2013,8998.300000,A,545300.000000,A,60600.000000,A
104,372,Ireland,15,Wheat,1970,4023.400000,A,381000.000000,A,94695.000000,A
104,372,Ireland,15,Wheat,2003,8297.800000,A,794100.000000,A,95700.000000,A
104,372,Ireland,15,Wheat,2011,9864.100000,A,929200.000000,A,94200.000000,A
104,372,Ireland,15,Wheat,1965,3156.000000,A,232660.000000,A,73720.000000,A
104,372,Ireland,15,Wheat,2019,9378.700000,A,595360.000000,A,63480.000000,A
105,376,Israel,15,Wheat,1981,2069.500000,A,215000.000000,A,103890.000000,A
105,376,Israel,15,Wheat,1990,3203.100000,A,291200.000000,A,90913.000000,A
105,376,Israel,15,Wheat,1969,1382.000000,A,155800.000000,A,112735.000000,A
105,376,Israel,15,Wheat,1987,3140.100000,A,298000.000000,A,94900.000000,A
106,380,Italy,15,Wheat,2000,3213.300000,A,7463968.000000,A,2322840.000000,A
106,380,Italy,15,Wheat,2003,2748.200000,A,6229453.000000,A,2266760.000000,A
106,380,Italy,15,Wheat,1990,2924.300000,A,8108500.000000,A,2772759.000000,A
106,380,Italy,15,Wheat,1999,3243.400000,A,7742800.000000,A,2387266.000000,A
106,380,Italy,15,Wheat,1980,2686.500000,A,9156000.000000,A,3408100.000000,A
106,380,Italy,15,Wheat,1985,2788.600000,A,8460700.000000,A,3034002.000000,A
106,380,Italy,15,Wheat,2009,3585.900000,A,6534746.000000,A,1822355.000000,A
106,380,Italy,15,Wheat,1972,2433.000000,A,9255000.000000,A,3804000.000000,A
108,398,Kazakhstan,15,Wheat,2005,948.000000,A,11198330.000000,A,11813200.000000,A
110,392,Japan,15,Wheat,1965,2704.300000,A,1287000.000000,A,475900.000000,A
110,392,Japan,15,Wheat,1961,2745.500000,A,1781000.000000,A,648700.000000,A
110,392,Japan,15,Wheat,2018,3609.700000,A,764900.000000,A,211900.000000,A
110,392,Japan,15,Wheat,1981,2617.600000,A,587400.000000,A,224400.000000,A
110,392,Japan,15,Wheat,2010,2761.200000,A,571300.000000,A,206900.000000,A
110,392,Japan,15,Wheat,1987,3185.900000,A,863700.000000,A,271100.000000,A
112,400,Jordan,15,Wheat,2003,1428.000000,A,42526.000000,A,29781.000000,A
112,400,Jordan,15,Wheat,1992,1469.300000,A,75435.000000,A,51340.000000,A
112,400,Jordan,15,Wheat,1994,1576.700000,A,46852.000000,A,29715.000000,A
112,400,Jordan,15,Wheat,1980,1002.700000,A,133535.000000,A,133182.000000,A
112,400,Jordan,15,Wheat,1978,396.200000,A,53320.000000,A,134570.000000,A
112,400,Jordan,15,Wheat,1991,1202.200000,A,61844.000000,A,51443.000000,A
112,400,Jordan,15,Wheat,2005,1173.100000,A,34363.000000,A,29292.000000,A
112,400,Jordan,15,Wheat,1974,993.000000,A,244465.000000,A,246196.000000,A
112,400,Jordan,15,Wheat,1988,1126.900000,A,78773.000000,A,69904.000000,A
112,400,Jordan,15,Wheat,1985,665.900000,A,62827.000000,A,94356.000000,A
113,417,Kyrgyzstan,15,Wheat,2015,2370.100000,A,704601.000000,A,297289.000000,A
113,417,Kyrgyzstan,15,Wheat,2009,2628.500000,A,1056656.000000,A,402002.000000,A
113,417,Kyrgyzstan,15,Wheat,1995,1717.500000,A,625000.000000,A,363900.000000,A
113,417,Kyrgyzstan,15,Wheat,2005,2241.000000,A,950076.000000,A,423948.000000,A
113,417,Kyrgyzstan,15,Wheat,2018,2426.800000,A,615926.000000,A,253804.000000,A
113,417,Kyrgyzstan,15,Wheat,2016,2446.100000,A,661513.900000,A,270439.000000,A
113,417,Kyrgyzstan,15,Wheat,2023,1910.700000,A,440415.000000,A,230497.000000,A
114,404,Kenya,15,Wheat,2017,1258.100000,A,165200.000000,A,131309.000000,A
114,404,Kenya,15,Wheat,2022,3083.900000,A,368696.000000,A,119554.000000,A
114,404,Kenya,15,Wheat,2019,2628.700000,A,366200.000000,A,139307.000000,A
114,404,Kenya,15,Wheat,2013,2760.200000,A,449641.000000,A,162900.000000,A
114,404,Kenya,15,Wheat,1980,2156.700000,E,215674.000000,A,100000.000000,E
114,404,Kenya,15,Wheat,2010,3199.100000,A,511994.000000,A,160043.000000,A
114,404,Kenya,15,Wheat,1988,1633.000000,A,244525.000000,A,149740.000000,A
114,404,Kenya,15,Wheat,1982,2083.300000,A,247500.000000,A,118800.000000,A
114,404,Kenya,15,Wheat,1968,1625.100000,A,216300.000000,A,133100.000000,A
116,408,Democratic People's Republic of Korea,15,Wheat,1991,1311.600000,E,135000.000000,X,102928.000000,I
116,408,Democratic People's Republic of Korea,15,Wheat,2010,2191.800000,X,160000.000000,X,73000.000000,X
116,408,Democratic People's Republic of Korea,15,Wheat,2003,2333.300000,A,161000.000000,A,69000.000000,A
116,408,Democratic People's Republic of Korea,15,Wheat,2011,2015.900000,X,127000.000000,X,63000.000000,X
116,408,Democratic People's Republic of Korea,15,Wheat,2016,1238.100000,X,39000.000000,X,31500.000000,X
116,408,Democratic People's Republic of Korea,15,Wheat,1967,568.800000,E,91000.000000,X,160000.000000,E
116,408,Democratic People's Republic of Korea,15,Wheat,2004,2500.000000,A,175000.000000,A,70000.000000,A
116,408,Democratic People's Republic of Korea,15,Wheat,2006,2487.500000,X,199000.000000,X,80000.000000,X
116,408,Democratic People's Republic of Korea,15,Wheat,1962,527.300000,E,87000.000000,X,165000.000000,E
116,408,Democratic People's Republic of Korea,15,Wheat,2023,1229.500000,E,88400.000000,E,71900.000000,E
116,408,Democratic People's Republic of Korea,15,Wheat,1994,1450.500000,E,125000.000000,X,86179.000000,I
116,408,Democratic People's Republic of Korea,15,Wheat,1973,852.200000,E,98000.000000,X,115000.000000,E
117,410,Republic of Korea,15,Wheat,2010,3117.300000,A,39116.000000,A,12548.000000,A
117,410,Republic of Korea,15,Wheat,1971,2267.400000,A,196465.000000,A,86649.000000,A
117,410,Republic of Korea,15,Wheat,1966,2058.500000,A,193000.000000,A,93758.000000,A
117,410,Republic of Korea,15,Wheat,1982,3348.200000,A,65812.000000,A,19656.000000,A
117,410,Republic of Korea,15,Wheat,2005,3205.800000,A,7678.000000,A,2395.000000,A
117,410,Republic of Korea,15,Wheat,1994,3704.500000,A,2156.000000,A,582.000000,A
117,410,Republic of Korea,15,Wheat,2015,2623.400000,A,26433.000000,A,10076.000000,A
117,410,Republic of Korea,15,Wheat,1975,2217.600000,A,96933.000000,A,43710.000000,A
117,410,Republic of Korea,15,Wheat,1964,2121.900000,A,190000.000000,A,89543.000000,A
117,410,Republic of Korea,15,Wheat,2020,3251.300000,A,16985.000000,A,5224.000000,A
117,410,Republic of Korea,15,Wheat,2001,3104.900000,A,2841.000000,A,915.000000,A
117,410,Republic of Korea,15,Wheat,1998,3484.700000,A,4781.000000,A,1372.000000,A
117,410,Republic of Korea,15,Wheat,1973,2308.000000,A,99746.000000,A,43218.000000,A
118,414,Kuwait,15,Wheat,1987,428.600000,E,15.000000,E,35.000000,E
118,414,Kuwait,15,Wheat,2019,10363.600000,A,57.000000,A,6.000000,A
118,414,Kuwait,15,Wheat,2007,2390.000000,A,478.000000,A,200.000000,A
118,414,Kuwait,15,Wheat,1994,3071.400000,A,43.000000,A,14.000000,A
118,414,Kuwait,15,Wheat,2018,3000.000000,A,9.000000,A,3.000000,A
118,414,Kuwait,15,Wheat,2000,2385.600000,A,365.000000,A,153.000000,A
118,414,Kuwait,15,Wheat,1998,2381.200000,E,431.000000,X,181.000000,A
118,414,Kuwait,15,Wheat,2016,3000.000000,A,12.000000,A,4.000000,A
118,414,Kuwait,15,Wheat,1971,,,0.000000,A,0.000000,A
119,428,Latvia,15,Wheat,2005,3609.900000,A,676500.000000,A,187400.000000,A
119,428,Latvia,15,Wheat,1996,2396.100000,A,357500.000000,A,149200.000000,A
119,428,Latvia,15,Wheat,2012,4369.500000,A,1539800.000000,A,352400.000000,A
119,428,Latvia,15,Wheat,2017,4786.900000,A,2138800.000000,A,446800.000000,A
121,422,Lebanon,15,Wheat,1971,848.400000,A,40971.000000,A,48294.000000,A
121,422,Lebanon,15,Wheat,1969,763.000000,A,32956.000000,A,43192.000000,A
121,422,Lebanon,15,Wheat,1989,2150.000000,A,56438.000000,A,26250.000000,A
121,422,Lebanon,15,Wheat,1972,1261.000000,A,63686.000000,A,50504.000000,A
121,422,Lebanon,15,Wheat,2002,2735.600000,A,119000.000000,A,43500.000000,A
121,422,Lebanon,15,Wheat,2018,2936.900000,X,131977.000000,X,44937.000000,X
121,422,Lebanon,15,Wheat,2006,2899.800000,A,153400.000000,A,52900.000000,A
121,422,Lebanon,15,Wheat,1994,2224.400000,A,52675.000000,A,23681.000000,A
121,422,Lebanon,15,Wheat,1986,1500.000000,E,30000.000000,E,20000.000000,E
121,422,Lebanon,15,Wheat,1979,888.900000,X,40000.000000,X,45000.000000,X
121,422,Lebanon,15,Wheat,2014,3804.300000,X,140000.000000,X,36800.000000,X
122,426,Lesotho,15,Wheat,2001,2051.500000,A,50755.000000,A,24740.000000,A
122,426,Lesotho,15,Wheat,1995,616.600000,A,10603.000000,A,17195.000000,A
122,426,Lesotho,15,Wheat,1969,627.100000,A,59696.000000,A,95200.000000,A
122,426,Lesotho,15,Wheat,1979,952.500000,A,33629.000000,A,35307.000000,A
122,426,Lesotho,15,Wheat,1966,814.600000,A,58000.000000,A,71200.000000,A
122,426,Lesotho,15,Wheat,2023,587.600000,A,6251.000000,A,10639.000000,A
122,426,Lesotho,15,Wheat,1989,680.400000,A,29698.000000,A,43650.000000,A
124,434,Libya,15,Wheat,2001,756.900000,E,125000.000000,X,165139.000000,I
124,434,Libya,15,Wheat,1998,875.000000,E,140000.000000,E,160000.000000,E
124,434,Libya,15,Wheat,1965,316.300000,A,56913.000000,A,179946.000000,A
124,434,Libya,15,Wheat,1972,379.000000,A,41585.000000,A,109737.000000,A
124,434,Libya,15,Wheat,2003,762.200000,E,125000.000000,X,163996.000000,I
124,434,Libya,15,Wheat,2007,787.900000,A,104000.000000,A,132000.000000,A
124,434,Libya,15,Wheat,2023,760.600000,E,130000.000000,X,170929.000000,I
124,434,Libya,15,Wheat,1988,833.900000,A,161011.000000,A,193093.000000,A
124,434,Libya,15,Wheat,1964,186.700000,A,28000.000000,A,150000.000000,A
124,434,Libya,15,Wheat,1987,898.200000,A,172000.000000,A,191491.000000,A
124,434,Libya,15,Wheat,1990,1231.700000,A,128760.000000,A,104538.000000,A
124,434,Libya,15,Wheat,2018,749.200000,E,200000.000000,X,266939.000000,I
124,434,Libya,15,Wheat,2008,787.900000,A,104000.000000,A,132000.000000,A
124,434,Libya,15,Wheat,2013,785.000000,E,200000.000000,X,254783.000000,I
124,434,Libya,15,Wheat,2014,772.500000,E,200000.000000,X,258888.000000,I
126,440,Lithuania,15,Wheat,2000,3341.300000,A,1237600.000000,A,370400.000000,A
126,440,Lithuania,15,Wheat,2006,2355.400000,A,809800.000000,A,343800.000000,A
126,440,Lithuania,15,Wheat,2008,4268.900000,A,1722500.000000,A,403500.000000,A
126,440,Lithuania,15,Wheat,2024,5041.200000,A,4219300.000000,A,836970.000000,A
126,440,Lithuania,15,Wheat,2014,4563.000000,A,3230600.000000,A,708000.000000,A
129,450,Madagascar,15,Wheat,1983,1500.000000,E,300.000000,E,200.000000,E
129,450,Madagascar,15,Wheat,2018,2402.500000,E,5000.000000,X,2081.000000,I
129,450,Madagascar,15,Wheat,2002,2352.100000,E,10000.000000,E,4252.000000,I
129,450,Madagascar,15,Wheat,2020,2405.500000,E,1000.000000,X,416.000000,I
129,450,Madagascar,15,Wheat,1971,,,0.000000,A,0.000000,A
129,450,Madagascar,15,Wheat,1990,2000.000000,E,5000.000000,X,2500.000000,E
129,450,Madagascar,15,Wheat,1966,,,0.000000,A,0.000000,A
130,454,Malawi,15,Wheat,1961,1500.000000,E,150.000000,E,100.000000,E
130,454,Malawi,15,Wheat,1997,589.600000,A,1339.000000,A,2271.000000,A
130,454,Malawi,15,Wheat,1963,1618.200000,E,178.000000,A,110.000000,E
130,454,Malawi,15,Wheat,1982,1000.000000,E,700.000000,E,700.000000,E
130,454,Malawi,15,Wheat,1964,1500.000000,E,300.000000,E,200.000000,E
130,454,Malawi,15,Wheat,2007,2296.800000,A,4605.000000,A,2005.000000,A
130,454,Malawi,15,Wheat,2012,1510.400000,A,1956.000000,A,1295.000000,A
130,454,Malawi,15,Wheat,2008,1613.300000,A,2386.000000,A,1479.000000,A
130,454,Malawi,15,Wheat,2001,898.900000,A,2241.000000,A,2493.000000,A
130,454,Malawi,15,Wheat,2017,1227.300000,A,745.000000,A,607.000000,A
130,454,Malawi,15,Wheat,1974,2092.300000,E,544.000000,A,260.000000,E
130,454,Malawi,15,Wheat,1981,955.600000,A,688.000000,A,720.000000,A
130,454,Malawi,15,Wheat,1995,686.500000,A,1572.000000,A,2290.000000,A
130,454,Malawi,15,Wheat,2006,1207.100000,A,1999.000000,A,1656.000000,A
133,466,Mali,15,Wheat,1967,1333.300000,E,2000.000000,E,1500.000000,E
133,466,Mali,15,Wheat,1963,1304.300000,E,3000.000000,E,2300.000000,E
133,466,Mali,15,Wheat,2021,3000.000000,A,21000.000000,A,7000.000000,A
133,466,Mali,15,Wheat,1965,1111.100000,E,2000.000000,E,1800.000000,E
133,466,Mali,15,Wheat,2000,2351.500000,A,6208.000000,A,2640.000000,A
133,466,Mali,15,Wheat,2014,4442.000000,A,45668.000000,A,10281.000000,A
133,466,Mali,15,Wheat,2003,2448.900000,A,5701.000000,A,2328.000000,A
134,470,Malta,15,Wheat,2002,5000.000000,X,10000.000000,X,2000.000000,X
134,470,Malta,15,Wheat,1987,3692.300000,E,4800.000000,E,1300.000000,E
134,470,Malta,15,Wheat,2011,4768.700000,E,12468.120000,I,2615.000000,I
134,470,Malta,15,Wheat,1995,2625.000000,A,6300.000000,A,2400.000000,A
134,470,Malta,15,Wheat,2006,4038.500000,E,10500.000000,E,2600.000000,E
134,470,Malta,15,Wheat,1994,2727.300000,E,6000.000000,E,2200.000000,E
134,470,Malta,15,Wheat,1986,3846.200000,E,5000.000000,E,1300.000000,E
134,470,Malta,15,Wheat,1991,3642.900000,E,5100.000000,E,1400.000000,E
134,470,Malta,15,Wheat,1990,3834.100000,E,4900.000000,E,1278.000000,E
134,470,Malta,15,Wheat,1961,1374.600000,A,2844.000000,A,2069.000000,A
136,478,Mauritania,15,Wheat,2024,2197.300000,E,2050.800000,I,933.000000,I
136,478,Mauritania,15,Wheat,1998,1416.500000,E,467.460000,I,330.000000,E
136,478,Mauritania,15,Wheat,1987,1019.600000,E,520.000000,E,510.000000,E
136,478,Mauritania,15,Wheat,1969,631.600000,E,240.000000,E,380.000000,E
136,478,Mauritania,15,Wheat,1988,1035.200000,E,530.000000,E,512.000000,E
136,478,Mauritania,15,Wheat,2008,2000.000000,A,4000.000000,A,2000.000000,A
136,478,Mauritania,15,Wheat,1962,222.200000,E,100.000000,E,450.000000,E
136,478,Mauritania,15,Wheat,1995,1289.300000,E,342.250000,I,265.000000,I
136,478,Mauritania,15,Wheat,2002,1673.100000,E,500.000000,E,299.000000,I
136,478,Mauritania,15,Wheat,1989,1054.700000,E,540.000000,E,512.000000,E
136,478,Mauritania,15,Wheat,2015,2014.300000,X,7050.000000,X,3500.000000,X
136,478,Mauritania,15,Wheat,1979,500.000000,E,200.000000,E,400.000000,E
136,478,Mauritania,15,Wheat,1967,605.300000,E,230.000000,E,380.000000,E
136,478,Mauritania,15,Wheat,2013,2117.200000,A,6684.000000,A,3157.000000,A
136,478,Mauritania,15,Wheat,1994,1216.900000,E,304.240000,I,250.000000,I
136,478,Mauritania,15,Wheat,1993,1000.000000,E,400.000000,E,400.000000,E
138,484,Mexico,15,Wheat,2009,4968.800000,A,4116161.000000,A,828408.000000,A
138,484,Mexico,15,Wheat,1963,2078.800000,A,1702989.000000,A,819210.000000,A
138,484,Mexico,15,Wheat,1961,1675.800000,A,1401909.000000,A,836538.000000,A
138,484,Mexico,15,Wheat,2002,5099.900000,A,3236183.000000,A,634559.000000,A
138,484,Mexico,15,Wheat,2018,5437.300000,A,2943445.120000,A,541345.000000,A
138,484,Mexico,15,Wheat,1979,3913.800000,A,2286525.000000,A,584226.000000,A
138,484,Mexico,15,Wheat,1985,4284.300000,A,5214315.000000,A,1217082.000000,A
138,484,Mexico,15,Wheat,1983,4041.000000,A,3463296.000000,A,857043.000000,A
138,484,Mexico,15,Wheat,2003,4491.200000,A,2715800.000000,A,604700.000000,A
138,484,Mexico,15,Wheat,1981,3714.100000,A,3193234.000000,A,859760.000000,A
141,496,Mongolia,15,Wheat,1963,836.200000,E,291000.000000,A,348000.000000,X
141,496,Mongolia,15,Wheat,1986,1420.300000,A,663700.000000,A,467300.000000,A
141,496,Mongolia,15,Wheat,1962,901.300000,E,288400.000000,A,320000.000000,X
141,496,Mongolia,15,Wheat,1964,941.600000,E,335200.000000,A,356000.000000,X
141,496,Mongolia,15,Wheat,1978,672.300000,A,279000.000000,A,415000.000000,A
141,496,Mongolia,15,Wheat,1981,721.300000,A,295500.000000,A,409700.000000,A
141,496,Mongolia,15,Wheat,1977,906.000000,A,318000.000000,A,351000.000000,A
141,496,Mongolia,15,Wheat,2020,1235.100000,A,406129.130000,A,328831.000000,A
141,496,Mongolia,15,Wheat,1976,864.200000,A,280000.000000,A,324000.000000,A
141,496,Mongolia,15,Wheat,2021,1442.700000,A,566273.030000,A,392503.000000,A
141,496,Mongolia,15,Wheat,2000,776.800000,A,138722.000000,A,178571.000000,A
141,496,Mongolia,15,Wheat,1961,368.500000,E,98400.000000,A,267000.000000,X
141,496,Mongolia,15,Wheat,1995,736.600000,A,256700.000000,A,348500.000000,A
141,496,Mongolia,15,Wheat,1965,803.900000,A,291000.000000,A,362000.000000,A
143,504,Morocco,15,Wheat,1982,1295.200000,A,2183400.000000,A,1685800.000000,A
143,504,Morocco,15,Wheat,2006,2036.500000,A,6326760.000000,A,3106700.000000,A
143,504,Morocco,15,Wheat,2009,2139.800000,A,6371430.000000,A,2977600.000000,A
143,504,Morocco,15,Wheat,1970,951.600000,A,1800500.000000,A,1892000.000000,A
143,504,Morocco,15,Wheat,1980,1056.200000,A,1811000.000000,A,1714700.000000,A
143,504,Morocco,15,Wheat,1969,749.900000,A,1469000.000000,A,1959000.000000,A
143,504,Morocco,15,Wheat,1992,701.100000,A,1562160.000000,A,2228300.000000,A
144,508,Mozambique,15,Wheat,2002,1038.500000,E,2700.000000,E,2600.000000,E
144,508,Mozambique,15,Wheat,1964,701.800000,E,8000.000000,E,11400.000000,E
144,508,Mozambique,15,Wheat,1977,400.000000,E,2000.000000,X,5000.000000,E
144,508,Mozambique,15,Wheat,2009,1250.000000,E,15000.000000,E,12000.000000,E
144,508,Mozambique,15,Wheat,1989,1250.000000,E,5000.000000,E,4000.000000,E
144,508,Mozambique,15,Wheat,1973,1333.300000,X,8000.000000,X,6000.000000,X
144,508,Mozambique,15,Wheat,1968,920.200000,E,9202.000000,A,10000.000000,E
144,508,Mozambique,15,Wheat,1962,789.500000,E,6000.000000,E,7600.000000,E
144,508,Mozambique,15,Wheat,1980,1000.000000,X,3000.000000,X,3000.000000,X
144,508,Mozambique,15,Wheat,1995,1140.100000,E,1349.220000,I,1183.000000,I
144,508,Mozambique,15,Wheat,2013,1095.100000,A,19800.000000,A,18081.000000,A
144,508,Mozambique,15,Wheat,2017,1103.200000,A,17100.000000,A,15500.000000,A
144,508,Mozambique,15,Wheat,1966,1100.000000,E,11000.000000,E,10000.000000,E
144,508,Mozambique,15,Wheat,1992,1111.100000,E,2000.000000,E,1800.000000,E
144,508,Mozambique,15,Wheat,1986,1250.000000,E,5000.000000,E,4000.000000,E
144,508,Mozambique,15,Wheat,1972,1000.000000,X,9000.000000,X,9000.000000,X
144,508,Mozambique,15,Wheat,2000,1000.000000,E,1500.000000,E,1500.000000,E
146,498,Republic of Moldova,15,Wheat,1998,2671.400000,A,952990.000000,A,356744.000000,A
146,498,Republic of Moldova,15,Wheat,2002,2506.800000,A,1116180.000000,A,445265.000000,A
146,498,Republic of Moldova,15,Wheat,1992,3286.800000,A,925764.000000,A,281664.000000,A
146,498,Republic of Moldova,15,Wheat,2009,2098.800000,A,736660.000000,A,350997.000000,A
146,498,Republic of Moldova,15,Wheat,2020,1897.000000,A,569735.000000,A,300341.000000,A
146,498,Republic of Moldova,15,Wheat,2005,2598.900000,A,1056690.000000,A,406594.000000,A
146,498,Republic of Moldova,15,Wheat,2024,3244.400000,A,1194779.000000,A,368254.000000,A
146,498,Republic of Moldova,15,Wheat,2008,3124.400000,A,1286332.000000,A,411703.000000,A
146,498,Republic of Moldova,15,Wheat,2014,3166.700000,A,1101682.000000,A,347891.000000,A
146,498,Republic of Moldova,15,Wheat,2023,4133.000000,A,1555023.800000,A,376247.000000,A
147,516,Namibia,15,Wheat,2008,6142.000000,A,14581.000000,A,2374.000000,A
147,516,Namibia,15,Wheat,1973,1750.000000,E,700.000000,E,400.000000,E
147,516,Namibia,15,Wheat,1997,4636.100000,A,5721.000000,A,1234.000000,A
147,516,Namibia,15,Wheat,2007,5134.200000,A,12163.000000,A,2369.000000,A
147,516,Namibia,15,Wheat,2020,5560.000000,A,11498.000000,A,2068.000000,A
147,516,Namibia,15,Wheat,1974,2000.000000,E,800.000000,E,400.000000,E
147,516,Namibia,15,Wheat,1984,2916.700000,E,3500.000000,E,1200.000000,E
147,516,Namibia,15,Wheat,2014,6666.700000,X,10000.000000,X,1500.000000,X
149,524,Nepal,15,Wheat,2017,2553.800000,A,1879191.460000,A,735850.000000,A
149,524,Nepal,15,Wheat,1979,1165.800000,A,415230.000000,A,356180.000000,A
149,524,Nepal,15,Wheat,1991,1410.300000,A,835970.000000,A,592740.000000,A
149,524,Nepal,15,Wheat,1976,1177.800000,A,387007.000000,A,328574.000000,A
149,524,Nepal,15,Wheat,2015,2591.400000,A,1975625.000000,A,762373.000000,A
149,524,Nepal,15,Wheat,1961,1227.300000,E,135000.000000,E,110000.000000,E
149,524,Nepal,15,Wheat,1971,846.600000,A,193360.000000,A,228400.000000,A
149,524,Nepal,15,Wheat,1999,1695.500000,A,1086480.000000,A,640802.000000,A
149,524,Nepal,15,Wheat,1983,1357.200000,A,656630.000000,A,483820.000000,A
149,524,Nepal,15,Wheat,2023,3007.400000,A,2098462.160000,A,697762.000000,A
150,528,Netherlands (Kingdom of the),15,Wheat,2015,9125.500000,A,1300085.000000,A,142468.000000,A
150,528,Netherlands (Kingdom of the),15,Wheat,2006,8394.000000,A,1184400.000000,A,141100.000000,A
150,528,Netherlands (Kingdom of the),15,Wheat,1997,7730.900000,A,1063000.000000,A,137500.000000,A
150,528,Netherlands (Kingdom of the),15,Wheat,1995,8618.900000,A,1167000.000000,A,135400.000000,A
150,528,Netherlands (Kingdom of the),15,Wheat,1985,6645.100000,A,851034.000000,A,128069.000000,A
150,528,Netherlands (Kingdom of the),15,Wheat,1961,3925.100000,A,482130.000000,A,122831.000000,A
153,540,New Caledonia,15,Wheat,2004,1894.500000,E,45.000000,A,24.000000,I
153,540,New Caledonia,15,Wheat,1979,1206.900000,A,70.000000,A,58.000000,A
153,540,New Caledonia,15,Wheat,2016,654.300000,E,8.480000,I,13.000000,I
153,540,New Caledonia,15,Wheat,1970,2857.100000,E,100.000000,A,35.000000,E
153,540,New Caledonia,15,Wheat,1976,2000.000000,E,50.000000,E,25.000000,E
154,807,North Macedonia,15,Wheat,2021,3463.000000,A,243676.000000,A,70366.000000,A
154,807,North Macedonia,15,Wheat,2018,3396.500000,A,241106.000000,A,70987.000000,A
154,807,North Macedonia,15,Wheat,1998,2961.500000,A,336562.000000,A,113647.000000,A
156,554,New Zealand,15,Wheat,1970,2648.200000,A,287212.000000,A,108457.000000,A
156,554,New Zealand,15,Wheat,1986,4156.400000,A,379700.000000,A,91353.000000,A
156,554,New Zealand,15,Wheat,1999,6061.000000,A,320000.000000,A,52797.000000,A
156,554,New Zealand,15,Wheat,1991,4814.900000,A,180690.000000,A,37527.000000,A
156,554,New Zealand,15,Wheat,1974,3183.000000,A,214582.000000,A,67414.000000,A
156,554,New Zealand,15,Wheat,2023,9668.100000,A,391615.000000,A,40506.000000,A
156,554,New Zealand,15,Wheat,2021,9712.200000,A,422831.000000,A,43536.000000,A
156,554,New Zealand,15,Wheat,2019,8852.200000,A,398092.000000,A,44971.000000,A
156,554,New Zealand,15,Wheat,1975,3119.800000,A,179874.000000,A,57656.000000,A
156,554,New Zealand,15,Wheat,2002,7146.700000,A,301499.000000,A,42187.000000,A
156,554,New Zealand,15,Wheat,2014,8626.700000,A,413497.000000,A,47932.000000,A
158,562,Niger,15,Wheat,1993,2200.000000,E,4400.000000,A,2000.000000,E
158,562,Niger,15,Wheat,2020,2891.100000,A,5519.800000,A,1909.000000,A
158,562,Niger,15,Wheat,1977,1583.300000,A,1900.000000,A,1200.000000,A
158,562,Niger,15,Wheat,1961,1227.000000,A,1000.000000,A,815.000000,A
158,562,Niger,15,Wheat,1978,2303.900000,A,2062.000000,A,895.000000,A
158,562,Niger,15,Wheat,2000,2004.900000,E,10946.000000,A,5460.000000,I
158,562,Niger,15,Wheat,1979,1088.900000,A,980.000000,A,900.000000,A
158,562,Niger,15,Wheat,1990,2888.900000,E,13000.000000,A,4500.000000,E
159,566,Nigeria,15,Wheat,1972,1739.100000,E,20000.000000,A,11500.000000,E
159,566,Nigeria,15,Wheat,2001,980.800000,A,51000.000000,A,52000.000000,A
159,566,Nigeria,15,Wheat,2000,1403.800000,A,73000.000000,A,52000.000000,A
159,566,Nigeria,15,Wheat,1964,1818.200000,A,20000.000000,A,11000.000000,A
159,566,Nigeria,15,Wheat,2015,1000.000000,X,60000.000000,X,60000.000000,X
159,566,Nigeria,15,Wheat,2022,2182.700000,E,31373.560000,I,14374.000000,I
159,566,Nigeria,15,Wheat,1995,2180.000000,A,43600.000000,A,20000.000000,A
162,578,Norway,15,Wheat,2016,4633.900000,A,309400.000000,A,66769.000000,A
162,578,Norway,15,Wheat,2000,4602.500000,A,313400.000000,A,68093.000000,A
162,578,Norway,15,Wheat,1987,4294.600000,A,249000.000000,A,57980.000000,A
162,578,Norway,15,Wheat,1975,3312.400000,A,51819.000000,A,15644.000000,A
162,578,Norway,15,Wheat,1998,4687.800000,A,323400.000000,A,68988.000000,A
162,578,Norway,15,Wheat,1974,4380.600000,A,62095.000000,A,14175.000000,A
162,578,Norway,15,Wheat,1971,3606.800000,A,10431.000000,A,2892.000000,A
162,578,Norway,15,Wheat,1979,4014.000000,A,67001.000000,A,16692.000000,A
162,578,Norway,15,Wheat,1976,3241.000000,A,65268.000000,A,20138.000000,A
162,578,Norway,15,Wheat,1964,2796.200000,A,20200.000000,A,7224.000000,A
162,578,Norway,15,Wheat,1965,2781.100000,A,11800.000000,A,4243.000000,A
162,578,Norway,15,Wheat,1970,3007.000000,A,11601.000000,A,3858.000000,A
162,578,Norway,15,Wheat,1973,3822.100000,A,19833.000000,A,5189.000000,A
162,578,Norway,15,Wheat,1993,5109.600000,A,360300.000000,A,70514.000000,A
165,586,Pakistan,15,Wheat,1964,829.200000,A,4162000.000000,A,5019000.000000,A
165,586,Pakistan,15,Wheat,2018,2850.500000,A,25076149.000000,A,8797227.000000,A
165,586,Pakistan,15,Wheat,1994,1893.500000,A,15213000.000000,A,8034200.000000,A
165,586,Pakistan,15,Wheat,1996,2018.400000,A,16907400.000000,A,8376500.000000,A
165,586,Pakistan,15,Wheat,1998,2237.600000,A,18694000.000000,A,8354600.000000,A
165,586,Pakistan,15,Wheat,1983,1678.100000,A,12414400.000000,A,7397900.000000,A
165,586,Pakistan,15,Wheat,1973,1246.500000,A,7442570.000000,A,5970649.000000,A
165,586,Pakistan,15,Wheat,2014,2824.100000,A,25979399.000000,A,9199318.000000,A
165,586,Pakistan,15,Wheat,1963,830.300000,A,4170000.000000,A,5022000.000000,A
165,586,Pakistan,15,Wheat,1980,1568.000000,A,10856500.000000,A,6923700.000000,A
165,586,Pakistan,15,Wheat,2020,2867.500000,A,25247511.000000,A,8804677.000000,A
165,586,Pakistan,15,Wheat,2008,2451.400000,A,20958800.000000,A,8549800.000000,A
165,586,Pakistan,15,Wheat,2022,2919.600000,A,26208672.000000,A,8976900.000000,A
167,203,Czechia,15,Wheat,1993,4235.000000,A,3304271.000000,A,780236.000000,A
167,203,Czechia,15,Wheat,2003,4068.400000,A,2637891.000000,A,648390.000000,A
167,203,Czechia,15,Wheat,2015,6355.900000,A,5274272.000000,A,829820.000000,A
169,600,Paraguay,15,Wheat,1977,981.300000,A,28261.000000,A,28800.000000,A
169,600,Paraguay,15,Wheat,2021,2061.700000,A,927776.000000,A,450000.000000,A
169,600,Paraguay,15,Wheat,1975,709.200000,A,17872.000000,A,25200.000000,A
169,600,Paraguay,15,Wheat,2007,2500.000000,A,800000.000000,A,320000.000000,A
169,600,Paraguay,15,Wheat,1981,1237.700000,A,98895.000000,A,79900.000000,A
169,600,Paraguay,15,Wheat,1991,1563.600000,A,240538.000000,A,153837.000000,A
169,600,Paraguay,15,Wheat,2016,2200.000000,A,1144000.000000,A,520000.000000,A
169,600,Paraguay,15,Wheat,1972,546.600000,A,17600.000000,A,32200.000000,A
169,600,Paraguay,15,Wheat,1986,1599.600000,E,241543.000000,A,151000.000000,X
169,600,Paraguay,15,Wheat,2019,2800.000000,A,1358000.000000,A,485000.000000,A
169,600,Paraguay,15,Wheat,1997,1786.200000,A,400189.000000,A,224046.000000,A
169,600,Paraguay,15,Wheat,1966,1100.000000,A,9160.000000,A,8327.000000,A
170,604,Peru,15,Wheat,2017,1505.000000,A,192099.000000,A,127640.000000,A
170,604,Peru,15,Wheat,1974,924.100000,A,127364.000000,A,137825.000000,A
170,604,Peru,15,Wheat,1989,1355.100000,A,159305.000000,A,117562.000000,A
170,604,Peru,15,Wheat,1990,1084.700000,A,88487.000000,A,81578.000000,A
170,604,Peru,15,Wheat,1991,855.300000,A,87275.000000,A,102036.000000,A
170,604,Peru,15,Wheat,1982,1059.700000,A,102711.000000,A,96921.000000,A
170,604,Peru,15,Wheat,2007,1256.200000,A,181552.000000,A,144524.000000,A
170,604,Peru,15,Wheat,1968,830.000000,A,112912.000000,A,136040.000000,A
173,616,Poland,15,Wheat,1972,2513.500000,A,5146800.000000,A,2047700.000000,A
173,616,Poland,15,Wheat,2008,4071.600000,A,9274920.000000,A,2277950.000000,A
173,616,Poland,15,Wheat,1966,2150.100000,A,3556100.000000,A,1653900.000000,A
173,616,Poland,15,Wheat,1981,2964.800000,A,4203256.000000,A,1417734.000000,A
173,616,Poland,15,Wheat,2001,3533.600000,A,9283044.000000,A,2627047.000000,A
173,616,Poland,15,Wheat,1975,2826.400000,A,5206500.000000,A,1842100.000000,A
174,620,Portugal,15,Wheat,1962,885.700000,A,645000.000000,A,728236.000000,A
174,620,Portugal,15,Wheat,1964,688.700000,A,471856.000000,A,685144.000000,A
174,620,Portugal,15,Wheat,1984,1595.200000,A,467860.000000,A,293288.000000,A
174,620,Portugal,15,Wheat,2003,858.100000,A,149569.000000,A,174307.000000,A
174,620,Portugal,15,Wheat,1968,1242.500000,A,762911.000000,A,614000.000000,A
174,620,Portugal,15,Wheat,2016,2356.500000,A,90017.000000,A,38199.000000,A
178,232,Eritrea,15,Wheat,2015,1000.000000,X,25000.000000,X,25000.000000,X
178,232,Eritrea,15,Wheat,2013,1200.000000,X,30000.000000,X,25000.000000,X
178,232,Eritrea,15,Wheat,2012,1269.200000,X,33000.000000,X,26000.000000,X
178,232,Eritrea,15,Wheat,2011,1115.400000,X,29000.000000,X,26000.000000,X
178,232,Eritrea,15,Wheat,2005,1156.500000,A,21559.000000,A,18642.000000,A
178,232,Eritrea,15,Wheat,2001,1165.800000,A,36490.000000,A,31300.000000,A
178,232,Eritrea,15,Wheat,2018,1000.000000,X,25000.000000,X,25000.000000,X
178,232,Eritrea,15,Wheat,2009,1070.600000,A,26142.000000,A,24417.000000,A
179,634,Qatar,15,Wheat,1976,933.300000,E,28.000000,A,30.000000,E
179,634,Qatar,15,Wheat,1981,2321.400000,A,130.000000,A,56.000000,A
179,634,Qatar,15,Wheat,1999,2305.600000,A,83.000000,A,36.000000,A
179,634,Qatar,15,Wheat,2008,3000.000000,A,30.000000,A,10.000000,A
179,634,Qatar,15,Wheat,1984,2703.100000,A,173.000000,A,64.000000,A
179,634,Qatar,15,Wheat,1965,,,0.000000,A,0.000000,A
179,634,Qatar,15,Wheat,2000,2305.600000,A,83.000000,A,36.000000,A
179,634,Qatar,15,Wheat,1975,800.000000,E,16.000000,A,20.000000,E
179,634,Qatar,15,Wheat,2009,2333.300000,A,49.000000,A,21.000000,A
179,634,Qatar,15,Wheat,2022,1800.000000,A,0.900000,A,1.000000,A
179,634,Qatar,15,Wheat,1970,,,0.000000,A,0.000000,A
179,634,Qatar,15,Wheat,1994,2306.500000,A,143.000000,A,62.000000,A
181,716,Zimbabwe,15,Wheat,1963,1953.000000,A,1869.000000,A,957.000000,A
181,716,Zimbabwe,15,Wheat,1991,5891.200000,A,259213.000000,A,44000.000000,A
181,716,Zimbabwe,15,Wheat,2020,4779.600000,A,212530.000000,A,44466.000000,A
181,716,Zimbabwe,15,Wheat,1979,4393.100000,A,161963.000000,A,36868.000000,A
181,716,Zimbabwe,15,Wheat,1998,5500.000000,A,242121.000000,A,44022.000000,A
181,716,Zimbabwe,15,Wheat,1988,5709.100000,A,256910.000000,A,45000.000000,A
181,716,Zimbabwe,15,Wheat,2003,3000.000000,A,122427.000000,A,40809.000000,A
181,716,Zimbabwe,15,Wheat,1966,2009.100000,A,8878.000000,A,4419.000000,A
181,716,Zimbabwe,15,Wheat,2012,2490.200000,E,53231.780000,I,21377.000000,I
181,716,Zimbabwe,15,Wheat,2010,2778.800000,E,18000.000000,X,6478.000000,I
183,642,Romania,15,Wheat,2007,1610.000000,A,3044465.000000,A,1890921.000000,A
183,642,Romania,15,Wheat,2018,4793.500000,A,10143670.000000,A,2116150.000000,A
183,642,Romania,15,Wheat,2016,3948.400000,A,8431131.000000,A,2135304.000000,A
183,642,Romania,15,Wheat,2010,2700.000000,A,5811810.000000,A,2152523.000000,A
183,642,Romania,15,Wheat,1966,1669.100000,A,5064700.000000,A,3034400.000000,A
183,642,Romania,15,Wheat,2015,3787.200000,A,7962421.000000,A,2102444.000000,A
183,642,Romania,15,Wheat,2017,4891.100000,A,10034955.000000,A,2051664.000000,A
183,642,Romania,15,Wheat,1987,2813.400000,A,6632000.000000,A,2357300.000000,A
183,642,Romania,15,Wheat,1969,1576.000000,A,4348787.000000,A,2759300.000000,A
184,646,Rwanda,15,Wheat,1981,771.300000,A,1042.000000,A,1351.000000,A
184,646,Rwanda,15,Wheat,2002,617.100000,A,7434.000000,A,12046.000000,A
184,646,Rwanda,15,Wheat,1961,786.900000,A,1200.000000,A,1525.000000,A
184,646,Rwanda,15,Wheat,1987,922.000000,E,6740.000000,A,7310.000000,E
184,646,Rwanda,15,Wheat,1996,1135.700000,E,6814.000000,A,6000.000000,E
184,646,Rwanda,15,Wheat,1985,998.800000,A,5000.000000,A,5006.000000,A
184,646,Rwanda,15,Wheat,1990,1181.100000,A,11000.000000,A,9313.000000,A
185,643,Russian Federation,15,Wheat,2006,1949.200000,A,44926880.000000,A,23049100.000000,A
185,643,Russian Federation,15,Wheat,2015,2388.300000,A,61785799.200000,A,25870340.000000,A
186,891,Serbia and Montenegro,15,Wheat,1996,2584.600000,A,1507100.000000,A,583100.000000,A
186,891,Serbia and Montenegro,15,Wheat,2004,4334.000000,A,2761200.000000,A,637100.000000,A
194,682,Saudi Arabia,15,Wheat,2021,6700.000000,A,612582.000000,A,91430.000000,A
194,682,Saudi Arabia,15,Wheat,1992,4460.900000,A,4123660.000000,A,924407.000000,A
194,682,Saudi Arabia,15,Wheat,1999,4252.600000,A,2046000.000000,A,481114.000000,A
194,682,Saudi Arabia,15,Wheat,2006,5617.200000,A,2630394.000000,A,468271.000000,A
194,682,Saudi Arabia,15,Wheat,1961,1470.600000,E,125000.000000,E,85000.000000,E
194,682,Saudi Arabia,15,Wheat,2019,5902.300000,A,500175.000000,A,84743.000000,A
194,682,Saudi Arabia,15,Wheat,2024,6349.700000,E,820392.780000,E,129202.000000,E
194,682,Saudi Arabia,15,Wheat,2011,6142.900000,A,1184454.000000,A,192818.000000,A
198,705,Slovenia,15,Wheat,2010,4804.400000,A,153481.000000,A,31946.000000,A
198,705,Slovenia,15,Wheat,1992,4193.700000,A,152705.000000,A,36413.000000,A
199,703,Slovakia,15,Wheat,2012,3285.600000,A,1275302.000000,A,388147.000000,A
199,703,Slovakia,15,Wheat,1998,4172.600000,A,1789299.000000,A,428826.000000,A
199,703,Slovakia,15,Wheat,2003,3031.300000,A,930363.000000,A,306916.000000,A
199,703,Slovakia,15,Wheat,1993,3847.400000,A,1528513.000000,A,397282.000000,A
199,703,Slovakia,15,Wheat,2013,4580.800000,A,1684274.000000,A,367682.000000,A
201,706,Somalia,15,Wheat,2004,378.600000,E,1000.000000,E,2641.000000,I
201,706,Somalia,15,Wheat,2011,390.100000,E,1005.500000,I,2578.000000,I
201,706,Somalia,15,Wheat,1996,371.400000,E,920.070000,I,2477.000000,I
201,706,Somalia,15,Wheat,1993,370.000000,E,925.000000,E,2500.000000,E
201,706,Somalia,15,Wheat,1974,0.000000,E,0.000000,A,3500.000000,E
201,706,Somalia,15,Wheat,1988,370.300000,E,1370.000000,E,3700.000000,E
201,706,Somalia,15,Wheat,1994,370.100000,E,999.380000,I,2700.000000,E
201,706,Somalia,15,Wheat,1989,368.400000,E,1400.000000,E,3800.000000,E
201,706,Somalia,15,Wheat,1962,,,0.000000,A,0.000000,A
201,706,Somalia,15,Wheat,1998,375.000000,E,900.000000,E,2400.000000,E
201,706,Somalia,15,Wheat,1972,0.000000,A,0.000000,A,800.000000,A
201,706,Somalia,15,Wheat,2005,387.100000,E,1200.000000,E,3100.000000,E
201,706,Somalia,15,Wheat,1995,370.800000,E,919.890000,I,2481.000000,I
202,710,South Africa,15,Wheat,1996,2096.100000,A,2711991.000000,A,1293800.000000,A
202,710,South Africa,15,Wheat,1993,1845.400000,A,1983770.000000,A,1075000.000000,A
202,710,South Africa,15,Wheat,2015,2986.600000,A,1440000.000000,A,482150.000000,A
202,710,South Africa,15,Wheat,1964,803.600000,A,1060000.000000,A,1319000.000000,A
202,710,South Africa,15,Wheat,1986,1198.900000,A,2333000.000000,A,1946000.000000,A
202,710,South Africa,15,Wheat,1997,1757.500000,A,2428840.000000,A,1382000.000000,A
202,710,South Africa,15,Wheat,2014,3672.100000,A,1750000.000000,A,476570.000000,A
203,724,Spain,15,Wheat,1992,1942.600000,A,4357506.000000,A,2243100.000000,A
203,724,Spain,15,Wheat,2023,2068.300000,A,4049230.000000,A,1957760.000000,A
203,724,Spain,15,Wheat,1983,1639.200000,A,4267900.000000,A,2603600.000000,A
203,724,Spain,15,Wheat,1962,1130.700000,A,4819545.000000,A,4262540.000000,A
203,724,Spain,15,Wheat,1977,1496.900000,A,4064100.000000,A,2715000.000000,A
203,724,Spain,15,Wheat,1966,1164.600000,A,4881000.000000,A,4191000.000000,A
203,724,Spain,15,Wheat,2007,3569.200000,A,6436359.000000,A,1803313.000000,A
203,724,Spain,15,Wheat,1998,2842.400000,A,5436300.000000,A,1912560.000000,A
203,724,Spain,15,Wheat,2009,2710.300000,A,4804772.000000,A,1772752.000000,A
203,724,Spain,15,Wheat,2011,3447.500000,A,6876657.000000,A,1994653.000000,A
206,736,Sudan (former),15,Wheat,1999,1211.300000,A,172000.000000,A,142000.000000,A
206,736,Sudan (former),15,Wheat,2003,1964.500000,E,332000.000000,A,169000.000000,E
206,736,Sudan (former),15,Wheat,1987,1325.300000,A,157000.000000,A,118460.000000,A
206,736,Sudan (former),15,Wheat,1962,1658.800000,A,28500.000000,A,17181.000000,A
206,736,Sudan (former),15,Wheat,1961,1609.800000,A,26400.000000,A,16400.000000,A
208,762,Tajikistan,15,Wheat,1995,888.200000,A,170000.000000,A,191400.000000,A
208,762,Tajikistan,15,Wheat,1994,840.900000,A,149000.000000,A,177200.000000,A
208,762,Tajikistan,15,Wheat,2007,2350.000000,A,649300.000000,A,276300.000000,A
208,762,Tajikistan,15,Wheat,2003,1971.600000,A,660222.000000,A,334866.000000,A
208,762,Tajikistan,15,Wheat,2016,3082.800000,A,917081.400000,A,297479.000000,A
208,762,Tajikistan,15,Wheat,2004,1989.700000,A,631328.000000,A,317300.000000,A
208,762,Tajikistan,15,Wheat,2019,3170.500000,A,836884.000000,A,263960.000000,A
208,762,Tajikistan,15,Wheat,1993,851.300000,A,170600.000000,A,200400.000000,A
208,762,Tajikistan,15,Wheat,2020,3138.000000,E,846000.000000,X,269600.000000,A
209,748,Eswatini,15,Wheat,1995,1500.000000,E,450.000000,A,300.000000,E
209,748,Eswatini,15,Wheat,2024,1853.900000,E,721.770000,E,389.000000,I
209,748,Eswatini,15,Wheat,1985,3250.000000,E,1300.000000,E,400.000000,E
209,748,Eswatini,15,Wheat,2020,1873.200000,E,719.990000,I,384.000000,I
209,748,Eswatini,15,Wheat,1998,1590.900000,E,350.000000,E,220.000000,E
209,748,Eswatini,15,Wheat,1987,3250.000000,E,1300.000000,E,400.000000,E
209,748,Eswatini,15,Wheat,2022,1859.300000,E,719.660000,E,387.000000,I
209,748,Eswatini,15,Wheat,1973,2938.400000,A,1431.000000,A,487.000000,A
210,752,Sweden,15,Wheat,1992,5324.900000,A,1406300.000000,A,264100.000000,A
210,752,Sweden,15,Wheat,2012,6237.900000,A,2289300.000000,A,367000.000000,A
210,752,Sweden,15,Wheat,1997,5974.200000,A,2056200.000000,A,344180.000000,A
210,752,Sweden,15,Wheat,2024,6169.400000,A,2930600.000000,A,475020.000000,A
210,752,Sweden,15,Wheat,1984,5633.700000,A,1775700.000000,A,315191.000000,A
210,752,Sweden,15,Wheat,1976,4466.800000,A,1764640.000000,A,395061.000000,A
210,752,Sweden,15,Wheat,1987,4791.300000,A,1557800.000000,A,325130.000000,A
210,752,Sweden,15,Wheat,2003,5484.900000,A,2256200.000000,A,411348.000000,A
210,752,Sweden,15,Wheat,1979,4125.600000,A,1003050.000000,A,243128.000000,A
210,752,Sweden,15,Wheat,2020,7156.100000,A,3214300.000000,A,449170.000000,A
210,752,Sweden,15,Wheat,1961,3262.700000,A,839170.000000,A,257199.000000,A
211,756,Switzerland,15,Wheat,2016,4370.500000,A,386720.000000,A,88484.000000,A
211,756,Switzerland,15,Wheat,1961,2713.400000,A,316000.000000,A,116460.000000,A
211,756,Switzerland,15,Wheat,2012,5776.300000,A,515595.000000,A,89260.000000,A
211,756,Switzerland,15,Wheat,1993,5938.200000,A,573811.000000,A,96630.000000,A
211,756,Switzerland,15,Wheat,2023,5139.700000,A,447449.000000,A,87057.000000,A
211,756,Switzerland,15,Wheat,1995,5979.800000,A,613368.000000,A,102574.000000,A
211,756,Switzerland,15,Wheat,2018,5830.100000,A,511446.000000,A,87725.000000,A
211,756,Switzerland,15,Wheat,1982,4915.700000,A,434200.000000,A,88330.000000,A
211,756,Switzerland,15,Wheat,2014,6348.900000,A,550826.000000,A,86759.000000,A
211,756,Switzerland,15,Wheat,1970,3566.400000,A,347800.000000,A,97520.000000,A
211,756,Switzerland,15,Wheat,2009,6021.400000,A,549919.000000,A,91328.000000,A
211,756,Switzerland,15,Wheat,2010,5749.000000,A,524017.000000,A,91150.000000,A
212,760,Syrian Arab Republic,15,Wheat,1972,1335.300000,A,1808000.000000,A,1354000.000000,A
212,760,Syrian Arab Republic,15,Wheat,2006,2759.900000,A,4932000.000000,A,1787000.000000,A
212,760,Syrian Arab Republic,15,Wheat,1973,402.100000,A,593462.000000,A,1475769.000000,A
212,760,Syrian Arab Republic,15,Wheat,2007,2423.100000,A,4041100.000000,A,1667730.000000,A
212,760,Syrian Arab Republic,15,Wheat,1981,1662.900000,A,2086953.000000,A,1254974.000000,A
212,760,Syrian Arab Republic,15,Wheat,1998,2388.500000,A,4111625.000000,A,1721412.000000,A
212,760,Syrian Arab Republic,15,Wheat,1989,823.200000,A,1020000.000000,A,1239000.000000,A
212,760,Syrian Arab Republic,15,Wheat,2002,2843.600000,A,4775440.000000,A,1679350.000000,A
213,795,Turkmenistan,15,Wheat,2000,2414.300000,X,1690000.000000,X,700000.000000,X
213,795,Turkmenistan,15,Wheat,2010,1700.000000,A,1476620.000000,A,868600.000000,A
213,795,Turkmenistan,15,Wheat,2007,1300.000000,A,1082770.000000,A,832900.000000,A
214,158,"China, Taiwan Province of",15,Wheat,2021,1500.000000,X,3000.000000,X,2000.000000,X
214,158,"China, Taiwan Province of",15,Wheat,2014,3083.300000,A,6811.000000,A,2209.000000,A
214,158,"China, Taiwan Province of",15,Wheat,1978,2080.800000,A,2395.000000,A,1151.000000,A
214,158,"China, Taiwan Province of",15,Wheat,1982,2295.600000,A,2314.000000,A,1008.000000,A
214,158,"China, Taiwan Province of",15,Wheat,2012,3344.200000,A,6859.000000,A,2051.000000,A
215,834,United Republic of Tanzania,15,Wheat,1986,1813.700000,A,71640.000000,A,39500.000000,A
215,834,United Republic of Tanzania,15,Wheat,1996,1395.700000,A,83600.000000,A,59900.000000,A
215,834,United Republic of Tanzania,15,Wheat,2012,991.500000,A,108887.000000,A,109816.000000,A
215,834,United Republic of Tanzania,15,Wheat,2023,1442.000000,E,86522.000000,A,60000.000000,X
215,834,United Republic of Tanzania,15,Wheat,2021,1000.000000,E,70000.000000,A,70000.000000,X
216,764,Thailand,15,Wheat,2021,1009.800000,E,1317.530000,E,1305.000000,I
216,764,Thailand,15,Wheat,1991,486.100000,A,419.000000,A,862.000000,A
216,764,Thailand,15,Wheat,1961,,,0.000000,A,0.000000,A
216,764,Thailand,15,Wheat,2004,756.600000,E,911.050000,I,1204.000000,I
216,764,Thailand,15,Wheat,1967,,,0.000000,A,0.000000,A
221,512,Oman,15,Wheat,2002,3164.800000,A,1421.000000,A,449.000000,A
221,512,Oman,15,Wheat,1967,1416.700000,E,1700.000000,E,1200.000000,E
221,512,Oman,15,Wheat,1997,2500.000000,E,1250.000000,E,500.000000,E
221,512,Oman,15,Wheat,1977,833.300000,E,500.000000,E,600.000000,E
221,512,Oman,15,Wheat,2006,2808.000000,A,775.000000,A,276.000000,A
222,788,Tunisia,15,Wheat,1972,1015.800000,E,965000.000000,A,950000.000000,E
222,788,Tunisia,15,Wheat,2006,1494.100000,A,1250600.000000,A,837000.000000,A
222,788,Tunisia,15,Wheat,1992,1703.000000,A,1584100.000000,A,930200.000000,A
222,788,Tunisia,15,Wheat,1977,787.000000,E,750000.000000,E,953000.000000,A
222,788,Tunisia,15,Wheat,1991,1700.600000,A,1786100.000000,A,1050300.000000,A
222,788,Tunisia,15,Wheat,1994,1069.400000,A,502600.000000,A,470000.000000,A
223,792,Türkiye,15,Wheat,2003,2098.700000,A,19000000.000000,A,9053398.000000,A
223,792,Türkiye,15,Wheat,1983,1775.500000,A,16437000.000000,A,9257414.000000,A
223,792,Türkiye,15,Wheat,1971,1548.500000,A,13594000.000000,A,8779000.000000,A
223,792,Türkiye,15,Wheat,2013,2845.100000,A,22050000.000000,A,7750272.000000,A
223,792,Türkiye,15,Wheat,1975,1593.100000,A,14830000.000000,A,9309000.000000,A
223,792,Türkiye,15,Wheat,1996,1985.200000,A,18500000.000000,A,9319033.000000,A
223,792,Türkiye,15,Wheat,1981,1835.700000,A,17050000.000000,A,9288000.000000,A
223,792,Türkiye,15,Wheat,1962,1081.800000,A,8580000.000000,A,7931000.000000,A
223,792,Türkiye,15,Wheat,2022,2991.600000,A,19750000.000000,A,6601834.000000,A
223,792,Türkiye,15,Wheat,2000,2292.800000,A,21000000.000000,A,9159036.000000,A
225,784,United Arab Emirates,15,Wheat,2018,,,,M,,M
225,784,United Arab Emirates,15,Wheat,1968,,,0.000000,A,0.000000,A
225,784,United Arab Emirates,15,Wheat,2003,2500.000000,A,15.000000,A,6.000000,A
225,784,United Arab Emirates,15,Wheat,2019,,,,M,,M
225,784,United Arab Emirates,15,Wheat,1989,1924.700000,A,1201.000000,A,624.000000,A
225,784,United Arab Emirates,15,Wheat,2016,,,,M,,M
225,784,United Arab Emirates,15,Wheat,2001,3533.300000,A,159.000000,A,45.000000,A
225,784,United Arab Emirates,15,Wheat,1982,2000.000000,A,1780.000000,A,890.000000,A
225,784,United Arab Emirates,15,Wheat,2015,,,,M,,M
225,784,United Arab Emirates,15,Wheat,1983,1417.800000,E,1276.000000,A,900.000000,E
225,784,United Arab Emirates,15,Wheat,2017,,,,M,,M
225,784,United Arab Emirates,15,Wheat,2022,,,,M,,M
226,800,Uganda,15,Wheat,1996,1800.000000,A,9000.000000,A,5000.000000,A
226,800,Uganda,15,Wheat,2019,1621.300000,E,24000.000000,X,14803.000000,I
226,800,Uganda,15,Wheat,2001,1750.000000,A,14000.000000,A,8000.000000,A
226,800,Uganda,15,Wheat,1981,2000.000000,A,8000.000000,A,4000.000000,A
226,800,Uganda,15,Wheat,1990,2000.000000,A,4000.000000,A,2000.000000,A
226,800,Uganda,15,Wheat,1972,2300.000000,A,6900.000000,A,3000.000000,A
226,800,Uganda,15,Wheat,1962,,,0.000000,A,0.000000,A
228,810,USSR,15,Wheat,1969,1151.600000,A,75122000.000000,A,65230000.000000,A
228,810,USSR,15,Wheat,1981,1294.700000,A,76650000.000000,A,59204000.000000,A
228,810,USSR,15,Wheat,1971,1449.700000,A,92834000.000000,A,64035008.000000,A
228,810,USSR,15,Wheat,1976,1530.900000,A,91086000.000000,A,59500000.000000,A
229,826,United Kingdom of Great Britain and Northern Ireland,15,Wheat,1994,7352.000000,A,13314154.000000,A,1810955.000000,A
229,826,United Kingdom of Great Britain and Northern Ireland,15,Wheat,1995,7699.200000,A,14309981.000000,A,1858642.000000,A
229,826,United Kingdom of Great Britain and Northern Ireland,15,Wheat,2004,7775.400000,A,15473000.000000,A,1990000.000000,A
229,826,United Kingdom of Great Britain and Northern Ireland,15,Wheat,1964,4247.500000,A,3793000.000000,A,893000.000000,A
229,826,United Kingdom of Great Britain and Northern Ireland,15,Wheat,2008,8281.400000,A,17227051.000000,A,2080209.000000,A
229,826,United Kingdom of Great Britain and Northern Ireland,15,Wheat,1961,3537.200000,A,2614000.000000,A,739000.000000,A
229,826,United Kingdom of Great Britain and Northern Ireland,15,Wheat,1984,7720.500000,A,14970000.000000,A,1939000.000000,A
229,826,United Kingdom of Great Britain and Northern Ireland,15,Wheat,1981,5841.700000,A,8710000.000000,A,1491000.000000,A
230,804,Ukraine,15,Wheat,2013,3393.100000,A,22279300.000000,A,6566100.000000,A
230,804,Ukraine,15,Wheat,1999,2290.300000,A,13585300.000000,A,5931600.000000,A
230,804,Ukraine,15,Wheat,2019,4156.600000,A,28370280.000000,A,6825300.000000,A
230,804,Ukraine,15,Wheat,2012,2799.900000,A,15762600.000000,A,5629700.000000,A
231,840,United States of America,15,Wheat,1978,2113.600000,A,48322656.000000,A,22862960.000000,A
231,840,United States of America,15,Wheat,1999,2872.600000,A,62567284.000000,A,21781000.000000,A
231,840,United States of America,15,Wheat,2020,3341.700000,A,49751180.000000,A,14888140.000000,A
231,840,United States of America,15,Wheat,2008,3017.500000,A,68016096.000000,A,22540828.000000,A
231,840,United States of America,15,Wheat,2014,2937.800000,A,55147120.000000,A,18771550.000000,A
231,840,United States of America,15,Wheat,1997,2657.400000,A,67536000.000000,A,25414000.000000,A
231,840,United States of America,15,Wheat,1973,2124.800000,A,46560784.000000,A,21912608.000000,A
231,840,United States of America,15,Wheat,2013,3167.300000,A,58104610.000000,A,18345410.000000,A
231,840,United States of America,15,Wheat,2011,2942.200000,A,54418808.000000,A,18496174.000000,A
231,840,United States of America,15,Wheat,1990,2656.700000,A,74294000.000000,A,27965000.000000,A
231,840,United States of America,15,Wheat,2021,2980.500000,A,44803690.000000,A,15032210.000000,A
231,840,United States of America,15,Wheat,2016,3540.800000,A,62831507.000000,A,17744851.000000,A
231,840,United States of America,15,Wheat,2024,3446.200000,A,53650020.000000,A,15568020.000000,A
234,858,Uruguay,15,Wheat,2022,4250.100000,A,1283100.000000,A,301900.000000,A
234,858,Uruguay,15,Wheat,2017,3520.900000,A,757000.000000,A,215000.000000,A
234,858,Uruguay,15,Wheat,1980,1348.500000,A,306577.000000,A,227346.000000,A
234,858,Uruguay,15,Wheat,1964,1225.200000,A,645816.000000,A,527100.000000,A
234,858,Uruguay,15,Wheat,2006,2958.300000,A,454100.000000,A,153500.000000,A
235,860,Uzbekistan,15,Wheat,1997,2199.400000,A,3229200.000000,A,1468200.000000,A
235,860,Uzbekistan,15,Wheat,2021,4824.500000,A,5984756.000000,A,1240490.000000,A
236,862,Venezuela (Bolivarian Republic of),15,Wheat,1991,345.900000,E,310.000000,A,896.000000,I
236,862,Venezuela (Bolivarian Republic of),15,Wheat,1973,459.900000,A,682.000000,A,1483.000000,A
236,862,Venezuela (Bolivarian Republic of),15,Wheat,1998,1645.300000,E,517.000000,A,314.000000,I
236,862,Venezuela (Bolivarian Republic of),15,Wheat,2010,2994.200000,E,183.000000,A,61.000000,I
236,862,Venezuela (Bolivarian Republic of),15,Wheat,1963,524.900000,A,1105.000000,A,2105.000000,A
236,862,Venezuela (Bolivarian Republic of),15,Wheat,1979,373.900000,A,415.000000,A,1110.000000,A
236,862,Venezuela (Bolivarian Republic of),15,Wheat,2000,2574.900000,E,517.000000,A,201.000000,I
236,862,Venezuela (Bolivarian Republic of),15,Wheat,1983,379.700000,A,303.000000,A,798.000000,A
236,862,Venezuela (Bolivarian Republic of),15,Wheat,1972,443.100000,A,639.000000,A,1442.000000,A
236,862,Venezuela (Bolivarian Republic of),15,Wheat,1982,373.100000,A,347.000000,A,930.000000,A
238,231,Ethiopia,15,Wheat,2015,2794.100000,A,4650933.630000,A,1664565.000000,A
238,231,Ethiopia,15,Wheat,2005,1556.700000,A,2176603.000000,A,1398215.000000,A
238,231,Ethiopia,15,Wheat,2008,1624.500000,E,2383923.670000,E,1467461.000000,E
238,231,Ethiopia,15,Wheat,2001,1325.900000,A,1596020.000000,A,1203720.000000,A
248,890,Yugoslav SFR,15,Wheat,1970,2068.700000,A,3792000.000000,A,1833000.000000,A
248,890,Yugoslav SFR,15,Wheat,1983,3433.800000,A,5525000.000000,A,1609000.000000,A
248,890,Yugoslav SFR,15,Wheat,1982,3348.900000,A,5218200.000000,A,1558200.000000,A
249,887,Yemen,15,Wheat,2005,1313.400000,A,112963.000000,A,86010.000000,A
249,887,Yemen,15,Wheat,2016,1558.300000,A,95917.000000,A,61553.000000,A
249,887,Yemen,15,Wheat,1969,1119.000000,X,35940.000000,X,32118.000000,X
249,887,Yemen,15,Wheat,2003,1199.700000,A,103794.000000,A,86520.000000,A
249,887,Yemen,15,Wheat,1980,1000.000000,A,73000.000000,A,73000.000000,A
249,887,Yemen,15,Wheat,1970,910.200000,A,38500.000000,A,42300.000000,A
249,887,Yemen,15,Wheat,1977,1113.500000,A,88332.000000,A,79326.000000,A
249,887,Yemen,15,Wheat,1982,1148.100000,X,82384.000000,X,71756.000000,X
250,180,Democratic Republic of the Congo,15,Wheat,2017,1258.800000,E,10000.000000,E,7944.000000,I
250,180,Democratic Republic of the Congo,15,Wheat,1969,1140.000000,E,3420.000000,A,3000.000000,E
250,180,Democratic Republic of the Congo,15,Wheat,1996,1290.100000,A,10255.000000,A,7949.000000,A
250,180,Democratic Republic of the Congo,15,Wheat,1981,596.200000,A,3100.000000,A,5200.000000,A
250,180,Democratic Republic of the Congo,15,Wheat,1997,1289.400000,A,10342.000000,A,8021.000000,A
250,180,Democratic Republic of the Congo,15,Wheat,1974,629.600000,A,3400.000000,A,5400.000000,A
250,180,Democratic Republic of the Congo,15,Wheat,2003,1212.900000,E,8490.000000,A,7000.000000,E
250,180,Democratic Republic of the Congo,15,Wheat,1972,434.000000,A,1655.000000,A,3813.000000,A
250,180,Democratic Republic of the Congo,15,Wheat,1988,915.300000,A,6590.000000,A,7200.000000,A
250,180,Democratic Republic of the Congo,15,Wheat,1993,1280.300000,E,9730.000000,A,7600.000000,E
250,180,Democratic Republic of the Congo,15,Wheat,1962,990.000000,E,2970.000000,A,3000.000000,E
250,180,Democratic Republic of the Congo,15,Wheat,1985,586.200000,A,3400.000000,A,5800.000000,A
251,894,Zambia,15,Wheat,1970,1010.000000,E,101.000000,A,100.000000,E
251,894,Zambia,15,Wheat,1965,2276.600000,A,214.000000,A,94.000000,A
251,894,Zambia,15,Wheat,1983,3592.600000,A,10936.000000,A,3044.000000,A
251,894,Zambia,15,Wheat,1975,3048.100000,A,3487.000000,A,1144.000000,A
251,894,Zambia,15,Wheat,2023,7592.000000,A,277491.850000,A,36551.000000,A
251,894,Zambia,15,Wheat,1998,5668.100000,A,63925.000000,A,11278.000000,A
251,894,Zambia,15,Wheat,2022,6998.600000,A,234924.630000,A,33568.000000,A
251,894,Zambia,15,Wheat,1979,3108.600000,A,6528.000000,A,2100.000000,A
251,894,Zambia,15,Wheat,1993,5073.700000,A,69286.000000,A,13656.000000,A
251,894,Zambia,15,Wheat,1974,2951.700000,A,1284.000000,A,435.000000,A
251,894,Zambia,15,Wheat,1997,6622.100000,A,70810.000000,A,10693.000000,A
251,894,Zambia,15,Wheat,2015,6880.200000,A,214230.000000,A,31137.000000,A
251,894,Zambia,15,Wheat,1968,1333.300000,E,200.000000,E,150.000000,E
255,56,Belgium,15,Wheat,2023,8424.700000,A,1791170.000000,A,212610.000000,A
255,56,Belgium,15,Wheat,2024,6624.800000,A,1090040.000000,A,164540.000000,A
256,442,Luxembourg,15,Wheat,2008,6661.700000,A,97760.000000,A,14675.000000,A
256,442,Luxembourg,15,Wheat,2021,5916.100000,A,76140.000000,A,12870.000000,A
256,442,Luxembourg,15,Wheat,2007,5599.000000,A,70469.000000,A,12586.000000,A
256,442,Luxembourg,15,Wheat,2001,5498.400000,A,54022.000000,A,9825.000000,A
272,688,Serbia,15,Wheat,2009,3642.300000,A,2067555.000000,A,567654.000000,A
272,688,Serbia,15,Wheat,2010,3367.200000,A,1630404.000000,A,484205.000000,A
272,688,Serbia,15,Wheat,2008,4299.100000,A,2095400.000000,A,487399.000000,A
273,499,Montenegro,15,Wheat,2022,2742.400000,A,2074.900000,A,757.000000,A
273,499,Montenegro,15,Wheat,2015,2868.200000,A,2111.000000,A,736.000000,A
273,499,Montenegro,15,Wheat,2013,3435.700000,A,2300.900000,A,670.000000,A
276,729,Sudan,15,Wheat,2012,1729.700000,A,324000.000000,A,187320.000000,A
276,729,Sudan,15,Wheat,2024,3146.500000,X,490320.000000,X,155830.000000,X
299,275,Palestine,15,Wheat,1993,,,,M,,M
299,275,Palestine,15,Wheat,1999,777.900000,A,11052.000000,A,14207.000000,A
299,275,Palestine,15,Wheat,1995,1915.000000,A,40732.000000,A,21270.000000,A
299,275,Palestine,15,Wheat,2004,2116.400000,A,46340.000000,A,21896.000000,A
299,275,Palestine,15,Wheat,2009,1363.600000,E,30000.000000,E,22000.000000,E
299,275,Palestine,15,Wheat,2012,1999.300000,A,26670.000000,A,13340.000000,A
1,51,Armenia,15,Wheat,1996,2356.900000,A,201400.000000,A,85450.000000,A
1,51,Armenia,15,Wheat,2009,2237.400000,A,198080.000000,A,88530.000000,A
1,51,Armenia,15,Wheat,2008,2432.200000,A,225734.000000,A,92810.000000,A
1,51,Armenia,15,Wheat,1998,2065.100000,A,244300.000000,A,118300.000000,A
1,51,Armenia,15,Wheat,1997,1700.900000,A,183700.000000,A,108000.000000,A
1,51,Armenia,15,Wheat,2013,3127.300000,A,311558.000000,A,99626.000000,A
2,4,Afghanistan,15,Wheat,1976,1249.400000,A,2936000.000000,A,2350000.000000,A
2,4,Afghanistan,15,Wheat,1996,1122.000000,E,2300000.000000,X,2050000.000000,E
2,4,Afghanistan,15,Wheat,2005,1821.500000,A,4266000.000000,A,2342000.000000,A
2,4,Afghanistan,15,Wheat,1964,951.000000,A,2230000.000000,A,2345000.000000,A
2,4,Afghanistan,15,Wheat,1987,1284.900000,E,2300000.000000,X,1790000.000000,E
2,4,Afghanistan,15,Wheat,2013,2024.800000,A,5169235.000000,A,2552922.000000,A
2,4,Afghanistan,15,Wheat,2000,724.000000,A,1469000.000000,A,2029000.000000,A
2,4,Afghanistan,15,Wheat,2016,1980.300000,A,4555110.000000,A,2300210.000000,A
2,4,Afghanistan,15,Wheat,1963,831.700000,A,1947000.000000,A,2341000.000000,A
3,8,Albania,15,Wheat,2011,4230.100000,A,292800.000000,A,69219.000000,A
3,8,Albania,15,Wheat,2020,4327.100000,A,233430.000000,A,53946.000000,A
3,8,Albania,15,Wheat,1966,1239.800000,A,146084.000000,A,117833.000000,A
3,8,Albania,15,Wheat,2000,3045.500000,A,341100.000000,A,112000.000000,A
3,8,Albania,15,Wheat,1977,2450.000000,E,490000.000000,E,200000.000000,E
3,8,Albania,15,Wheat,2006,3078.700000,A,230900.000000,A,75000.000000,A
3,8,Albania,15,Wheat,2002,3161.700000,A,295300.000000,A,93400.000000,A
3,8,Albania,15,Wheat,1965,1134.400000,A,119728.000000,A,105542.000000,A
4,12,Algeria,15,Wheat,2002,1073.900000,A,1501803.000000,A,1398460.000000,A
4,12,Algeria,15,Wheat,2010,1483.800000,A,2605178.000000,A,1755728.000000,A
4,12,Algeria,15,Wheat,1966,425.200000,A,630051.000000,A,1481870.000000,A
4,12,Algeria,15,Wheat,2015,1464.000000,A,2656731.000000,A,1814722.000000,A
4,12,Algeria,15,Wheat,1972,670.100000,A,1655854.000000,A,2471160.000000,A
4,12,Algeria,15,Wheat,1981,672.000000,A,1218380.000000,A,1813170.000000,A
7,24,Angola,15,Wheat,2003,1387.900000,E,3937.080000,I,2837.000000,I
7,24,Angola,15,Wheat,1993,886.200000,E,3000.000000,A,3385.000000,I
7,24,Angola,15,Wheat,1999,1739.100000,E,4000.000000,A,2300.000000,E
7,24,Angola,15,Wheat,1982,625.000000,E,5000.000000,E,8000.000000,E
7,24,Angola,15,Wheat,1978,588.200000,X,10000.000000,X,17000.000000,X
7,24,Angola,15,Wheat,1981,631.600000,E,6000.000000,E,9500.000000,E
7,24,Angola,15,Wheat,1988,800.000000,E,2400.000000,A,3000.000000,E
9,32,Argentina,15,Wheat,1993,2022.000000,A,9658300.000000,A,4776700.000000,A
9,32,Argentina,15,Wheat,1989,1894.700000,A,10055700.000000,A,5307274.000000,A
9,32,Argentina,15,Wheat,2015,2862.300000,A,11314952.000000,A,3953102.000000,A
9,32,Argentina,15,Wheat,2002,2033.200000,A,12301442.000000,A,6050210.000000,A
9,32,Argentina,15,Wheat,2016,3304.700000,A,18395106.000000,A,5566385.000000,A
10,36,Australia,15,Wheat,1988,1578.700000,A,13935000.000000,A,8826822.000000,A
10,36,Australia,15,Wheat,2011,2151.100000,A,29905009.000000,A,13902140.000000,A
10,36,Australia,15,Wheat,1987,1364.500000,A,12287000.000000,A,9005000.000000,A
10,36,Australia,15,Wheat,2004,1634.800000,A,21905113.000000,A,13399397.000000,A
10,36,Australia,15,Wheat,1983,1702.600000,A,22016000.000000,A,12930637.000000,A
11,40,Austria,15,Wheat,2012,4138.800000,A,1275498.000000,A,308179.000000,A
11,40,Austria,15,Wheat,1983,4530.000000,A,1417365.000000,A,312883.000000,A
11,40,Austria,15,Wheat,2003,4380.100000,A,1191380.000000,A,272001.000000,A
11,40,Austria,15,Wheat,1961,2580.200000,A,711673.000000,A,275822.000000,A
11,40,Austria,15,Wheat,2002,4966.700000,A,1434208.070000,A,288764.000000,A
11,40,Austria,15,Wheat,1982,4276.700000,A,1236355.000000,A,289090.000000,A
15,58,Belgium-Luxembourg,15,Wheat,1963,4081.400000,A,822179.000000,A,201443.000000,A
16,50,Bangladesh,15,Wheat,1961,573.800000,A,32512.000000,A,56657.000000,A
16,50,Bangladesh,15,Wheat,1962,675.300000,A,39624.000000,A,58680.000000,A
16,50,Bangladesh,15,Wheat,1967,792.600000,A,53900.000000,A,68000.000000,A
16,50,Bangladesh,15,Wheat,1982,1811.400000,A,967389.000000,A,534068.000000,A
16,50,Bangladesh,15,Wheat,1985,2164.700000,A,1463630.000000,A,676125.000000,A
18,64,Bhutan,15,Wheat,1985,1000.000000,E,11000.000000,X,11000.000000,E
18,64,Bhutan,15,Wheat,2009,1437.100000,A,4481.000000,A,3118.000000,A
18,64,Bhutan,15,Wheat,1982,1052.600000,E,10000.000000,E,9500.000000,E
18,64,Bhutan,15,Wheat,2003,1423.900000,A,4763.000000,A,3345.000000,A
18,64,Bhutan,15,Wheat,2021,1262.400000,A,1168.940000,A,926.000000,A
18,64,Bhutan,15,Wheat,2011,2668.600000,A,6266.000000,A,2348.000000,A
18,64,Bhutan,15,Wheat,1963,1019.600000,E,5200.000000,E,5100.000000,E
18,64,Bhutan,15,Wheat,1992,909.100000,E,5000.000000,A,5500.000000,E
18,64,Bhutan,15,Wheat,2000,945.700000,A,4350.000000,A,4600.000000,A
18,64,Bhutan,15,Wheat,1979,1000.000000,E,8200.000000,E,8200.000000,E
18,64,Bhutan,15,Wheat,2012,2247.100000,A,5038.000000,A,2242.000000,A
18,64,Bhutan,15,Wheat,1971,1015.400000,E,6600.000000,E,6500.000000,E
18,64,Bhutan,15,Wheat,1976,1013.300000,E,7600.000000,E,7500.000000,E
18,64,Bhutan,15,Wheat,2016,1675.100000,A,2521.000000,A,1505.000000,A
19,68,Bolivia (Plurinational State of),15,Wheat,1982,684.500000,A,66000.000000,A,96422.000000,A
19,68,Bolivia (Plurinational State of),15,Wheat,1977,653.000000,A,55610.000000,A,85165.000000,A
19,68,Bolivia (Plurinational State of),15,Wheat,1995,974.600000,A,122805.000000,A,126012.000000,A
19,68,Bolivia (Plurinational State of),15,Wheat,1997,1064.100000,A,168547.000000,A,158396.000000,A
19,68,Bolivia (Plurinational State of),15,Wheat,2023,1267.200000,A,272806.320000,A,215288.000000,A
20,72,Botswana,15,Wheat,2007,900.000000,A,72.000000,A,80.000000,A
20,72,Botswana,15,Wheat,2019,608.100000,A,377.000000,A,620.000000,A
20,72,Botswana,15,Wheat,1978,2000.000000,E,600.000000,E,300.000000,E
21,76,Brazil,15,Wheat,1998,1611.100000,A,2269847.000000,A,1408850.000000,A
21,76,Brazil,15,Wheat,2019,2657.800000,A,5590815.000000,A,2103578.000000,A
21,76,Brazil,15,Wheat,1964,876.500000,A,643004.000000,A,733597.000000,A
21,76,Brazil,15,Wheat,1961,533.000000,A,544858.000000,A,1022234.000000,A
21,76,Brazil,15,Wheat,1971,886.500000,A,2011334.000000,A,2268926.000000,A
21,76,Brazil,15,Wheat,1983,1190.300000,A,2236700.000000,A,1879078.000000,A
21,76,Brazil,15,Wheat,1985,1614.000000,A,4320267.000000,A,2676725.000000,A
21,76,Brazil,15,Wheat,2024,2612.700000,A,7633178.000000,A,2921518.000000,A
21,76,Brazil,15,Wheat,1963,494.500000,A,392363.000000,A,793494.000000,A
21,76,Brazil,15,Wheat,2004,2072.800000,A,5818846.000000,A,2807224.000000,A
21,76,Brazil,15,Wheat,2020,2607.900000,A,6344079.000000,A,2432603.000000,A
27,100,Bulgaria,15,Wheat,2017,5358.300000,A,6132671.000000,A,1144519.000000,A
27,100,Bulgaria,15,Wheat,2009,3187.300000,A,3976852.000000,A,1247718.000000,A
27,100,Bulgaria,15,Wheat,1989,4766.100000,A,5425026.000000,A,1138252.000000,A
27,100,Bulgaria,15,Wheat,2006,3402.600000,A,3301882.000000,A,970392.000000,A
27,100,Bulgaria,15,Wheat,2018,4912.900000,A,5954520.000000,A,1212010.000000,A
27,100,Bulgaria,15,Wheat,1988,4014.400000,A,4743133.000000,A,1181520.000000,A
27,100,Bulgaria,15,Wheat,1969,2472.500000,A,2568708.000000,A,1038925.000000,A
27,100,Bulgaria,15,Wheat,2023,5614.500000,A,6854760.000000,A,1220910.000000,A
27,100,Bulgaria,15,Wheat,2022,5343.800000,A,6447770.000000,A,1206580.000000,A
28,104,Myanmar,15,Wheat,1971,624.300000,A,40099.000000,A,64233.000000,A
28,104,Myanmar,15,Wheat,1993,933.400000,A,106900.000000,A,114526.000000,A
28,104,Myanmar,15,Wheat,2019,1879.900000,A,110663.000000,A,58866.000000,A
28,104,Myanmar,15,Wheat,2018,1872.700000,A,115995.520000,A,61940.000000,A
28,104,Myanmar,15,Wheat,2024,1454.500000,X,80000.000000,X,55000.000000,X
28,104,Myanmar,15,Wheat,1978,1025.600000,A,93692.000000,A,91354.000000,A
29,108,Burundi,15,Wheat,1979,766.700000,E,4600.000000,A,6000.000000,E
29,108,Burundi,15,Wheat,2009,858.300000,E,8583.000000,A,10000.000000,E
29,108,Burundi,15,Wheat,1964,649.100000,A,7400.000000,A,11400.000000,A
32,120,Cameroon,15,Wheat,2011,1397.100000,E,950.000000,E,680.000000,E
32,120,Cameroon,15,Wheat,2004,1340.700000,E,688.140000,I,513.000000,I
32,120,Cameroon,15,Wheat,1989,1333.300000,E,400.000000,E,300.000000,E
32,120,Cameroon,15,Wheat,1993,1306.300000,E,587.160000,I,449.000000,I
32,120,Cameroon,15,Wheat,1977,314.000000,A,787.000000,A,2506.000000,A
32,120,Cameroon,15,Wheat,1996,1333.300000,A,400.000000,A,300.000000,A
33,124,Canada,15,Wheat,2020,3537.400000,A,35437200.000000,A,10017800.000000,A
33,124,Canada,15,Wheat,1970,1786.400000,A,9024254.000000,A,5051782.000000,A
33,124,Canada,15,Wheat,1977,1963.200000,A,19858208.000000,A,10115400.000000,A
33,124,Canada,15,Wheat,2023,3120.100000,A,33413600.000000,A,10709200.000000,A
33,124,Canada,15,Wheat,1972,1679.900000,A,14513966.000000,A,8639797.000000,A
33,124,Canada,15,Wheat,2016,3580.500000,A,32139900.000000,A,8976300.000000,A
33,124,Canada,15,Wheat,1962,1418.300000,A,15393000.000000,A,10853000.000000,A
33,124,Canada,15,Wheat,2003,2256.500000,A,23048600.000000,A,10214500.000000,A
39,148,Chad,15,Wheat,1966,1706.600000,A,5200.000000,A,3047.000000,A
39,148,Chad,15,Wheat,1980,2000.000000,E,6000.000000,E,3000.000000,E
39,148,Chad,15,Wheat,1975,3571.400000,A,5000.000000,A,1400.000000,A
39,148,Chad,15,Wheat,1996,2249.600000,A,2650.000000,A,1178.000000,A
39,148,Chad,15,Wheat,1970,1568.200000,A,6900.000000,A,4400.000000,A
39,148,Chad,15,Wheat,2008,1800.000000,A,8100.000000,A,4500.000000,A
39,148,Chad,15,Wheat,1964,1459.500000,A,2700.000000,A,1850.000000,A
40,152,Chile,15,Wheat,2020,6003.800000,A,1230988.000000,A,205036.000000,A
40,152,Chile,15,Wheat,1976,1242.100000,A,866470.000000,A,697570.000000,A
40,152,Chile,15,Wheat,2000,3812.000000,A,1492710.000000,A,391580.000000,A
40,152,Chile,15,Wheat,1992,3378.700000,A,1556588.000000,A,460700.000000,A
40,152,Chile,15,Wheat,1965,1534.700000,A,1115834.000000,A,727078.000000,A
40,152,Chile,15,Wheat,1991,3405.700000,A,1588677.000000,A,466480.000000,A
40,152,Chile,15,Wheat,2006,4460.100000,A,1403689.000000,A,314720.000000,A
40,152,Chile,15,Wheat,1987,2770.100000,A,1874117.000000,A,676560.000000,A
40,152,Chile,15,Wheat,1981,1587.300000,A,685970.000000,A,432160.000000,A
40,152,Chile,15,Wheat,1993,3350.000000,A,1323600.000000,A,395110.000000,A
40,152,Chile,15,Wheat,2011,5806.000000,A,1575822.000000,A,271415.000000,A
40,152,Chile,15,Wheat,2012,4946.800000,A,1213101.000000,A,245231.000000,A
41,156,"China, mainland",15,Wheat,1984,2969.100000,A,87815008.000000,A,29576464.000000,A
41,156,"China, mainland",15,Wheat,1986,3040.200000,A,90040000.000000,A,29616000.000000,A
41,156,"China, mainland",15,Wheat,1975,1639.700000,A,45310000.000000,A,27633008.000000,A
41,156,"China, mainland",15,Wheat,2017,5484.100000,A,134241300.000000,A,24478150.000000,A
41,156,"China, mainland",15,Wheat,1964,821.100000,A,20840000.000000,A,25382000.000000,A
41,156,"China, mainland",15,Wheat,1991,3100.400000,A,95950000.000000,A,30947872.000000,A
41,156,"China, mainland",15,Wheat,2010,4748.600000,A,115181000.000000,A,24256000.000000,A
41,156,"China, mainland",15,Wheat,1992,3331.200000,A,101587008.000000,A,30495808.000000,A
44,170,Colombia,15,Wheat,2011,1596.400000,A,12754.000000,A,7989.000000,A
44,170,Colombia,15,Wheat,2003,1949.600000,A,46571.000000,A,23887.000000,A
44,170,Colombia,15,Wheat,1981,1597.400000,A,62300.000000,A,39000.000000,A
44,170,Colombia,15,Wheat,1995,2119.300000,A,74126.000000,A,34977.000000,A
44,170,Colombia,15,Wheat,1992,1749.000000,A,75219.000000,A,43008.000000,A
44,170,Colombia,15,Wheat,2009,1694.600000,A,24349.000000,A,14369.000000,A
44,170,Colombia,15,Wheat,2020,2483.200000,A,6295.000000,A,2535.000000,A
50,196,Cyprus,15,Wheat,1972,1012.600000,A,81280.000000,A,80268.000000,A
50,196,Cyprus,15,Wheat,1991,1142.900000,A,5600.000000,A,4900.000000,A
50,196,Cyprus,15,Wheat,1967,1603.300000,A,96520.000000,A,60201.000000,A
50,196,Cyprus,15,Wheat,1978,1265.700000,A,20320.000000,A,16054.000000,A
50,196,Cyprus,15,Wheat,1982,1197.800000,A,10160.000000,A,8482.000000,A
50,196,Cyprus,15,Wheat,2021,2104.700000,A,25930.000000,A,12320.000000,A
50,196,Cyprus,15,Wheat,2005,1757.000000,A,9249.000000,A,5264.000000,A
50,196,Cyprus,15,Wheat,2010,2411.500000,A,18889.000000,A,7833.000000,A
50,196,Cyprus,15,Wheat,2004,1332.900000,A,9930.000000,A,7450.000000,A
51,200,Czechoslovakia,15,Wheat,1979,3422.800000,A,3736134.000000,A,1091551.000000,A
51,200,Czechoslovakia,15,Wheat,1962,2454.900000,A,1643800.000000,A,669592.000000,A
51,200,Czechoslovakia,15,Wheat,1988,5282.600000,A,6547075.000000,A,1239357.000000,A
52,31,Azerbaijan,15,Wheat,1993,1685.500000,A,840960.000000,A,498948.000000,A
52,31,Azerbaijan,15,Wheat,2006,2605.000000,A,1460303.000000,A,560575.000000,A
52,31,Azerbaijan,15,Wheat,1994,1629.600000,A,739245.000000,A,453633.000000,A
52,31,Azerbaijan,15,Wheat,2000,2322.300000,A,1150281.000000,A,495330.000000,A
52,31,Azerbaijan,15,Wheat,1995,1494.000000,A,625575.000000,A,418734.000000,A
54,208,Denmark,15,Wheat,1972,4393.900000,A,592215.000000,A,134781.000000,A
54,208,Denmark,15,Wheat,1962,4183.000000,A,643992.000000,A,153953.000000,A
54,208,Denmark,15,Wheat,2019,8095.700000,A,4642090.000000,A,573400.000000,A
54,208,Denmark,15,Wheat,1970,4485.900000,A,512491.000000,A,114245.000000,A
54,208,Denmark,15,Wheat,1964,4225.700000,A,541454.000000,A,128133.000000,A
54,208,Denmark,15,Wheat,2012,7368.700000,A,4525100.000000,A,614100.000000,A
54,208,Denmark,15,Wheat,2022,8376.000000,A,4165400.000000,A,497300.000000,A
54,208,Denmark,15,Wheat,1978,5270.500000,A,642428.000000,A,121891.000000,A
54,208,Denmark,15,Wheat,2017,8240.900000,A,4834100.000000,A,586600.000000,A
54,208,Denmark,15,Wheat,1966,4275.200000,A,400474.000000,A,93674.000000,A
57,112,Belarus,15,Wheat,1996,2198.900000,A,600300.000000,A,273000.000000,A
57,112,Belarus,15,Wheat,2002,2691.900000,A,1017000.000000,A,377800.000000,A
57,112,Belarus,15,Wheat,2010,2885.100000,A,1739110.000000,A,602788.000000,A
57,112,Belarus,15,Wheat,2013,3061.000000,A,2101183.000000,A,686430.000000,A
58,218,Ecuador,15,Wheat,2011,924.900000,A,5938.000000,A,6420.000000,A
58,218,Ecuador,15,Wheat,2023,985.400000,A,3976.020000,A,4035.000000,A
58,218,Ecuador,15,Wheat,1981,1114.100000,A,41431.000000,A,37187.000000,A
58,218,Ecuador,15,Wheat,2018,1714.200000,A,5398.000000,A,3149.000000,A
58,218,Ecuador,15,Wheat,1982,1165.800000,A,38538.000000,A,33058.000000,A
58,218,Ecuador,15,Wheat,1976,850.000000,A,65000.000000,A,76471.000000,A
58,218,Ecuador,15,Wheat,2019,1644.600000,A,5073.390000,A,3085.000000,A
58,218,Ecuador,15,Wheat,1998,648.400000,A,19787.000000,A,30519.000000,A
59,818,Egypt,15,Wheat,2007,6467.300000,A,7379000.000000,A,1140979.000000,A
59,818,Egypt,15,Wheat,2017,6859.700000,A,8421071.000000,A,1227611.000000,A
59,818,Egypt,15,Wheat,2012,6582.300000,A,8795483.000000,A,1336234.000000,A
59,818,Egypt,15,Wheat,2020,6366.300000,A,9101785.000000,A,1429684.000000,A
59,818,Egypt,15,Wheat,1983,3599.600000,A,1996000.000000,A,554500.000000,A
59,818,Egypt,15,Wheat,2014,6175.200000,E,8800000.000000,X,1425060.000000,A
62,230,Ethiopia PDR,15,Wheat,1967,732.700000,A,738900.000000,A,1008400.000000,A
62,230,Ethiopia PDR,15,Wheat,1983,1283.800000,A,916614.000000,A,714010.000000,A
63,233,Estonia,15,Wheat,2018,2912.900000,A,450270.000000,A,154580.000000,A
63,233,Estonia,15,Wheat,2002,2302.500000,A,148420.000000,A,64459.000000,A
67,246,Finland,15,Wheat,2017,4127.600000,A,802000.000000,A,194300.000000,A
67,246,Finland,15,Wheat,1996,4082.700000,A,459300.000000,A,112500.000000,A
67,246,Finland,15,Wheat,2020,3453.800000,A,686620.000000,A,198800.000000,A
67,246,Finland,15,Wheat,1964,1723.800000,A,462500.000000,A,268300.000000,A
68,250,France,15,Wheat,1997,6628.800000,A,33862197.600000,A,5108308.000000,A
68,250,France,15,Wheat,2002,7445.500000,A,38936514.800000,A,5229556.000000,A
68,250,France,15,Wheat,1963,2662.400000,A,10248960.000000,A,3849500.000000,A
68,250,France,15,Wheat,2023,7201.600000,A,35995570.000000,A,4998280.000000,A
68,250,France,15,Wheat,1971,3861.400000,A,15241000.000000,A,3947000.000000,A
68,250,France,15,Wheat,2022,6996.700000,A,34632380.000000,A,4949840.000000,A
68,250,France,15,Wheat,1968,3664.100000,A,14984900.000000,A,4089700.000000,A
73,268,Georgia,15,Wheat,1999,2032.500000,A,226073.000000,A,111228.000000,A
73,268,Georgia,15,Wheat,2021,2701.800000,A,135900.000000,A,50300.000000,A
73,268,Georgia,15,Wheat,2000,1043.000000,A,89406.000000,A,85723.000000,A
73,268,Georgia,15,Wheat,2018,2473.400000,A,107100.000000,A,43300.000000,A
73,268,Georgia,15,Wheat,1998,1087.200000,A,144629.000000,A,133030.000000,A
73,268,Georgia,15,Wheat,1995,1303.200000,A,76500.000000,A,58700.000000,A
73,268,Georgia,15,Wheat,2006,1246.900000,A,69700.000000,A,55900.000000,A
79,276,Germany,15,Wheat,1969,3887.700000,A,7987161.000000,A,2054492.000000,A
79,276,Germany,15,Wheat,1993,6584.100000,A,15766533.000000,A,2394642.000000,A
79,276,Germany,15,Wheat,1989,5681.500000,A,14509067.000000,A,2553725.000000,A
80,70,Bosnia and Herzegovina,15,Wheat,2017,4174.000000,A,292368.040000,A,70046.000000,A
80,70,Bosnia and Herzegovina,15,Wheat,2000,3229.000000,E,336085.000000,A,104082.000000,X
80,70,Bosnia and Herzegovina,15,Wheat,2023,4310.000000,A,246515.000000,A,57196.000000,A
84,300,Greece,15,Wheat,1993,2295.200000,A,2078846.360000,A,905730.000000,A
84,300,Greece,15,Wheat,2011,2700.400000,A,1857428.800000,A,687822.000000,A
84,300,Greece,15,Wheat,1968,1428.400000,A,1568000.000000,A,1097720.000000,A
84,300,Greece,15,Wheat,1975,2291.900000,A,2120000.000000,A,925000.000000,A
84,300,Greece,15,Wheat,2001,2509.600000,A,2196642.940000,A,875308.000000,A
84,300,Greece,15,Wheat,1976,2552.100000,A,2376000.000000,A,931000.000000,A
84,300,Greece,15,Wheat,2009,2743.600000,A,2139472.150000,A,779813.000000,A
84,300,Greece,15,Wheat,2006,2285.900000,A,1778170.000000,A,777901.000000,A
89,320,Guatemala,15,Wheat,1981,1755.600000,A,55300.000000,A,31500.000000,A
89,320,Guatemala,15,Wheat,2015,2125.500000,A,594.210000,A,280.000000,A
89,320,Guatemala,15,Wheat,1987,2002.600000,A,45418.000000,A,22680.000000,A
89,320,Guatemala,15,Wheat,2005,2128.800000,A,2975.570000,A,1398.000000,A
89,320,Guatemala,15,Wheat,1992,2000.000000,A,22680.000000,A,11340.000000,A
89,320,Guatemala,15,Wheat,2021,2922.600000,E,397.190000,I,136.000000,I
89,320,Guatemala,15,Wheat,2023,3447.400000,E,885.590000,I,257.000000,I
89,320,Guatemala,15,Wheat,1983,2097.600000,A,69600.000000,A,33180.000000,A
95,340,Honduras,15,Wheat,1962,808.400000,A,755.000000,A,934.000000,A
95,340,Honduras,15,Wheat,1979,777.800000,A,700.000000,A,900.000000,A
95,340,Honduras,15,Wheat,1968,879.900000,A,564.000000,A,641.000000,A
95,340,Honduras,15,Wheat,1994,607.100000,E,850.000000,E,1400.000000,E
95,340,Honduras,15,Wheat,1988,566.700000,E,680.000000,E,1200.000000,E
95,340,Honduras,15,Wheat,1970,829.500000,A,681.000000,A,821.000000,A
95,340,Honduras,15,Wheat,1990,576.900000,E,750.000000,E,1300.000000,E
95,340,Honduras,15,Wheat,2022,529.100000,E,1272.530000,E,2405.000000,I
97,348,Hungary,15,Wheat,2021,5925.400000,A,5290140.000000,A,892790.000000,A
97,348,Hungary,15,Wheat,2008,5002.400000,A,5630833.000000,A,1125629.000000,A
97,348,Hungary,15,Wheat,1992,4070.000000,A,3453112.000000,A,848430.000000,A
97,348,Hungary,15,Wheat,2010,3703.800000,A,3745190.000000,A,1011182.000000,A
97,348,Hungary,15,Wheat,1975,3203.600000,A,4007324.000000,A,1250873.000000,A
97,348,Hungary,15,Wheat,2004,5117.400000,A,6006820.000000,A,1173800.000000,A
98,191,Croatia,15,Wheat,1997,4000.000000,A,833508.000000,A,208377.000000,A
98,191,Croatia,15,Wheat,2012,5347.300000,A,999681.000000,A,186949.000000,A
98,191,Croatia,15,Wheat,2000,4745.500000,A,865260.000000,A,182333.000000,A
100,356,India,15,Wheat,1965,913.200000,A,12257000.000000,A,13422000.000000,A
100,356,India,15,Wheat,1994,2379.600000,A,59840000.000000,A,25147300.000000,A
100,356,India,15,Wheat,1978,1479.800000,A,31749200.000000,A,21455696.000000,A
100,356,India,15,Wheat,1969,1168.800000,A,18651600.000000,A,15958100.000000,A
100,356,India,15,Wheat,1971,1306.600000,A,23832496.000000,A,18240496.000000,A
100,356,India,15,Wheat,1990,2121.100000,A,49849504.000000,A,23501904.000000,A
100,356,India,15,Wheat,1991,2281.400000,A,55134496.000000,A,24167104.000000,A
100,356,India,15,Wheat,2022,3537.300000,A,107742070.000000,A,30458530.000000,A
100,356,India,15,Wheat,2017,3199.900000,A,98510220.000000,A,30785230.000000,A
100,356,India,15,Wheat,1985,1870.100000,A,44068800.000000,A,23564896.000000,A
100,356,India,15,Wheat,2016,3033.900000,A,92290000.000000,A,30420000.000000,A
100,356,India,15,Wheat,1961,850.700000,A,10997000.000000,A,12927000.000000,A
100,356,India,15,Wheat,2020,3439.800000,A,107860510.000000,A,31357020.000000,A
102,364,Iran (Islamic Republic of),15,Wheat,2009,1819.200000,A,12093027.500000,A,6647371.000000,A
102,364,Iran (Islamic Republic of),15,Wheat,2023,2528.900000,E,16620000.000000,A,6572106.000000,I
102,364,Iran (Islamic Republic of),15,Wheat,1982,1075.600000,A,6660072.000000,A,6191777.000000,A
102,364,Iran (Islamic Republic of),15,Wheat,1966,800.000000,A,4380982.000000,A,5476000.000000,A
103,368,Iraq,15,Wheat,2007,1403.100000,A,2202800.000000,A,1569900.000000,A
103,368,Iraq,15,Wheat,1990,1012.900000,A,1195800.000000,A,1180575.000000,A
103,368,Iraq,15,Wheat,1974,819.800000,A,1339000.000000,A,1633325.000000,A
103,368,Iraq,15,Wheat,1995,805.200000,X,1236000.000000,X,1535000.000000,X
103,368,Iraq,15,Wheat,2004,1189.800000,A,1832000.000000,A,1539750.000000,A
103,368,Iraq,15,Wheat,2024,2578.700000,A,5234171.000000,A,2029795.000000,A
103,368,Iraq,15,Wheat,1987,840.800000,A,722200.000000,A,858975.000000,A
103,368,Iraq,15,Wheat,1989,837.400000,A,491400.000000,A,586850.000000,A
104,372,Ireland,15,Wheat,1966,3487.700000,A,185300.000000,A,53130.000000,A
104,372,Ireland,15,Wheat,1993,6805.600000,A,539000.000000,A,79200.000000,A
104,372,Ireland,15,Wheat,2002,8444.000000,A,867200.000000,A,102700.000000,A
104,372,Ireland,15,Wheat,2007,8462.600000,A,713400.000000,A,84300.000000,A
104,372,Ireland,15,Wheat,1980,5132.100000,A,272000.000000,A,53000.000000,A
104,372,Ireland,15,Wheat,2014,10014.000000,A,717000.000000,A,71600.000000,A
104,372,Ireland,15,Wheat,1998,8031.000000,A,673000.000000,A,83800.000000,A
104,372,Ireland,15,Wheat,1978,5120.200000,A,253000.000000,A,49412.000000,A
104,372,Ireland,15,Wheat,1992,7880.800000,A,714000.000000,A,90600.000000,A
104,372,Ireland,15,Wheat,1961,3367.600000,A,469900.000000,A,139534.000000,A
105,376,Israel,15,Wheat,2015,3405.500000,A,173000.000000,A,50800.000000,A
105,376,Israel,15,Wheat,2011,2340.300000,A,141866.000000,A,60620.000000,A
105,376,Israel,15,Wheat,1998,1807.700000,A,155000.000000,A,85746.000000,A
105,376,Israel,15,Wheat,2013,2783.900000,A,178200.000000,A,64010.000000,A
105,376,Israel,15,Wheat,1967,2365.600000,A,221600.000000,A,93675.000000,A
105,376,Israel,15,Wheat,2001,1943.100000,A,157970.000000,A,81300.000000,A
105,376,Israel,15,Wheat,1966,1316.400000,A,100600.000000,A,76420.000000,A
105,376,Israel,15,Wheat,1991,2132.700000,A,180000.000000,A,84399.000000,A
106,380,Italy,15,Wheat,1963,1849.400000,A,8126800.000000,A,4394395.000000,A
106,380,Italy,15,Wheat,2017,3856.200000,A,6966465.000000,A,1806572.000000,A
108,398,Kazakhstan,15,Wheat,2024,1421.600000,A,18576694.150000,A,13067082.000000,A
108,398,Kazakhstan,15,Wheat,2014,1090.100000,A,12996864.740000,A,11923108.000000,A
108,398,Kazakhstan,15,Wheat,1997,844.900000,A,8955000.000000,A,10599000.000000,A
108,398,Kazakhstan,15,Wheat,1994,749.000000,A,9052200.000000,A,12086000.000000,A
110,392,Japan,15,Wheat,2021,4986.400000,A,1097000.000000,A,220000.000000,A
110,392,Japan,15,Wheat,1994,3718.200000,A,564800.000000,A,151900.000000,A
110,392,Japan,15,Wheat,1991,3179.700000,A,759000.000000,A,238700.000000,A
110,392,Japan,15,Wheat,1990,3654.000000,A,951500.000000,A,260400.000000,A
110,392,Japan,15,Wheat,1998,3511.100000,A,569500.000000,A,162200.000000,A
110,392,Japan,15,Wheat,1966,2431.100000,A,1024000.000000,A,421200.000000,A
110,392,Japan,15,Wheat,1977,2748.800000,A,236400.000000,A,86000.000000,A
110,392,Japan,15,Wheat,1970,2066.300000,A,473600.000000,A,229200.000000,A
110,392,Japan,15,Wheat,1988,3620.600000,A,1021000.000000,A,282000.000000,A
112,400,Jordan,15,Wheat,1999,2263.300000,A,9250.000000,A,4087.000000,A
112,400,Jordan,15,Wheat,1996,1505.400000,A,42678.000000,A,28349.000000,A
112,400,Jordan,15,Wheat,2013,1333.900000,A,28517.000000,A,21379.000000,A
112,400,Jordan,15,Wheat,1965,996.400000,A,277863.000000,A,278873.000000,A
112,400,Jordan,15,Wheat,2020,2237.500000,A,25749.000000,A,11508.000000,A
112,400,Jordan,15,Wheat,2015,985.200000,A,21925.000000,A,22255.000000,A
112,400,Jordan,15,Wheat,2010,1030.700000,A,22125.000000,A,21466.000000,A
112,400,Jordan,15,Wheat,1966,472.900000,A,101150.000000,A,213890.000000,A
112,400,Jordan,15,Wheat,1963,368.500000,A,75800.000000,A,205720.000000,A
112,400,Jordan,15,Wheat,1984,774.000000,A,49716.000000,A,64232.000000,A
112,400,Jordan,15,Wheat,2009,786.200000,A,12484.000000,A,15878.000000,A
112,400,Jordan,15,Wheat,2007,1011.400000,A,20997.000000,A,20760.000000,A
113,417,Kyrgyzstan,15,Wheat,2013,2365.400000,A,819383.000000,A,346410.000000,A
113,417,Kyrgyzstan,15,Wheat,2008,1940.200000,A,746200.000000,A,384600.000000,A
114,404,Kenya,15,Wheat,1963,1119.700000,A,110400.000000,A,98600.000000,A
114,404,Kenya,15,Wheat,1969,1728.200000,A,241600.000000,A,139800.000000,A
114,404,Kenya,15,Wheat,2007,3094.000000,A,322320.000000,A,104176.000000,A
114,404,Kenya,15,Wheat,1971,1694.700000,A,205743.000000,A,121403.000000,A
114,404,Kenya,15,Wheat,2005,2313.100000,A,368879.000000,A,159477.000000,A
116,408,Democratic People's Republic of Korea,15,Wheat,2013,1500.000000,X,75000.000000,X,50000.000000,X
116,408,Democratic People's Republic of Korea,15,Wheat,1992,1345.200000,E,123000.000000,X,91436.000000,I
116,408,Democratic People's Republic of Korea,15,Wheat,1982,1423.500000,E,121000.000000,X,85000.000000,E
116,408,Democratic People's Republic of Korea,15,Wheat,1987,1477.800000,E,133000.000000,X,90000.000000,E
116,408,Democratic People's Republic of Korea,15,Wheat,2018,1250.600000,E,50900.000000,E,40700.000000,E
116,408,Democratic People's Republic of Korea,15,Wheat,1963,569.700000,E,94000.000000,X,165000.000000,E
116,408,Democratic People's Republic of Korea,15,Wheat,2021,1229.100000,E,88250.000000,E,71800.000000,E
116,408,Democratic People's Republic of Korea,15,Wheat,1980,1164.700000,E,99000.000000,X,85000.000000,E
116,408,Democratic People's Republic of Korea,15,Wheat,2015,1375.000000,X,55000.000000,X,40000.000000,X
116,408,Democratic People's Republic of Korea,15,Wheat,1965,539.900000,E,88000.000000,X,163000.000000,E
116,408,Democratic People's Republic of Korea,15,Wheat,1972,696.000000,E,87000.000000,X,125000.000000,E
116,408,Democratic People's Republic of Korea,15,Wheat,2020,1248.100000,E,89000.000000,E,71307.000000,I
117,410,Republic of Korea,15,Wheat,1989,3079.700000,A,1121.000000,A,364.000000,A
117,410,Republic of Korea,15,Wheat,2008,4063.900000,A,10359.000000,A,2549.000000,A
117,410,Republic of Korea,15,Wheat,2012,3909.800000,A,37014.000000,A,9467.000000,A
117,410,Republic of Korea,15,Wheat,1991,3095.500000,A,551.000000,A,178.000000,A
117,410,Republic of Korea,15,Wheat,2004,3328.900000,A,12623.000000,A,3792.000000,A
117,410,Republic of Korea,15,Wheat,1972,2375.000000,A,148997.000000,A,62735.000000,A
118,414,Kuwait,15,Wheat,1982,,,0.000000,A,0.000000,A
118,414,Kuwait,15,Wheat,1979,,,0.000000,A,0.000000,A
118,414,Kuwait,15,Wheat,2013,4111.100000,A,37.000000,A,9.000000,A
118,414,Kuwait,15,Wheat,1990,3125.000000,E,50.000000,E,16.000000,E
118,414,Kuwait,15,Wheat,2012,4142.900000,A,116.000000,A,28.000000,A
118,414,Kuwait,15,Wheat,1980,,,0.000000,A,0.000000,A
118,414,Kuwait,15,Wheat,1972,,,0.000000,A,0.000000,A
119,428,Latvia,15,Wheat,2023,4070.100000,A,2136800.000000,A,525000.000000,A
119,428,Latvia,15,Wheat,2001,2708.000000,A,451700.000000,A,166800.000000,A
121,422,Lebanon,15,Wheat,1988,2000.200000,A,51490.000000,A,25743.000000,A
121,422,Lebanon,15,Wheat,2008,2879.800000,A,143700.000000,A,49900.000000,A
121,422,Lebanon,15,Wheat,1981,1294.100000,A,22000.000000,A,17000.000000,A
121,422,Lebanon,15,Wheat,1985,1323.500000,E,22500.000000,X,17000.000000,E
121,422,Lebanon,15,Wheat,2004,2934.400000,A,136800.000000,A,46620.000000,A
121,422,Lebanon,15,Wheat,1977,1111.100000,E,50000.000000,X,45000.000000,E
121,422,Lebanon,15,Wheat,1984,1200.000000,A,18000.000000,A,15000.000000,A
121,422,Lebanon,15,Wheat,1997,1626.300000,A,58394.000000,A,35906.000000,A
122,426,Lesotho,15,Wheat,1991,195.900000,A,6844.000000,A,34933.000000,A
122,426,Lesotho,15,Wheat,1986,578.600000,A,11009.000000,A,19028.000000,A
122,426,Lesotho,15,Wheat,1985,508.200000,A,18434.000000,A,36270.000000,A
122,426,Lesotho,15,Wheat,1970,656.100000,A,57552.000000,A,87724.000000,A
122,426,Lesotho,15,Wheat,2000,654.700000,A,15545.000000,A,23744.000000,A
122,426,Lesotho,15,Wheat,2017,1293.400000,A,8851.000000,A,6843.000000,A
122,426,Lesotho,15,Wheat,2005,723.400000,A,13797.000000,A,19072.000000,A
122,426,Lesotho,15,Wheat,1963,785.700000,E,55000.000000,E,70000.000000,E
124,434,Libya,15,Wheat,2004,768.500000,E,125000.000000,X,162653.000000,I
124,434,Libya,15,Wheat,1969,291.300000,A,78421.000000,A,269237.000000,A
124,434,Libya,15,Wheat,1999,787.900000,E,130000.000000,E,165000.000000,E
124,434,Libya,15,Wheat,1986,863.600000,E,190000.000000,X,220000.000000,E
124,434,Libya,15,Wheat,1982,776.900000,E,188000.000000,A,242000.000000,E
124,434,Libya,15,Wheat,1962,210.000000,A,33600.000000,A,160000.000000,A
124,434,Libya,15,Wheat,1973,452.000000,A,67327.000000,A,148949.000000,A
124,434,Libya,15,Wheat,2010,777.200000,E,132239.070000,I,170148.000000,I
126,440,Lithuania,15,Wheat,2019,4291.200000,A,3843850.000000,A,895760.000000,A
126,440,Lithuania,15,Wheat,2020,5393.100000,A,4818750.000000,A,893510.000000,A
126,440,Lithuania,15,Wheat,2010,3304.500000,A,1710400.000000,A,517600.000000,A
126,440,Lithuania,15,Wheat,1993,2371.800000,A,890600.000000,A,375500.000000,A
129,450,Madagascar,15,Wheat,2010,2392.300000,E,8694.390000,I,3634.000000,I
129,450,Madagascar,15,Wheat,1986,1542.500000,A,563.000000,A,365.000000,A
129,450,Madagascar,15,Wheat,2008,2381.000000,X,10000.000000,X,4200.000000,X
129,450,Madagascar,15,Wheat,1976,1494.300000,A,260.000000,A,174.000000,A
129,450,Madagascar,15,Wheat,2012,2395.500000,E,10000.000000,X,4174.000000,I
129,450,Madagascar,15,Wheat,2006,2325.600000,E,10000.000000,X,4300.000000,E
129,450,Madagascar,15,Wheat,2009,2381.400000,E,8812.940000,I,3701.000000,I
130,454,Malawi,15,Wheat,2024,487.700000,E,320.680000,I,658.000000,I
130,454,Malawi,15,Wheat,1968,2100.000000,E,630.000000,A,300.000000,E
130,454,Malawi,15,Wheat,1975,2116.700000,E,635.000000,A,300.000000,E
130,454,Malawi,15,Wheat,1985,698.900000,A,787.000000,A,1126.000000,A
130,454,Malawi,15,Wheat,2010,1512.300000,A,2341.000000,A,1548.000000,A
130,454,Malawi,15,Wheat,1989,669.800000,A,1481.000000,A,2211.000000,A
130,454,Malawi,15,Wheat,2004,753.700000,A,1668.000000,A,2213.000000,A
130,454,Malawi,15,Wheat,1966,2036.700000,E,611.000000,A,300.000000,E
130,454,Malawi,15,Wheat,1983,332.900000,E,700.000000,E,2103.000000,A
130,454,Malawi,15,Wheat,1973,2016.700000,E,605.000000,A,300.000000,E
130,454,Malawi,15,Wheat,2023,190.000000,E,190.000000,A,1000.000000,X
130,454,Malawi,15,Wheat,1990,773.500000,A,1639.000000,A,2119.000000,A
133,466,Mali,15,Wheat,2012,4028.500000,A,40071.000000,A,9947.000000,A
133,466,Mali,15,Wheat,2022,4601.700000,A,33542.000000,A,7289.000000,A
133,466,Mali,15,Wheat,1983,1000.000000,E,1500.000000,E,1500.000000,E
133,466,Mali,15,Wheat,1977,1333.300000,E,2000.000000,E,1500.000000,E
133,466,Mali,15,Wheat,2024,2965.300000,A,40788.000000,A,13755.000000,A
133,466,Mali,15,Wheat,2002,2568.700000,A,6545.000000,A,2548.000000,A
133,466,Mali,15,Wheat,2016,8927.300000,A,40137.000000,A,4496.000000,A
133,466,Mali,15,Wheat,1970,1333.300000,E,2000.000000,E,1500.000000,E
133,466,Mali,15,Wheat,1989,1305.300000,A,1710.000000,A,1310.000000,A
133,466,Mali,15,Wheat,1981,1333.300000,E,2000.000000,E,1500.000000,E
133,466,Mali,15,Wheat,2023,5634.400000,A,38500.000000,A,6833.000000,A
133,466,Mali,15,Wheat,1984,1000.000000,E,1500.000000,E,1500.000000,E
133,466,Mali,15,Wheat,1987,1237.000000,A,1425.000000,A,1152.000000,A
133,466,Mali,15,Wheat,2008,2440.900000,A,13166.000000,A,5394.000000,A
133,466,Mali,15,Wheat,1982,1000.000000,E,1500.000000,E,1500.000000,E
133,466,Mali,15,Wheat,1990,1199.100000,A,2066.000000,A,1723.000000,A
134,470,Malta,15,Wheat,1970,1485.900000,A,1847.000000,A,1243.000000,A
134,470,Malta,15,Wheat,2022,,,0.000000,A,0.000000,A
134,470,Malta,15,Wheat,2005,4157.900000,E,10233.290000,I,2461.000000,I
134,470,Malta,15,Wheat,1998,3916.100000,E,9000.000000,E,2298.000000,I
134,470,Malta,15,Wheat,2020,,,0.000000,A,0.000000,A
134,470,Malta,15,Wheat,2001,4000.000000,E,9600.000000,E,2400.000000,E
136,478,Mauritania,15,Wheat,2001,1600.500000,E,482.180000,I,301.000000,I
136,478,Mauritania,15,Wheat,2000,1546.400000,E,495.960000,I,321.000000,I
136,478,Mauritania,15,Wheat,2018,2132.700000,E,7457.450000,I,3497.000000,I
136,478,Mauritania,15,Wheat,2009,1978.000000,A,3414.000000,A,1726.000000,A
136,478,Mauritania,15,Wheat,2003,1666.700000,E,600.000000,E,360.000000,E
136,478,Mauritania,15,Wheat,1980,525.000000,E,210.000000,E,400.000000,E
136,478,Mauritania,15,Wheat,1966,606.100000,E,200.000000,E,330.000000,E
138,484,Mexico,15,Wheat,2016,5338.800000,A,3862914.270000,A,723559.000000,A
138,484,Mexico,15,Wheat,1982,4356.300000,A,4391421.000000,A,1008056.000000,A
138,484,Mexico,15,Wheat,2001,4766.100000,A,3275460.000000,A,687248.000000,A
138,484,Mexico,15,Wheat,2005,4751.700000,A,3015177.000000,A,634548.000000,A
138,484,Mexico,15,Wheat,1989,3823.500000,A,4374739.000000,A,1144176.000000,A
138,484,Mexico,15,Wheat,1980,3847.600000,A,2784914.000000,A,723804.000000,A
138,484,Mexico,15,Wheat,1998,4207.700000,A,3235080.000000,A,768844.000000,A
138,484,Mexico,15,Wheat,1964,2692.200000,A,2203066.000000,A,818325.000000,A
138,484,Mexico,15,Wheat,2006,5227.400000,A,3378116.000000,A,646231.000000,A
141,496,Mongolia,15,Wheat,2002,589.800000,A,123064.000000,A,208644.000000,A
141,496,Mongolia,15,Wheat,2001,720.000000,A,138700.000000,A,192640.000000,A
141,496,Mongolia,15,Wheat,1994,749.500000,A,321900.000000,A,429500.000000,A
141,496,Mongolia,15,Wheat,2009,1559.300000,A,388122.000000,A,248908.000000,A
141,496,Mongolia,15,Wheat,2014,1698.000000,A,494540.000000,A,291247.000000,A
141,496,Mongolia,15,Wheat,1969,328.500000,A,114000.000000,A,347000.000000,A
141,496,Mongolia,15,Wheat,2004,807.200000,A,135622.000000,A,168015.000000,A
141,496,Mongolia,15,Wheat,1971,950.200000,A,316400.000000,A,333000.000000,A
143,504,Morocco,15,Wheat,2007,615.400000,A,1582630.000000,A,2571900.000000,A
143,504,Morocco,15,Wheat,2020,900.400000,A,2561897.500000,A,2845290.000000,A
143,504,Morocco,15,Wheat,2016,1131.500000,A,2731123.000000,A,2413638.000000,A
143,504,Morocco,15,Wheat,1990,1329.000000,A,3613890.000000,A,2719200.000000,A
144,508,Mozambique,15,Wheat,1981,1818.200000,E,10000.000000,E,5500.000000,E
144,508,Mozambique,15,Wheat,1993,1161.300000,E,1721.140000,I,1482.000000,I
144,508,Mozambique,15,Wheat,1985,1250.000000,E,5000.000000,E,4000.000000,E
144,508,Mozambique,15,Wheat,1978,600.000000,E,3000.000000,A,5000.000000,X
144,508,Mozambique,15,Wheat,1991,1500.000000,E,3000.000000,E,2000.000000,E
144,508,Mozambique,15,Wheat,1998,1133.700000,E,1210.580000,I,1068.000000,I
146,498,Republic of Moldova,15,Wheat,2011,2637.600000,A,794783.000000,A,301332.000000,A
146,498,Republic of Moldova,15,Wheat,2012,1576.000000,A,495231.000000,A,314224.000000,A
146,498,Republic of Moldova,15,Wheat,1999,2342.300000,A,800425.000000,A,341725.000000,A
146,498,Republic of Moldova,15,Wheat,2010,2287.200000,A,744160.000000,A,325361.000000,A
146,498,Republic of Moldova,15,Wheat,1993,4026.000000,A,1392610.000000,A,345900.000000,A
147,516,Namibia,15,Wheat,1988,2633.700000,A,4609.000000,A,1750.000000,A
147,516,Namibia,15,Wheat,1983,3000.000000,E,3000.000000,E,1000.000000,E
147,516,Namibia,15,Wheat,1998,4933.600000,A,5274.000000,A,1069.000000,A
147,516,Namibia,15,Wheat,2000,5098.300000,E,3429.000000,A,673.000000,I
147,516,Namibia,15,Wheat,1972,1750.000000,E,700.000000,E,400.000000,E
147,516,Namibia,15,Wheat,1978,2000.000000,E,800.000000,E,400.000000,E
147,516,Namibia,15,Wheat,1964,1333.300000,E,600.000000,E,450.000000,E
147,516,Namibia,15,Wheat,2006,5930.800000,A,12858.000000,A,2168.000000,A
147,516,Namibia,15,Wheat,2023,5805.400000,A,24696.000000,A,4254.000000,A
149,524,Nepal,15,Wheat,1978,1119.900000,A,411270.000000,A,367240.000000,A
149,524,Nepal,15,Wheat,2021,2991.700000,A,2127276.000000,A,711067.000000,A
149,524,Nepal,15,Wheat,1994,1470.400000,A,898892.000000,A,611309.000000,A
149,524,Nepal,15,Wheat,2002,1885.900000,A,1258045.000000,A,667077.000000,A
149,524,Nepal,15,Wheat,1988,1247.800000,A,744600.000000,A,596750.000000,A
150,528,Netherlands (Kingdom of the),15,Wheat,2005,8593.200000,A,1174686.000000,A,136700.000000,A
150,528,Netherlands (Kingdom of the),15,Wheat,1980,6202.100000,A,882174.000000,A,142239.000000,A
150,528,Netherlands (Kingdom of the),15,Wheat,2021,8018.000000,A,947250.000000,A,118140.000000,A
150,528,Netherlands (Kingdom of the),15,Wheat,2010,8909.200000,A,1369553.000000,A,153723.000000,A
150,528,Netherlands (Kingdom of the),15,Wheat,1974,5733.400000,A,745883.000000,A,130095.000000,A
150,528,Netherlands (Kingdom of the),15,Wheat,2011,7781.200000,A,1175275.000000,A,151041.000000,A
150,528,Netherlands (Kingdom of the),15,Wheat,1967,4790.600000,A,738587.000000,A,154174.000000,A
150,528,Netherlands (Kingdom of the),15,Wheat,1989,7597.700000,A,1046770.000000,A,137774.000000,A
150,528,Netherlands (Kingdom of the),15,Wheat,1984,7885.400000,A,1131329.000000,A,143471.000000,A
150,528,Netherlands (Kingdom of the),15,Wheat,1990,7652.800000,A,1076000.000000,A,140603.000000,A
150,528,Netherlands (Kingdom of the),15,Wheat,2016,7983.200000,A,1016479.000000,A,127328.000000,A
153,540,New Caledonia,15,Wheat,2008,,,0.000000,A,0.000000,I
153,540,New Caledonia,15,Wheat,2010,,,0.000000,A,0.000000,I
153,540,New Caledonia,15,Wheat,2023,670.100000,E,13.060000,I,19.000000,I
153,540,New Caledonia,15,Wheat,1986,1839.200000,A,572.000000,A,311.000000,A
153,540,New Caledonia,15,Wheat,2024,673.200000,E,28.820000,I,43.000000,I
153,540,New Caledonia,15,Wheat,1997,1888.900000,E,51.000000,A,27.000000,E
153,540,New Caledonia,15,Wheat,2018,522.400000,E,4.400000,A,8.000000,I
154,807,North Macedonia,15,Wheat,2020,3526.600000,A,246031.000000,A,69765.000000,A
154,807,North Macedonia,15,Wheat,2012,2695.600000,A,214963.000000,A,79745.000000,A
154,807,North Macedonia,15,Wheat,2001,2129.800000,A,246000.000000,A,115504.000000,A
156,554,New Zealand,15,Wheat,2024,10014.100000,A,464602.000000,A,46395.000000,A
156,554,New Zealand,15,Wheat,1983,4243.100000,A,300825.000000,A,70897.000000,A
156,554,New Zealand,15,Wheat,1989,3567.900000,A,134994.000000,A,37836.000000,A
158,562,Niger,15,Wheat,1985,1979.900000,A,6900.000000,A,3485.000000,A
158,562,Niger,15,Wheat,1974,1018.500000,A,1650.000000,A,1620.000000,A
158,562,Niger,15,Wheat,1999,2111.500000,E,12669.000000,A,6000.000000,E
158,562,Niger,15,Wheat,2021,2864.300000,A,5471.440000,A,1910.000000,A
158,562,Niger,15,Wheat,1962,1200.400000,A,1126.000000,A,938.000000,A
158,562,Niger,15,Wheat,1996,2125.000000,A,1700.000000,A,800.000000,A
158,562,Niger,15,Wheat,1987,1500.000000,E,6000.000000,E,4000.000000,E
158,562,Niger,15,Wheat,1970,907.000000,A,390.000000,A,430.000000,A
159,566,Nigeria,15,Wheat,1968,1818.200000,A,20000.000000,A,11000.000000,A
159,566,Nigeria,15,Wheat,1965,1818.200000,A,20000.000000,A,11000.000000,A
159,566,Nigeria,15,Wheat,2023,1586.600000,E,48868.930000,I,30801.000000,I
159,566,Nigeria,15,Wheat,1984,1687.500000,E,27000.000000,A,16000.000000,X
159,566,Nigeria,15,Wheat,1961,1777.800000,A,16000.000000,A,9000.000000,A
159,566,Nigeria,15,Wheat,1975,1636.400000,E,18000.000000,A,11000.000000,E
159,566,Nigeria,15,Wheat,1962,1777.800000,A,16000.000000,A,9000.000000,A
159,566,Nigeria,15,Wheat,1980,2400.000000,E,24000.000000,A,10000.000000,E
162,578,Norway,15,Wheat,2019,5601.700000,A,450100.000000,A,80351.000000,A
162,578,Norway,15,Wheat,1991,4654.700000,A,246300.000000,A,52914.000000,A
162,578,Norway,15,Wheat,1988,3400.600000,A,148300.000000,A,43610.000000,A
162,578,Norway,15,Wheat,1996,4525.800000,A,266300.000000,A,58840.000000,A
162,578,Norway,15,Wheat,2001,4073.800000,A,259100.000000,A,63601.000000,A
162,578,Norway,15,Wheat,2006,4163.400000,A,357000.000000,A,85748.000000,A
165,586,Pakistan,15,Wheat,1975,1320.200000,A,7673440.000000,A,5812310.000000,A
165,586,Pakistan,15,Wheat,2002,2262.100000,A,18226500.000000,A,8057500.000000,A
165,586,Pakistan,15,Wheat,1965,863.100000,A,4590000.000000,A,5318000.000000,A
165,586,Pakistan,15,Wheat,1987,1559.300000,A,12015900.000000,A,7706200.000000,A
165,586,Pakistan,15,Wheat,2000,2490.700000,A,21078600.000000,A,8463000.000000,A
165,586,Pakistan,15,Wheat,2023,3117.600000,A,28160527.000000,A,9032688.000000,A
167,203,Czechia,15,Wheat,2008,5772.600000,A,4631502.000000,A,802325.000000,A
167,203,Czechia,15,Wheat,2005,5052.200000,A,4145039.000000,A,820439.000000,A
167,203,Czechia,15,Wheat,2019,5732.500000,A,4812160.000000,A,839450.000000,A
169,600,Paraguay,15,Wheat,1982,1315.700000,A,139071.000000,A,105700.000000,A
169,600,Paraguay,15,Wheat,1974,1163.200000,A,35245.000000,A,30300.000000,A
169,600,Paraguay,15,Wheat,1998,1141.900000,A,229173.000000,A,200700.000000,A
169,600,Paraguay,15,Wheat,1970,733.300000,A,33000.000000,A,45000.000000,A
170,604,Peru,15,Wheat,2021,1713.100000,A,203072.790000,A,118542.000000,A
170,604,Peru,15,Wheat,1975,945.300000,A,126324.000000,A,133640.000000,A
170,604,Peru,15,Wheat,1970,920.300000,A,125374.000000,A,136230.000000,A
170,604,Peru,15,Wheat,2019,1562.300000,A,188468.760000,A,120634.000000,A
170,604,Peru,15,Wheat,1981,1022.500000,A,116678.000000,A,114106.000000,A
170,604,Peru,15,Wheat,1979,1060.600000,A,102060.000000,A,96229.000000,A
170,604,Peru,15,Wheat,2011,1471.900000,A,214140.000000,A,145484.000000,A
170,604,Peru,15,Wheat,2022,1766.900000,A,212403.980000,A,120213.000000,A
170,604,Peru,15,Wheat,1993,1481.200000,A,125595.000000,A,84793.000000,A
170,604,Peru,15,Wheat,1961,1001.200000,A,153595.000000,A,153417.000000,A
170,604,Peru,15,Wheat,2001,1246.500000,A,181805.000000,A,145851.000000,A
170,604,Peru,15,Wheat,1995,1264.300000,A,125048.000000,A,98907.000000,A
173,616,Poland,15,Wheat,1993,3327.900000,A,8242694.000000,A,2476870.000000,A
173,616,Poland,15,Wheat,1965,2063.900000,A,3338000.000000,A,1617300.000000,A
173,616,Poland,15,Wheat,1995,3601.500000,A,8668035.000000,A,2406786.000000,A
173,616,Poland,15,Wheat,1974,3200.700000,A,6408400.000000,A,2002200.000000,A
173,616,Poland,15,Wheat,1998,3624.300000,A,9536576.000000,A,2631319.000000,A
174,620,Portugal,15,Wheat,1989,1913.300000,A,618000.000000,A,323000.000000,A
174,620,Portugal,15,Wheat,1965,975.000000,A,612300.000000,A,628000.000000,A
174,620,Portugal,15,Wheat,1973,1206.100000,A,533200.000000,A,442100.000000,A
174,620,Portugal,15,Wheat,1983,986.800000,A,329411.000000,A,333824.000000,A
174,620,Portugal,15,Wheat,2019,2701.400000,A,77070.000000,A,28530.000000,A
174,620,Portugal,15,Wheat,1976,1292.100000,A,694137.000000,A,537229.000000,A
174,620,Portugal,15,Wheat,2021,2422.900000,A,69440.000000,A,28660.000000,A
174,620,Portugal,15,Wheat,1971,1570.500000,A,808510.000000,A,514800.000000,A
178,232,Eritrea,15,Wheat,1997,343.400000,A,9635.000000,A,28061.000000,A
178,232,Eritrea,15,Wheat,2003,198.700000,A,4755.000000,A,23928.000000,A
178,232,Eritrea,15,Wheat,2022,1000.000000,X,25000.000000,X,25000.000000,X
178,232,Eritrea,15,Wheat,2006,1160.400000,A,21570.000000,A,18588.000000,A
178,232,Eritrea,15,Wheat,2000,594.300000,A,13776.000000,A,23182.000000,A
178,232,Eritrea,15,Wheat,1998,955.200000,A,31937.000000,A,33434.000000,A
179,634,Qatar,15,Wheat,2024,2369.300000,E,21.000000,I,9.000000,I
179,634,Qatar,15,Wheat,2016,2296.300000,A,6.200000,A,3.000000,A
179,634,Qatar,15,Wheat,1998,2295.100000,A,140.000000,A,61.000000,A
179,634,Qatar,15,Wheat,2013,2263.200000,A,86.000000,A,38.000000,A
179,634,Qatar,15,Wheat,2007,2318.800000,A,32.000000,A,14.000000,A
179,634,Qatar,15,Wheat,1978,2187.500000,A,105.000000,A,48.000000,A
179,634,Qatar,15,Wheat,1991,2304.800000,A,242.000000,A,105.000000,A
181,716,Zimbabwe,15,Wheat,2008,3009.700000,A,31000.000000,A,10300.000000,A
181,716,Zimbabwe,15,Wheat,1984,5861.100000,A,99000.000000,A,16891.000000,A
181,716,Zimbabwe,15,Wheat,1999,5500.000000,A,260909.000000,A,47438.000000,A
181,716,Zimbabwe,15,Wheat,2001,5300.000000,A,197526.000000,A,37269.000000,A
181,716,Zimbabwe,15,Wheat,2013,2343.000000,E,50966.050000,I,21753.000000,I
183,642,Romania,15,Wheat,1970,1445.900000,A,3356000.000000,A,2321000.000000,A
183,642,Romania,15,Wheat,1962,1332.300000,A,4053800.000000,A,3042600.000000,A
183,642,Romania,15,Wheat,1999,2799.300000,A,4661439.000000,A,1665189.000000,A
183,642,Romania,15,Wheat,2004,3477.500000,A,7812428.000000,A,2246595.000000,A
183,642,Romania,15,Wheat,1996,1764.500000,A,3143818.000000,A,1781704.000000,A
184,646,Rwanda,15,Wheat,2008,908.400000,E,8247.000000,A,9078.000000,I
184,646,Rwanda,15,Wheat,2023,1255.500000,A,16655.890000,A,13266.000000,A
184,646,Rwanda,15,Wheat,1975,842.400000,A,2303.000000,A,2734.000000,A
184,646,Rwanda,15,Wheat,2019,1185.300000,A,15686.270000,A,13234.000000,A
184,646,Rwanda,15,Wheat,1997,955.700000,A,5997.000000,A,6275.000000,A
184,646,Rwanda,15,Wheat,2010,939.200000,E,7661.900000,I,8158.000000,I
185,643,Russian Federation,15,Wheat,1995,1394.600000,A,30118470.000000,A,21597000.000000,A
185,643,Russian Federation,15,Wheat,2000,1614.400000,A,34460052.000000,A,21346000.000000,A
185,643,Russian Federation,15,Wheat,2005,1929.100000,A,47614681.000000,A,24682600.000000,A
185,643,Russian Federation,15,Wheat,2001,2058.300000,A,46996294.000000,A,22832700.000000,A
185,643,Russian Federation,15,Wheat,2018,2725.000000,A,72136149.000000,A,26472051.000000,A
185,643,Russian Federation,15,Wheat,2022,3550.800000,A,104233944.000000,A,29354766.000000,A
185,643,Russian Federation,15,Wheat,1997,1841.700000,A,44235132.000000,A,24018400.000000,A
186,891,Serbia and Montenegro,15,Wheat,2005,3562.600000,A,2009690.000000,A,564110.000000,A
194,682,Saudi Arabia,15,Wheat,1983,3335.800000,A,817497.000000,A,245071.000000,A
194,682,Saudi Arabia,15,Wheat,1966,1750.000000,A,148750.000000,A,85000.000000,A
194,682,Saudi Arabia,15,Wheat,2010,6147.400000,A,1349389.000000,A,219505.000000,A
194,682,Saudi Arabia,15,Wheat,1970,1857.100000,E,130000.000000,A,70000.000000,E
194,682,Saudi Arabia,15,Wheat,1968,1737.100000,E,125000.000000,E,71961.000000,A
194,682,Saudi Arabia,15,Wheat,1971,1392.300000,A,41908.000000,A,30100.000000,A
194,682,Saudi Arabia,15,Wheat,1962,1440.000000,E,108000.000000,E,75000.000000,E
194,682,Saudi Arabia,15,Wheat,1964,1585.400000,E,130000.000000,E,82000.000000,E
198,705,Slovenia,15,Wheat,2020,5796.300000,A,158180.000000,A,27290.000000,A
198,705,Slovenia,15,Wheat,1998,4827.900000,A,169097.000000,A,35025.000000,A
198,705,Slovenia,15,Wheat,2002,4894.300000,A,174868.000000,A,35729.000000,A
198,705,Slovenia,15,Wheat,2017,5031.400000,A,140961.000000,A,28016.000000,A
199,703,Slovakia,15,Wheat,2022,4975.000000,A,2048150.000000,A,411690.000000,A
199,703,Slovakia,15,Wheat,2020,5511.300000,A,2133330.000000,A,387080.000000,A
201,706,Somalia,15,Wheat,2023,399.900000,E,1059.860000,I,2651.000000,I
201,706,Somalia,15,Wheat,1984,0.000000,E,0.000000,A,3600.000000,E
201,706,Somalia,15,Wheat,1968,,,0.000000,A,0.000000,A
201,706,Somalia,15,Wheat,2000,369.200000,E,960.000000,E,2600.000000,E
201,706,Somalia,15,Wheat,2015,395.600000,E,1031.360000,I,2607.000000,I
201,706,Somalia,15,Wheat,1976,0.000000,E,0.000000,A,3500.000000,E
202,710,South Africa,15,Wheat,1988,1801.900000,A,3620000.000000,A,2009000.000000,A
202,710,South Africa,15,Wheat,2005,2366.500000,A,1905000.000000,A,805000.000000,A
202,710,South Africa,15,Wheat,1970,723.300000,A,1396000.000000,A,1930000.000000,A
202,710,South Africa,15,Wheat,1982,1214.100000,A,2444000.000000,A,2013000.000000,A
202,710,South Africa,15,Wheat,2021,4364.900000,A,2285000.000000,A,523500.000000,A
202,710,South Africa,15,Wheat,2012,3747.600000,A,1915000.000000,A,511000.000000,A
202,710,South Africa,15,Wheat,2006,2751.600000,A,2105000.000000,A,765000.000000,A
202,710,South Africa,15,Wheat,1984,1208.000000,A,2346000.000000,A,1942000.000000,A
203,724,Spain,15,Wheat,1980,2237.900000,A,6039500.000000,A,2698700.000000,A
203,724,Spain,15,Wheat,2021,4023.800000,A,8564630.000000,A,2128470.000000,A
203,724,Spain,15,Wheat,1987,2607.400000,A,5791000.000000,A,2221000.000000,A
203,724,Spain,15,Wheat,1994,2184.300000,A,4302340.000000,A,1969650.000000,A
203,724,Spain,15,Wheat,1967,1326.300000,A,5654000.000000,A,4263000.000000,A
203,724,Spain,15,Wheat,1971,1490.800000,A,5449700.000000,A,3655600.000000,A
203,724,Spain,15,Wheat,1978,1746.400000,A,4806100.000000,A,2751947.000000,A
203,724,Spain,15,Wheat,1997,2249.800000,A,4676290.000000,A,2078550.000000,A
203,724,Spain,15,Wheat,2003,2923.600000,A,6290100.000000,A,2151500.000000,A
203,724,Spain,15,Wheat,1991,2459.200000,A,5467700.000000,A,2223400.000000,A
206,736,Sudan (former),15,Wheat,2006,3832.000000,A,669000.000000,A,174583.000000,A
206,736,Sudan (former),15,Wheat,1994,1328.700000,A,475000.000000,A,357488.000000,A
206,736,Sudan (former),15,Wheat,1974,1335.200000,A,235000.000000,A,176000.000000,A
206,736,Sudan (former),15,Wheat,1971,1342.600000,A,163000.000000,A,121403.000000,A
206,736,Sudan (former),15,Wheat,1979,684.300000,A,165000.000000,A,241126.000000,A
208,762,Tajikistan,15,Wheat,2011,2335.900000,A,726880.000000,A,311179.000000,A
208,762,Tajikistan,15,Wheat,2022,3446.200000,A,934274.000000,A,271100.000000,A
208,762,Tajikistan,15,Wheat,2021,3100.400000,E,852000.000000,X,274800.000000,A
208,762,Tajikistan,15,Wheat,2017,3147.100000,A,899653.000000,A,285867.000000,A
208,762,Tajikistan,15,Wheat,2013,2973.500000,A,947350.000000,A,318601.000000,A
209,748,Eswatini,15,Wheat,1982,3250.000000,E,1300.000000,E,400.000000,E
209,748,Eswatini,15,Wheat,2010,1500.000000,E,450.000000,E,300.000000,E
209,748,Eswatini,15,Wheat,2011,1684.700000,E,556.400000,I,330.000000,I
209,748,Eswatini,15,Wheat,1994,1428.600000,E,500.000000,A,350.000000,E
209,748,Eswatini,15,Wheat,1990,3964.100000,E,1435.000000,E,362.000000,E
209,748,Eswatini,15,Wheat,1984,3250.000000,E,1300.000000,E,400.000000,E
209,748,Eswatini,15,Wheat,2000,1500.000000,A,300.000000,A,200.000000,A
209,748,Eswatini,15,Wheat,1976,2042.100000,A,194.000000,A,95.000000,A
209,748,Eswatini,15,Wheat,1983,3250.000000,E,1300.000000,E,400.000000,E
209,748,Eswatini,15,Wheat,1967,,,0.000000,A,0.000000,A
210,752,Sweden,15,Wheat,1989,6194.000000,A,1750800.000000,A,282660.000000,A
210,752,Sweden,15,Wheat,1972,4216.200000,A,1130090.000000,A,268034.000000,A
210,752,Sweden,15,Wheat,2022,6995.000000,A,3228700.000000,A,461570.000000,A
210,752,Sweden,15,Wheat,1994,5340.300000,A,1344700.000000,A,251800.000000,A
210,752,Sweden,15,Wheat,2018,4349.800000,A,1620300.000000,A,372500.000000,A
210,752,Sweden,15,Wheat,1980,4145.500000,A,1193320.000000,A,287861.000000,A
210,752,Sweden,15,Wheat,2007,6257.100000,A,2255700.000000,A,360500.000000,A
210,752,Sweden,15,Wheat,1986,5566.100000,A,1730510.000000,A,310900.000000,A
210,752,Sweden,15,Wheat,2006,5462.700000,A,1967400.000000,A,360150.000000,A
211,756,Switzerland,15,Wheat,1985,5668.800000,A,549300.000000,A,96898.000000,A
211,756,Switzerland,15,Wheat,1979,4914.000000,A,422800.000000,A,86040.000000,A
211,756,Switzerland,15,Wheat,1996,6614.900000,A,666291.000000,A,100726.000000,A
211,756,Switzerland,15,Wheat,1963,2872.500000,A,302700.000000,A,105380.000000,A
211,756,Switzerland,15,Wheat,1989,6573.500000,A,649000.000000,A,98730.000000,A
211,756,Switzerland,15,Wheat,1991,5947.100000,A,583651.000000,A,98140.000000,A
212,760,Syrian Arab Republic,15,Wheat,2022,1310.200000,A,1551605.000000,A,1184237.000000,A
212,760,Syrian Arab Republic,15,Wheat,1993,2618.200000,A,3626491.000000,A,1385134.000000,A
212,760,Syrian Arab Republic,15,Wheat,2005,2452.300000,A,4668750.000000,A,1903830.000000,A
212,760,Syrian Arab Republic,15,Wheat,2018,1115.000000,A,1222987.620000,A,1096818.000000,A
212,760,Syrian Arab Republic,15,Wheat,1991,1686.400000,A,2140000.000000,A,1269000.000000,A
212,760,Syrian Arab Republic,15,Wheat,2001,2817.800000,A,4744623.000000,A,1683780.000000,A
212,760,Syrian Arab Republic,15,Wheat,1970,465.900000,A,624562.000000,A,1340531.000000,A
212,760,Syrian Arab Republic,15,Wheat,2010,1928.000000,A,3083100.000000,A,1599100.000000,A
212,760,Syrian Arab Republic,15,Wheat,1979,913.400000,A,1319959.000000,A,1445075.000000,A
212,760,Syrian Arab Republic,15,Wheat,1985,1354.800000,A,1713866.000000,A,1265000.000000,A
212,760,Syrian Arab Republic,15,Wheat,2020,2109.100000,A,2848471.850000,A,1350538.000000,A
212,760,Syrian Arab Republic,15,Wheat,2013,2315.800000,A,3182111.000000,A,1374077.000000,A
213,795,Turkmenistan,15,Wheat,1999,2509.700000,E,1505800.000000,A,600000.000000,X
213,795,Turkmenistan,15,Wheat,1998,2490.400000,E,1245200.000000,A,500000.000000,X
213,795,Turkmenistan,15,Wheat,1993,1957.700000,A,509000.000000,A,260000.000000,A
214,158,"China, Taiwan Province of",15,Wheat,2016,1551.400000,A,3638.000000,A,2345.000000,A
214,158,"China, Taiwan Province of",15,Wheat,1975,2399.100000,A,3042.000000,A,1268.000000,A
214,158,"China, Taiwan Province of",15,Wheat,2004,3216.200000,A,238.000000,A,74.000000,A
215,834,United Republic of Tanzania,15,Wheat,2006,2066.700000,A,110000.000000,A,53224.000000,A
215,834,United Republic of Tanzania,15,Wheat,1994,1209.000000,A,59000.000000,A,48800.000000,A
215,834,United Republic of Tanzania,15,Wheat,2020,1287.900000,E,77276.000000,A,60000.000000,X
215,834,United Republic of Tanzania,15,Wheat,1965,1000.600000,E,33019.000000,A,33000.000000,E
215,834,United Republic of Tanzania,15,Wheat,1968,1157.900000,E,44000.000000,A,38000.000000,E
215,834,United Republic of Tanzania,15,Wheat,1971,766.200000,A,60000.000000,A,78308.000000,A
215,834,United Republic of Tanzania,15,Wheat,1999,1436.300000,A,82400.000000,A,57370.000000,A
216,764,Thailand,15,Wheat,1981,,,0.000000,A,0.000000,A
216,764,Thailand,15,Wheat,1965,,,0.000000,A,0.000000,A
216,764,Thailand,15,Wheat,1980,,,0.000000,A,0.000000,A
216,764,Thailand,15,Wheat,2005,775.700000,E,952.210000,I,1227.000000,I
216,764,Thailand,15,Wheat,2009,848.300000,E,1063.010000,I,1253.000000,I
216,764,Thailand,15,Wheat,2014,1082.300000,E,1312.770000,I,1213.000000,I
216,764,Thailand,15,Wheat,1990,610.700000,A,458.000000,A,750.000000,A
216,764,Thailand,15,Wheat,1973,,,0.000000,A,0.000000,A
216,764,Thailand,15,Wheat,1992,675.300000,A,651.000000,A,964.000000,A
216,764,Thailand,15,Wheat,2015,1005.000000,E,1265.480000,I,1259.000000,I
221,512,Oman,15,Wheat,1989,1914.900000,A,900.000000,A,470.000000,A
221,512,Oman,15,Wheat,1985,1100.900000,A,251.000000,A,228.000000,A
221,512,Oman,15,Wheat,1988,1495.700000,A,700.000000,A,468.000000,A
221,512,Oman,15,Wheat,2011,3306.400000,A,2126.000000,A,643.000000,A
221,512,Oman,15,Wheat,1986,1098.900000,A,289.000000,A,263.000000,A
221,512,Oman,15,Wheat,2008,3057.100000,A,1070.000000,A,350.000000,A
221,512,Oman,15,Wheat,1978,458.300000,E,275.000000,E,600.000000,E
221,512,Oman,15,Wheat,1961,1400.000000,E,1400.000000,E,1000.000000,E
222,788,Tunisia,15,Wheat,1968,800.000000,E,600000.000000,E,750000.000000,E
222,788,Tunisia,15,Wheat,2005,1691.800000,A,1626700.000000,A,961500.000000,A
222,788,Tunisia,15,Wheat,2001,2000.000000,A,1118000.000000,A,559000.000000,A
223,792,Türkiye,15,Wheat,1974,1257.900000,A,11080000.000000,A,8808000.000000,A
223,792,Türkiye,15,Wheat,1994,1797.500000,A,17500000.000000,A,9735917.000000,A
223,792,Türkiye,15,Wheat,2007,2167.500000,A,17234000.000000,A,7951237.000000,A
223,792,Türkiye,15,Wheat,1987,2033.400000,A,18932000.000000,A,9310681.000000,A
223,792,Türkiye,15,Wheat,2017,2806.000000,A,21500000.000000,A,7662273.000000,A
223,792,Türkiye,15,Wheat,1965,1074.900000,A,8630000.000000,A,8029000.000000,A
223,792,Türkiye,15,Wheat,1977,1785.400000,A,16720000.000000,A,9365000.000000,A
225,784,United Arab Emirates,15,Wheat,1996,1194.800000,A,601.000000,A,503.000000,A
225,784,United Arab Emirates,15,Wheat,1985,1340.200000,E,1300.000000,E,970.000000,E
225,784,United Arab Emirates,15,Wheat,2006,2600.000000,A,26.000000,A,10.000000,A
225,784,United Arab Emirates,15,Wheat,2000,6500.000000,A,364.000000,A,56.000000,A
225,784,United Arab Emirates,15,Wheat,1975,,,0.000000,A,0.000000,A
225,784,United Arab Emirates,15,Wheat,1963,,,0.000000,A,0.000000,A
225,784,United Arab Emirates,15,Wheat,2009,,,,M,,M
226,800,Uganda,15,Wheat,2020,1666.700000,X,25000.000000,X,15000.000000,X
226,800,Uganda,15,Wheat,1975,2333.300000,A,14000.000000,A,6000.000000,A
226,800,Uganda,15,Wheat,1986,1554.100000,A,8333.000000,A,5362.000000,A
226,800,Uganda,15,Wheat,1974,2000.000000,A,8000.000000,A,4000.000000,A
226,800,Uganda,15,Wheat,1993,1800.000000,A,9000.000000,A,5000.000000,A
228,810,USSR,15,Wheat,1986,1776.700000,A,86573008.000000,A,48728000.000000,A
228,810,USSR,15,Wheat,1973,1634.000000,A,103196000.000000,A,63155008.000000,A
228,810,USSR,15,Wheat,1988,1640.200000,A,78826000.000000,A,48058000.000000,A
228,810,USSR,15,Wheat,1962,986.900000,A,66530000.000000,A,67411008.000000,A
228,810,USSR,15,Wheat,1968,1305.800000,A,87789008.000000,A,67231008.000000,A
229,826,United Kingdom of Great Britain and Northern Ireland,15,Wheat,1998,7554.200000,A,15449029.000000,A,2045092.000000,A
229,826,United Kingdom of Great Britain and Northern Ireland,15,Wheat,2018,7754.600000,A,13555000.000000,A,1748000.000000,A
229,826,United Kingdom of Great Britain and Northern Ireland,15,Wheat,1976,3850.500000,A,4740000.000000,A,1231000.000000,A
229,826,United Kingdom of Great Britain and Northern Ireland,15,Wheat,1969,4038.300000,A,3364750.000000,A,833205.000000,A
229,826,United Kingdom of Great Britain and Northern Ireland,15,Wheat,1972,4241.200000,A,4781540.000000,A,1127412.000000,A
229,826,United Kingdom of Great Britain and Northern Ireland,15,Wheat,2015,8976.000000,A,16444000.000000,A,1832000.000000,A
230,804,Ukraine,15,Wheat,1996,2299.300000,A,13547100.000000,A,5891800.000000,A
230,804,Ukraine,15,Wheat,1994,3074.500000,A,13856600.000000,A,4507000.000000,A
230,804,Ukraine,15,Wheat,2021,4533.200000,A,32183300.000000,A,7099400.000000,A
230,804,Ukraine,15,Wheat,2016,4205.600000,A,26098830.000000,A,6205800.000000,A
230,804,Ukraine,15,Wheat,2000,1975.600000,A,10197000.000000,A,5161600.000000,A
230,804,Ukraine,15,Wheat,2005,2845.700000,A,18699200.000000,A,6571000.000000,A
230,804,Ukraine,15,Wheat,2018,3724.200000,A,24652840.000000,A,6619600.000000,A
231,840,United States of America,15,Wheat,2004,2902.600000,A,58697040.000000,A,20221956.000000,A
231,840,United States of America,15,Wheat,1987,2533.000000,A,57361808.000000,A,22646000.000000,A
231,840,United States of America,15,Wheat,1981,2322.900000,A,75806304.000000,A,32635008.000000,A
231,840,United States of America,15,Wheat,1968,1911.600000,A,42365376.000000,A,22162304.000000,A
231,840,United States of America,15,Wheat,1986,2316.700000,A,56897008.000000,A,24559008.000000,A
231,840,United States of America,15,Wheat,2005,2823.100000,A,57241992.000000,A,20276588.000000,A
231,840,United States of America,15,Wheat,2001,2701.800000,A,52999932.000000,A,19616538.000000,A
234,858,Uruguay,15,Wheat,1989,2392.000000,A,542378.000000,A,226748.000000,A
234,858,Uruguay,15,Wheat,1984,1543.600000,A,348861.000000,A,226002.000000,A
234,858,Uruguay,15,Wheat,2023,5036.700000,A,1343800.000000,A,266800.000000,A
234,858,Uruguay,15,Wheat,1996,2595.700000,A,649700.000000,A,250300.000000,A
234,858,Uruguay,15,Wheat,1966,866.200000,A,328760.000000,A,379550.000000,A
234,858,Uruguay,15,Wheat,1983,1656.500000,A,418723.000000,A,252780.000000,A
234,858,Uruguay,15,Wheat,2014,3317.700000,A,1532796.000000,A,462000.000000,A
235,860,Uzbekistan,15,Wheat,2006,4210.800000,A,6099300.000000,A,1448490.000000,A
235,860,Uzbekistan,15,Wheat,2011,4556.000000,A,6526955.000000,A,1432600.000000,A
235,860,Uzbekistan,15,Wheat,2010,4600.000000,A,6745000.000000,A,1466300.000000,A
235,860,Uzbekistan,15,Wheat,2002,4041.000000,A,5183000.000000,A,1282600.000000,A
236,862,Venezuela (Bolivarian Republic of),15,Wheat,1967,515.100000,A,1555.000000,A,3019.000000,A
236,862,Venezuela (Bolivarian Republic of),15,Wheat,1964,554.000000,A,1200.000000,A,2166.000000,A
236,862,Venezuela (Bolivarian Republic of),15,Wheat,2024,3078.100000,E,1014.800000,I,330.000000,I
236,862,Venezuela (Bolivarian Republic of),15,Wheat,1995,397.700000,E,517.000000,A,1300.000000,E
236,862,Venezuela (Bolivarian Republic of),15,Wheat,1990,344.400000,E,310.000000,A,900.000000,X
238,231,Ethiopia,15,Wheat,2006,1520.400000,A,2219075.000000,A,1459540.000000,A
238,231,Ethiopia,15,Wheat,2010,1820.900000,E,3325620.000000,E,1826400.000000,E
238,231,Ethiopia,15,Wheat,1999,1115.000000,A,1149670.000000,A,1031140.000000,A
238,231,Ethiopia,15,Wheat,2011,1822.500000,E,3091540.000000,E,1696330.000000,E
238,231,Ethiopia,15,Wheat,2020,2903.600000,E,5810450.000000,E,2001130.000000,E
248,890,Yugoslav SFR,15,Wheat,1989,3784.700000,A,5598583.000000,A,1479254.000000,A
248,890,Yugoslav SFR,15,Wheat,1966,2511.200000,A,4603000.000000,A,1833000.000000,A
248,890,Yugoslav SFR,15,Wheat,1972,2516.400000,A,4844000.000000,A,1925000.000000,A
248,890,Yugoslav SFR,15,Wheat,1965,2057.000000,A,3462000.000000,A,1683000.000000,A
248,890,Yugoslav SFR,15,Wheat,1961,1616.100000,A,3174000.000000,A,1964000.000000,A
248,890,Yugoslav SFR,15,Wheat,1962,1646.700000,A,3514000.000000,A,2134000.000000,A
248,890,Yugoslav SFR,15,Wheat,1976,3469.700000,A,5979300.000000,A,1723300.000000,A
249,887,Yemen,15,Wheat,1972,1022.700000,X,45000.000000,X,44000.000000,X
249,887,Yemen,15,Wheat,1978,786.700000,X,59000.000000,X,75000.000000,X
249,887,Yemen,15,Wheat,1967,1334.300000,X,46300.000000,X,34700.000000,X
249,887,Yemen,15,Wheat,1964,1296.900000,E,41500.000000,E,32000.000000,E
249,887,Yemen,15,Wheat,1975,1230.000000,A,88134.000000,A,71655.000000,A
250,180,Democratic Republic of the Congo,15,Wheat,1982,592.600000,A,3200.000000,A,5400.000000,A
250,180,Democratic Republic of the Congo,15,Wheat,1973,496.100000,A,1324.000000,A,2669.000000,A
250,180,Democratic Republic of the Congo,15,Wheat,1967,934.100000,A,3956.000000,A,4235.000000,A
250,180,Democratic Republic of the Congo,15,Wheat,1987,930.000000,A,6510.000000,A,7000.000000,A
250,180,Democratic Republic of the Congo,15,Wheat,1970,530.000000,A,3256.000000,A,6143.000000,A
250,180,Democratic Republic of the Congo,15,Wheat,2012,1311.600000,E,9292.280000,I,7085.000000,I
251,894,Zambia,15,Wheat,2020,7368.000000,A,191619.800000,A,26007.000000,A
251,894,Zambia,15,Wheat,1976,4935.000000,A,3948.000000,A,800.000000,A
251,894,Zambia,15,Wheat,2024,7090.000000,A,198886.380000,A,28052.000000,A
251,894,Zambia,15,Wheat,1971,1000.000000,E,100.000000,E,100.000000,E
251,894,Zambia,15,Wheat,1969,2200.000000,E,220.000000,A,100.000000,E
251,894,Zambia,15,Wheat,2016,6600.500000,A,159533.000000,A,24170.000000,A
251,894,Zambia,15,Wheat,2019,6687.800000,A,151850.470000,A,22706.000000,A
251,894,Zambia,15,Wheat,1961,1600.000000,A,608.000000,A,380.000000,A
255,56,Belgium,15,Wheat,2022,9057.400000,A,1851870.000000,A,204460.000000,A
255,56,Belgium,15,Wheat,2012,8452.200000,A,1834624.000000,A,217060.000000,A
255,56,Belgium,15,Wheat,2021,7788.400000,A,1629180.000000,A,209180.000000,A
255,56,Belgium,15,Wheat,2003,8578.600000,A,1640364.000000,A,191216.000000,A
256,442,Luxembourg,15,Wheat,2003,6136.400000,A,68648.000000,A,11187.000000,A
256,442,Luxembourg,15,Wheat,2014,6154.100000,A,77943.000000,A,12665.000000,A
256,442,Luxembourg,15,Wheat,2018,6188.800000,A,79650.000000,A,12870.000000,A
256,442,Luxembourg,15,Wheat,2004,6824.100000,A,79978.000000,A,11720.000000,A
272,688,Serbia,15,Wheat,2006,3474.000000,A,1875335.000000,A,539813.000000,A
273,499,Montenegro,15,Wheat,2008,3501.600000,A,1096.000000,A,313.000000,A
273,499,Montenegro,15,Wheat,2010,3402.900000,A,946.000000,A,278.000000,A
273,499,Montenegro,15,Wheat,2006,3090.300000,A,2497.000000,A,808.000000,A
276,729,Sudan,15,Wheat,2018,2447.200000,A,702000.000000,A,286860.000000,A
276,729,Sudan,15,Wheat,2023,2342.000000,X,377900.000000,X,161360.000000,X
276,729,Sudan,15,Wheat,2019,2390.800000,A,726000.000000,A,303660.000000,A
299,275,Palestine,15,Wheat,2006,1868.300000,A,39430.000000,A,21105.000000,A
299,275,Palestine,15,Wheat,2007,1967.000000,A,39799.000000,A,20233.000000,A
299,275,Palestine,15,Wheat,2017,2235.500000,E,34559.880000,I,15459.000000,I
1,51,Armenia,15,Wheat,1995,2548.000000,A,153800.000000,A,60362.000000,A
1,51,Armenia,15,Wheat,2004,2341.600000,A,291556.000000,A,124511.000000,A
1,51,Armenia,15,Wheat,1999,1946.600000,A,214380.000000,A,110129.000000,A
2,4,Afghanistan,15,Wheat,1991,1021.300000,A,1726000.000000,A,1690000.000000,A
2,4,Afghanistan,15,Wheat,2021,1963.100000,A,4017657.000000,A,2046564.000000,A
2,4,Afghanistan,15,Wheat,1982,1229.900000,X,2391000.000000,X,1944000.000000,X
2,4,Afghanistan,15,Wheat,1965,972.300000,A,2282000.000000,A,2347000.000000,A
2,4,Afghanistan,15,Wheat,2006,1376.000000,A,3363000.000000,A,2444000.000000,A
2,4,Afghanistan,15,Wheat,2022,2045.300000,A,3802895.000000,A,1859339.000000,A
2,4,Afghanistan,15,Wheat,2010,1925.200000,A,4532000.000000,A,2354000.000000,A
2,4,Afghanistan,15,Wheat,1969,1185.500000,A,2454000.000000,A,2070000.000000,A
2,4,Afghanistan,15,Wheat,1961,1022.000000,A,2279000.000000,A,2230000.000000,A
3,8,Albania,15,Wheat,2003,2862.900000,A,259900.000000,A,90782.000000,A
3,8,Albania,15,Wheat,2022,4296.300000,A,233145.000000,A,54267.000000,A
3,8,Albania,15,Wheat,1992,2438.800000,A,251862.000000,A,103273.000000,A
3,8,Albania,15,Wheat,1971,1873.500000,A,259431.000000,A,138477.000000,A
3,8,Albania,15,Wheat,1995,2870.300000,A,405342.000000,A,141219.000000,A
3,8,Albania,15,Wheat,2023,4053.900000,A,233584.680000,A,57620.000000,A
3,8,Albania,15,Wheat,2012,4109.600000,A,300000.000000,A,73000.000000,A
4,12,Algeria,15,Wheat,1987,777.700000,A,1174800.000000,A,1510600.000000,A
4,12,Algeria,15,Wheat,2020,1681.100000,A,3106754.000000,A,1848083.000000,A
4,12,Algeria,15,Wheat,2019,1963.000000,A,3876876.000000,A,1974987.000000,A
4,12,Algeria,15,Wheat,2024,1666.700000,X,3000000.000000,X,1800000.000000,X
4,12,Algeria,15,Wheat,2006,1506.800000,A,2687930.000000,A,1783825.000000,A
4,12,Algeria,15,Wheat,1961,406.000000,A,685723.000000,A,1689064.000000,A
4,12,Algeria,15,Wheat,1970,624.500000,A,1434548.000000,A,2296960.000000,A
4,12,Algeria,15,Wheat,2009,1597.500000,A,2953117.000000,A,1848575.000000,A
4,12,Algeria,15,Wheat,1997,801.600000,A,661514.000000,A,825240.000000,A
4,12,Algeria,15,Wheat,2008,1103.800000,A,1111033.000000,A,1006571.000000,A
7,24,Angola,15,Wheat,1977,769.200000,X,10000.000000,X,13000.000000,X
7,24,Angola,15,Wheat,2006,1000.000000,E,4000.000000,X,4000.000000,E
7,24,Angola,15,Wheat,2023,1163.400000,A,20921.000000,A,17983.000000,A
7,24,Angola,15,Wheat,1967,1350.000000,X,27000.000000,X,20000.000000,X
7,24,Angola,15,Wheat,1975,1000.000000,X,13000.000000,X,13000.000000,X
7,24,Angola,15,Wheat,2007,1000.000000,E,4000.000000,X,4000.000000,E
9,32,Argentina,15,Wheat,1974,1410.300000,A,5970000.000000,A,4233000.000000,A
9,32,Argentina,15,Wheat,1968,983.300000,A,5740000.000000,A,5837200.000000,A
9,32,Argentina,15,Wheat,1994,2165.700000,A,11306210.000000,A,5220590.000000,A
9,32,Argentina,15,Wheat,2019,2938.700000,A,19776942.000000,A,6729838.000000,A
9,32,Argentina,15,Wheat,1970,1329.400000,A,4920000.000000,A,3700800.000000,A
9,32,Argentina,15,Wheat,2018,3216.000000,A,19459727.000000,A,6050953.000000,A
9,32,Argentina,15,Wheat,1962,1522.200000,A,5700000.000000,A,3744700.000000,A
9,32,Argentina,15,Wheat,1964,1835.300000,A,11260000.000000,A,6135400.000000,A
10,36,Australia,15,Wheat,1998,1859.600000,A,21464800.000000,A,11543000.000000,A
10,36,Australia,15,Wheat,1991,1469.800000,A,10557400.000000,A,7183000.000000,A
10,36,Australia,15,Wheat,1995,1789.900000,A,16504000.000000,A,9220820.000000,A
10,36,Australia,15,Wheat,2014,1917.200000,A,23742560.000000,A,12383673.000000,A
11,40,Austria,15,Wheat,1994,5208.800000,A,1255122.000000,A,240961.000000,A
11,40,Austria,15,Wheat,2011,5854.900000,A,1781837.000000,A,304334.000000,A
11,40,Austria,15,Wheat,2014,5921.700000,A,1804018.240000,A,304645.000000,A
11,40,Austria,15,Wheat,1979,3145.700000,A,849921.000000,A,270188.000000,A
11,40,Austria,15,Wheat,1992,5393.800000,A,1325401.000000,A,245728.000000,A
11,40,Austria,15,Wheat,2024,5747.000000,A,1576010.000000,A,274230.000000,A
15,58,Belgium-Luxembourg,15,Wheat,1992,6530.900000,A,1410680.000000,A,216000.000000,A
15,58,Belgium-Luxembourg,15,Wheat,1962,4186.800000,A,888520.000000,A,212221.000000,A
16,50,Bangladesh,15,Wheat,2011,2601.200000,A,972085.000000,A,373708.000000,A
16,50,Bangladesh,15,Wheat,2005,1747.800000,A,975985.000000,A,558413.000000,A
18,64,Bhutan,15,Wheat,1972,1014.900000,E,6800.000000,E,6700.000000,E
18,64,Bhutan,15,Wheat,1987,800.000000,E,8000.000000,E,10000.000000,E
18,64,Bhutan,15,Wheat,2022,1075.300000,A,769.780000,A,716.000000,A
18,64,Bhutan,15,Wheat,2008,1765.500000,A,5828.000000,A,3301.000000,A
18,64,Bhutan,15,Wheat,1978,1000.000000,E,8000.000000,E,8000.000000,E
18,64,Bhutan,15,Wheat,1962,1020.000000,E,5100.000000,E,5000.000000,E
18,64,Bhutan,15,Wheat,1961,1020.400000,E,5000.000000,E,4900.000000,E
19,68,Bolivia (Plurinational State of),15,Wheat,1999,867.700000,A,150012.000000,A,172892.000000,A
19,68,Bolivia (Plurinational State of),15,Wheat,1974,848.900000,A,62460.000000,A,73575.000000,A
19,68,Bolivia (Plurinational State of),15,Wheat,2009,1286.200000,A,201508.000000,A,156670.000000,A
19,68,Bolivia (Plurinational State of),15,Wheat,1988,767.000000,A,62650.000000,A,81680.000000,A
19,68,Bolivia (Plurinational State of),15,Wheat,2001,989.000000,A,112659.000000,A,113916.000000,A
19,68,Bolivia (Plurinational State of),15,Wheat,1983,604.500000,A,45647.000000,A,75507.000000,A
19,68,Bolivia (Plurinational State of),15,Wheat,1994,751.900000,A,82323.000000,A,109491.000000,A
19,68,Bolivia (Plurinational State of),15,Wheat,1965,873.000000,A,55000.000000,A,63000.000000,A
19,68,Bolivia (Plurinational State of),15,Wheat,2008,1293.100000,A,199990.000000,A,154658.000000,A
19,68,Bolivia (Plurinational State of),15,Wheat,2010,1392.000000,A,241397.000000,A,173412.000000,A
20,72,Botswana,15,Wheat,1982,2000.000000,E,1000.000000,E,500.000000,E
20,72,Botswana,15,Wheat,1976,2111.100000,E,570.000000,E,270.000000,E
20,72,Botswana,15,Wheat,1993,2068.100000,E,875.590000,I,423.000000,I
20,72,Botswana,15,Wheat,1964,2500.000000,E,400.000000,E,160.000000,E
21,76,Brazil,15,Wheat,1976,908.400000,A,3215745.000000,A,3539891.000000,A
21,76,Brazil,15,Wheat,1977,655.200000,A,2066039.000000,A,3153333.000000,A
21,76,Brazil,15,Wheat,1994,1554.100000,A,2096259.000000,A,1348850.000000,A
21,76,Brazil,15,Wheat,2012,2310.000000,A,4418388.000000,A,1912711.000000,A
21,76,Brazil,15,Wheat,2013,2749.100000,A,5738473.000000,A,2087395.000000,A
21,76,Brazil,15,Wheat,1978,957.200000,A,2690888.000000,A,2811189.000000,A
27,100,Bulgaria,15,Wheat,1971,3054.200000,A,3094544.000000,A,1013194.000000,A
27,100,Bulgaria,15,Wheat,2024,5931.400000,A,7085140.000000,A,1194510.000000,A
27,100,Bulgaria,15,Wheat,2016,4748.300000,A,5662721.000000,A,1192590.000000,A
27,100,Bulgaria,15,Wheat,1983,3199.300000,A,3608421.000000,A,1127890.000000,A
27,100,Bulgaria,15,Wheat,2002,3012.300000,A,4122765.000000,A,1368627.000000,A
27,100,Bulgaria,15,Wheat,2001,3008.100000,A,4077497.000000,A,1355505.000000,A
27,100,Bulgaria,15,Wheat,1961,1541.600000,A,2039600.000000,A,1323010.000000,A
27,100,Bulgaria,15,Wheat,1998,2805.800000,A,3203359.000000,A,1141682.000000,A
27,100,Bulgaria,15,Wheat,2010,3618.500000,A,4094597.000000,A,1131565.000000,A
28,104,Myanmar,15,Wheat,1967,497.900000,A,66790.000000,A,134148.000000,A
28,104,Myanmar,15,Wheat,1983,1263.000000,A,130041.000000,A,102966.000000,A
28,104,Myanmar,15,Wheat,2016,1185.900000,A,102636.000000,A,86548.000000,A
29,108,Burundi,15,Wheat,1970,580.500000,A,5000.000000,A,8613.000000,A
29,108,Burundi,15,Wheat,1985,482.000000,A,8000.000000,A,16596.000000,A
29,108,Burundi,15,Wheat,1988,737.800000,A,8300.000000,A,11250.000000,A
29,108,Burundi,15,Wheat,2003,789.500000,E,8092.000000,A,10250.000000,I
29,108,Burundi,15,Wheat,2013,727.600000,A,6423.000000,A,8828.000000,A
32,120,Cameroon,15,Wheat,1965,,,0.000000,A,0.000000,A
32,120,Cameroon,15,Wheat,2014,1328.100000,E,850.000000,E,640.000000,I
32,120,Cameroon,15,Wheat,2003,1339.500000,E,668.450000,I,499.000000,I
32,120,Cameroon,15,Wheat,1997,1333.000000,E,561.590000,I,421.000000,I
32,120,Cameroon,15,Wheat,1994,1308.600000,E,597.510000,I,457.000000,I
32,120,Cameroon,15,Wheat,2020,1336.600000,E,666.670000,E,499.000000,E
32,120,Cameroon,15,Wheat,2022,1337.100000,E,596.300000,E,446.000000,E
33,124,Canada,15,Wheat,1994,2127.500000,A,22919500.000000,A,10773000.000000,A
33,124,Canada,15,Wheat,2013,3598.000000,A,37589100.000000,A,10447200.000000,A
33,124,Canada,15,Wheat,1963,1765.100000,A,19691008.000000,A,11156000.000000,A
33,124,Canada,15,Wheat,1983,1934.500000,A,26465008.000000,A,13680500.000000,A
33,124,Canada,15,Wheat,1990,2276.900000,A,32098000.000000,A,14097500.000000,A
33,124,Canada,15,Wheat,1986,2205.200000,A,31378000.000000,A,14229400.000000,A
33,124,Canada,15,Wheat,1968,1485.500000,A,17689040.000000,A,11907911.000000,A
33,124,Canada,15,Wheat,1984,1609.900000,A,21187904.000000,A,13160900.000000,A
33,124,Canada,15,Wheat,1992,2160.300000,A,29877200.000000,A,13830300.000000,A
39,148,Chad,15,Wheat,2017,1968.400000,A,1870.000000,A,950.000000,A
39,148,Chad,15,Wheat,2015,1400.600000,A,965.000000,A,689.000000,A
39,148,Chad,15,Wheat,1981,1866.700000,E,5600.000000,E,3000.000000,E
39,148,Chad,15,Wheat,1993,2136.300000,A,2006.000000,A,939.000000,A
39,148,Chad,15,Wheat,2014,1300.600000,A,809.000000,A,622.000000,A
39,148,Chad,15,Wheat,1998,2022.600000,A,4749.000000,A,2348.000000,A
39,148,Chad,15,Wheat,2022,1865.300000,A,1205.000000,A,646.000000,A
39,148,Chad,15,Wheat,1967,2222.200000,A,8000.000000,A,3600.000000,A
39,148,Chad,15,Wheat,2000,1433.600000,A,2688.000000,A,1875.000000,A
39,148,Chad,15,Wheat,1997,3000.000000,A,3600.000000,A,1200.000000,A
40,152,Chile,15,Wheat,1988,3007.500000,A,1734199.000000,A,576630.000000,A
40,152,Chile,15,Wheat,2024,6001.900000,A,1188784.860000,A,198067.000000,A
40,152,Chile,15,Wheat,1984,2096.800000,A,988280.000000,A,471320.000000,A
40,152,Chile,15,Wheat,1980,1770.100000,A,966000.000000,A,545740.000000,A
40,152,Chile,15,Wheat,1968,1742.000000,A,1219700.000000,A,700160.000000,A
40,152,Chile,15,Wheat,2017,5996.600000,A,1349491.900000,A,225042.000000,A
40,152,Chile,15,Wheat,1997,4017.400000,A,1676887.000000,A,417406.000000,A
40,152,Chile,15,Wheat,1975,1461.800000,A,1003070.000000,A,686190.000000,A
40,152,Chile,15,Wheat,2023,5951.000000,A,1289773.790000,A,216733.000000,A
40,152,Chile,15,Wheat,1964,1548.900000,A,1158880.000000,A,748200.000000,A
40,152,Chile,15,Wheat,2002,4272.200000,A,1820387.000000,A,426100.000000,A
40,152,Chile,15,Wheat,2001,4299.900000,A,1780160.000000,A,414000.000000,A
40,152,Chile,15,Wheat,1971,1880.500000,A,1367900.000000,A,727410.000000,A
41,156,"China, mainland",15,Wheat,1977,1465.000000,A,41075008.000000,A,28037008.000000,A
41,156,"China, mainland",15,Wheat,1969,1085.500000,A,27285008.000000,A,25137008.000000,A
41,156,"China, mainland",15,Wheat,1962,692.900000,A,16665000.000000,A,24051008.000000,A
41,156,"China, mainland",15,Wheat,1966,1058.000000,A,25280000.000000,A,23894000.000000,A
41,156,"China, mainland",15,Wheat,1994,3426.300000,A,99297000.000000,A,28980600.000000,A
41,156,"China, mainland",15,Wheat,2022,5855.400000,A,137720000.000000,A,23520000.000000,A
44,170,Colombia,15,Wheat,1963,796.500000,A,90000.000000,A,113000.000000,A
44,170,Colombia,15,Wheat,2012,1519.600000,A,8990.000000,A,5916.000000,A
44,170,Colombia,15,Wheat,1991,1985.200000,A,93900.000000,A,47300.000000,A
44,170,Colombia,15,Wheat,1994,2054.700000,A,105183.000000,A,51191.000000,A
44,170,Colombia,15,Wheat,2014,1478.500000,A,6488.090000,A,4388.000000,A
44,170,Colombia,15,Wheat,1970,1182.800000,A,53700.000000,A,45400.000000,A
44,170,Colombia,15,Wheat,2002,1735.300000,A,40795.000000,A,23509.000000,A
44,170,Colombia,15,Wheat,2008,1815.100000,A,39191.000000,A,21592.000000,A
50,196,Cyprus,15,Wheat,2011,2241.300000,A,23740.000000,A,10592.000000,A
50,196,Cyprus,15,Wheat,1966,918.000000,A,55880.000000,A,60870.000000,A
50,196,Cyprus,15,Wheat,2000,1626.000000,A,10000.000000,A,6150.000000,A
50,196,Cyprus,15,Wheat,1962,967.900000,A,66040.000000,A,68228.000000,A
50,196,Cyprus,15,Wheat,2017,1912.000000,A,16592.000000,A,8678.000000,A
50,196,Cyprus,15,Wheat,1989,1495.300000,A,8000.000000,A,5350.000000,A
50,196,Cyprus,15,Wheat,1986,1278.500000,A,6500.000000,A,5084.000000,A
51,200,Czechoslovakia,15,Wheat,1963,2463.400000,A,1765620.000000,A,716741.000000,A
51,200,Czechoslovakia,15,Wheat,1972,3368.500000,A,4016814.000000,A,1192462.000000,A
51,200,Czechoslovakia,15,Wheat,1971,3526.300000,A,3878116.000000,A,1099756.000000,A
51,200,Czechoslovakia,15,Wheat,1982,4312.200000,A,4606334.000000,A,1068210.000000,A
52,31,Azerbaijan,15,Wheat,2022,3111.300000,A,1690831.600000,A,543442.000000,A
52,31,Azerbaijan,15,Wheat,2018,2938.300000,A,1991683.000000,A,677834.000000,A
52,31,Azerbaijan,15,Wheat,2003,2559.900000,A,1509557.000000,A,589700.000000,A
54,208,Denmark,15,Wheat,1976,4683.700000,A,592557.000000,A,126516.000000,A
54,208,Denmark,15,Wheat,2020,8098.700000,A,4070410.000000,A,502600.000000,A
54,208,Denmark,15,Wheat,2002,7034.500000,A,4056240.000000,A,576625.000000,A
54,208,Denmark,15,Wheat,2008,7863.800000,A,5018700.000000,A,638200.000000,A
54,208,Denmark,15,Wheat,1965,4457.300000,A,563769.000000,A,126482.000000,A
54,208,Denmark,15,Wheat,1985,5825.600000,A,1972165.000000,A,338537.000000,A
54,208,Denmark,15,Wheat,1971,4853.800000,A,585206.000000,A,120567.000000,A
54,208,Denmark,15,Wheat,2003,7076.800000,A,4701382.000000,A,664341.000000,A
57,112,Belarus,15,Wheat,2008,3975.200000,A,2045237.000000,A,514498.000000,A
57,112,Belarus,15,Wheat,1994,2280.200000,A,230300.000000,A,101000.000000,A
57,112,Belarus,15,Wheat,2009,3542.800000,A,1979000.000000,A,558604.000000,A
57,112,Belarus,15,Wheat,2022,3647.800000,E,2900000.000000,X,795000.000000,A
58,218,Ecuador,15,Wheat,2022,1690.800000,A,7431.000000,A,4395.000000,A
58,218,Ecuador,15,Wheat,1966,965.000000,A,62727.000000,A,65004.000000,A
58,218,Ecuador,15,Wheat,1984,1027.500000,A,25172.000000,A,24499.000000,A
58,218,Ecuador,15,Wheat,1994,616.200000,A,19836.000000,A,32190.000000,A
58,218,Ecuador,15,Wheat,1999,700.100000,A,19011.000000,A,27154.000000,A
58,218,Ecuador,15,Wheat,1992,591.100000,A,23997.000000,A,40600.000000,A
58,218,Ecuador,15,Wheat,2012,799.500000,A,7450.220000,A,9318.000000,A
59,818,Egypt,15,Wheat,2005,6492.900000,A,8140960.000000,A,1253820.000000,A
59,818,Egypt,15,Wheat,2004,6556.700000,A,7177855.000000,A,1094741.000000,A
59,818,Egypt,15,Wheat,1965,2644.500000,A,1272000.000000,A,481000.000000,A
59,818,Egypt,15,Wheat,1981,3297.400000,A,1938327.000000,A,587830.000000,A
59,818,Egypt,15,Wheat,1987,4715.800000,A,2721000.000000,A,577000.000000,A
59,818,Egypt,15,Wheat,1971,3040.600000,A,1732000.000000,A,569628.000000,A
59,818,Egypt,15,Wheat,1994,5002.600000,A,4437055.000000,A,886950.000000,A
62,230,Ethiopia PDR,15,Wheat,1981,1110.500000,A,613227.000000,A,552200.000000,A
62,230,Ethiopia PDR,15,Wheat,1962,712.700000,E,655000.000000,E,919000.000000,E
62,230,Ethiopia PDR,15,Wheat,1966,730.000000,A,721700.000000,A,988600.000000,A
62,230,Ethiopia PDR,15,Wheat,1968,738.900000,A,760000.000000,A,1028600.000000,A
62,230,Ethiopia PDR,15,Wheat,1985,1023.300000,A,675620.000000,A,660220.000000,A
62,230,Ethiopia PDR,15,Wheat,1963,712.300000,E,661000.000000,E,928000.000000,E
63,233,Estonia,15,Wheat,2003,2157.400000,A,144885.000000,A,67156.000000,A
63,233,Estonia,15,Wheat,2011,2806.500000,A,360400.000000,A,128417.000000,A
63,233,Estonia,15,Wheat,2023,3999.100000,A,694120.000000,A,173570.000000,A
67,246,Finland,15,Wheat,1972,2586.200000,A,461900.000000,A,178600.000000,A
67,246,Finland,15,Wheat,2002,3258.500000,A,568600.000000,A,174500.000000,A
67,246,Finland,15,Wheat,1969,2365.600000,A,481400.000000,A,203500.000000,A
67,246,Finland,15,Wheat,1975,2840.500000,A,621500.000000,A,218800.000000,A
67,246,Finland,15,Wheat,1981,2184.000000,A,235000.000000,A,107600.000000,A
68,250,France,15,Wheat,2015,7800.800000,A,42750027.400000,A,5480208.000000,A
68,250,France,15,Wheat,1986,5448.700000,A,26474784.000000,A,4858900.000000,A
68,250,France,15,Wheat,2017,7253.800000,A,38677896.000000,A,5332084.000000,A
68,250,France,15,Wheat,1964,3153.400000,A,13837700.000000,A,4388200.000000,A
68,250,France,15,Wheat,1984,6459.700000,A,32977008.000000,A,5105000.000000,A
68,250,France,15,Wheat,1995,6507.900000,A,30869728.600000,A,4743444.000000,A
68,250,France,15,Wheat,2014,7353.000000,A,38950202.000000,A,5297210.000000,A
68,250,France,15,Wheat,1980,5181.000000,A,23781008.000000,A,4590000.000000,A
79,276,Germany,15,Wheat,1966,3232.500000,A,6053960.000000,A,1872840.000000,A
79,276,Germany,15,Wheat,1985,5829.500000,A,13801524.000000,A,2367540.000000,A
79,276,Germany,15,Wheat,1998,7203.500000,A,20187491.000000,A,2802455.000000,A
79,276,Germany,15,Wheat,1979,4777.600000,A,11177128.000000,A,2339502.000000,A
79,276,Germany,15,Wheat,1977,4355.300000,A,10149096.000000,A,2330285.000000,A
79,276,Germany,15,Wheat,2015,8087.700000,A,26549500.000000,A,3282700.000000,A
79,276,Germany,15,Wheat,1988,6226.600000,A,15620731.000000,A,2508698.000000,A
79,276,Germany,15,Wheat,1986,6091.900000,A,14601295.000000,A,2396842.000000,A
79,276,Germany,15,Wheat,1964,3484.500000,A,6551198.000000,A,1880078.000000,A
79,276,Germany,15,Wheat,2004,8171.600000,A,25427210.000000,A,3111651.000000,A
80,70,Bosnia and Herzegovina,15,Wheat,2020,4602.900000,A,321804.000000,A,69914.000000,A
80,70,Bosnia and Herzegovina,15,Wheat,1993,3261.300000,E,330000.000000,E,101187.000000,I
80,70,Bosnia and Herzegovina,15,Wheat,1992,3400.000000,E,340000.000000,E,100000.000000,E
80,70,Bosnia and Herzegovina,15,Wheat,2021,4788.800000,A,314382.000000,A,65649.000000,A
80,70,Bosnia and Herzegovina,15,Wheat,2018,4019.600000,A,295810.000000,A,73591.000000,A
84,300,Greece,15,Wheat,2012,2665.000000,A,1835900.960000,A,688891.000000,A
84,300,Greece,15,Wheat,1966,1784.000000,A,2020033.000000,A,1132300.000000,A
84,300,Greece,15,Wheat,1981,2755.600000,A,2932000.000000,A,1064000.000000,A
84,300,Greece,15,Wheat,1982,2877.800000,A,3039000.000000,A,1056000.000000,A
84,300,Greece,15,Wheat,2003,2007.600000,A,1701946.520000,A,847746.000000,A
84,300,Greece,15,Wheat,1983,2092.500000,A,2059000.000000,A,984000.000000,A
84,300,Greece,15,Wheat,2002,2343.200000,A,2038581.720000,A,870001.000000,A
84,300,Greece,15,Wheat,1977,1881.300000,A,1766516.000000,A,939000.000000,A
89,320,Guatemala,15,Wheat,1968,1097.500000,A,33140.000000,A,30197.000000,A
89,320,Guatemala,15,Wheat,1967,868.700000,A,31555.000000,A,36326.000000,A
95,340,Honduras,15,Wheat,2008,543.800000,E,1113.300000,I,2047.000000,I
95,340,Honduras,15,Wheat,2021,537.500000,E,1292.280000,I,2404.000000,I
95,340,Honduras,15,Wheat,1964,803.400000,A,560.000000,A,697.000000,A
95,340,Honduras,15,Wheat,1982,636.400000,A,700.000000,A,1100.000000,A
97,348,Hungary,15,Wheat,2012,3748.500000,A,4010990.000000,A,1070020.000000,A
97,348,Hungary,15,Wheat,1979,3266.700000,A,3708866.000000,A,1135350.000000,A
97,348,Hungary,15,Wheat,1985,4844.900000,A,6578346.000000,A,1357776.000000,A
97,348,Hungary,15,Wheat,1988,5485.800000,A,7025775.000000,A,1280729.000000,A
97,348,Hungary,15,Wheat,2002,3521.200000,A,3910244.000000,A,1110471.000000,A
97,348,Hungary,15,Wheat,1995,4164.400000,A,4614200.000000,A,1108000.000000,A
97,348,Hungary,15,Wheat,1969,2714.100000,A,3585385.000000,A,1321000.000000,A
97,348,Hungary,15,Wheat,1994,4603.300000,A,4873751.000000,A,1058749.000000,A
97,348,Hungary,15,Wheat,1984,5433.000000,A,7391963.000000,A,1360565.000000,A
98,191,Croatia,15,Wheat,2024,5882.100000,A,828200.000000,A,140800.000000,A
98,191,Croatia,15,Wheat,2017,5808.400000,A,687595.000000,A,118380.000000,A
98,191,Croatia,15,Wheat,1994,3782.300000,A,750330.000000,A,198381.000000,A
100,356,India,15,Wheat,2007,2707.900000,A,75806704.000000,A,27994500.000000,A
100,356,India,15,Wheat,1975,1338.400000,A,24104400.000000,A,18010304.000000,A
100,356,India,15,Wheat,2011,2988.600000,A,86874000.000000,A,29068600.000000,A
100,356,India,15,Wheat,1982,1691.300000,A,37451808.000000,A,22144400.000000,A
100,356,India,15,Wheat,2015,2749.600000,A,86530000.000000,A,31470000.000000,A
102,364,Iran (Islamic Republic of),15,Wheat,2002,1995.000000,A,12450241.500000,A,6240847.000000,A
102,364,Iran (Islamic Republic of),15,Wheat,2018,2462.800000,A,13300000.000000,A,5400300.000000,A
102,364,Iran (Islamic Republic of),15,Wheat,2017,2280.300000,A,12400000.000000,A,5437800.000000,A
102,364,Iran (Islamic Republic of),15,Wheat,2013,1453.800000,A,9304246.000000,A,6399992.000000,A
102,364,Iran (Islamic Republic of),15,Wheat,1973,808.400000,A,4600000.000000,A,5690000.000000,A
102,364,Iran (Islamic Republic of),15,Wheat,2001,1703.300000,A,9458618.000000,A,5553132.000000,A
103,368,Iraq,15,Wheat,2011,1955.200000,A,2808900.000000,A,1436614.000000,A
104,372,Ireland,15,Wheat,1977,5165.300000,A,250000.000000,A,48400.000000,A
104,372,Ireland,15,Wheat,2008,8968.400000,A,992800.000000,A,110700.000000,A
104,372,Ireland,15,Wheat,2010,8601.500000,A,669200.000000,A,77800.000000,A
104,372,Ireland,15,Wheat,1983,6559.300000,A,387000.000000,A,59000.000000,A
104,372,Ireland,15,Wheat,1971,4181.100000,A,380200.000000,A,90934.000000,A
105,376,Israel,15,Wheat,2016,3844.400000,A,168000.000000,A,43700.000000,A
105,376,Israel,15,Wheat,2010,1750.700000,A,112324.320000,A,64160.000000,A
105,376,Israel,15,Wheat,1994,1315.700000,A,103230.000000,A,78460.000000,A
105,376,Israel,15,Wheat,2004,2188.300000,A,154300.000000,A,70510.000000,A
105,376,Israel,15,Wheat,1977,2117.800000,A,220000.000000,A,103880.000000,A
105,376,Israel,15,Wheat,1976,1898.900000,A,205500.000000,A,108220.000000,A
105,376,Israel,15,Wheat,2020,2301.100000,A,116691.000000,A,50710.000000,A
105,376,Israel,15,Wheat,2002,2116.200000,A,177275.000000,A,83770.000000,A
105,376,Israel,15,Wheat,1965,2083.800000,A,150000.000000,A,71985.000000,A
106,380,Italy,15,Wheat,1981,2709.800000,A,8830300.000000,A,3258713.000000,A
106,380,Italy,15,Wheat,2005,3635.200000,A,7717129.000000,A,2122896.000000,A
106,380,Italy,15,Wheat,1982,2695.900000,A,8968300.000000,A,3326698.000000,A
108,398,Kazakhstan,15,Wheat,2007,1298.300000,A,16466870.000000,A,12683000.000000,A
108,398,Kazakhstan,15,Wheat,2012,792.900000,A,9841127.620000,A,12410935.000000,A
108,398,Kazakhstan,15,Wheat,2002,1089.500000,A,12699980.000000,A,11656500.000000,A
108,398,Kazakhstan,15,Wheat,2020,1182.500000,A,14257950.140000,A,12057071.000000,A
108,398,Kazakhstan,15,Wheat,2021,928.800000,A,11814123.970000,A,12719434.000000,A
110,392,Japan,15,Wheat,1985,3735.900000,A,874200.000000,A,234000.000000,A
110,392,Japan,15,Wheat,2000,3760.700000,A,688200.000000,A,183000.000000,A
110,392,Japan,15,Wheat,1983,3031.000000,A,695300.000000,A,229400.000000,A
110,392,Japan,15,Wheat,1982,3256.400000,A,741800.000000,A,227800.000000,A
110,392,Japan,15,Wheat,1974,2798.300000,A,231700.000000,A,82800.000000,A
110,392,Japan,15,Wheat,1997,3638.700000,A,573100.000000,A,157500.000000,A
110,392,Japan,15,Wheat,1979,3632.900000,A,541300.000000,A,149000.000000,A
110,392,Japan,15,Wheat,2003,4033.500000,A,855900.000000,A,212200.000000,A
112,400,Jordan,15,Wheat,1986,661.900000,A,30842.000000,A,46599.000000,A
112,400,Jordan,15,Wheat,2018,1504.500000,A,16389.000000,A,10894.000000,A
112,400,Jordan,15,Wheat,1998,1247.600000,A,35974.000000,A,28835.000000,A
113,417,Kyrgyzstan,15,Wheat,1992,2733.500000,A,679000.000000,A,248400.000000,A
113,417,Kyrgyzstan,15,Wheat,1998,2357.800000,A,1203676.000000,A,510500.000000,A
114,404,Kenya,15,Wheat,1965,1513.200000,A,172200.000000,A,113800.000000,A
114,404,Kenya,15,Wheat,2006,2187.500000,A,329193.000000,A,150488.000000,A
114,404,Kenya,15,Wheat,1979,1771.500000,E,207268.000000,A,117000.000000,X
114,404,Kenya,15,Wheat,1975,1519.800000,A,158059.000000,A,104000.000000,A
114,404,Kenya,15,Wheat,2008,2584.500000,A,336688.000000,A,130273.000000,A
114,404,Kenya,15,Wheat,1983,2108.300000,A,253000.000000,A,120000.000000,A
114,404,Kenya,15,Wheat,1992,1935.900000,A,297000.000000,A,153420.000000,A
114,404,Kenya,15,Wheat,1962,921.200000,A,84200.000000,A,91400.000000,A
114,404,Kenya,15,Wheat,2020,3060.600000,A,404700.000000,A,132231.000000,A
116,408,Democratic People's Republic of Korea,15,Wheat,2022,1230.600000,E,88600.000000,E,72000.000000,E
116,408,Democratic People's Republic of Korea,15,Wheat,2008,2397.300000,X,175000.000000,X,73000.000000,X
116,408,Democratic People's Republic of Korea,15,Wheat,1975,1115.800000,E,106000.000000,X,95000.000000,E
116,408,Democratic People's Republic of Korea,15,Wheat,2012,1480.000000,X,74000.000000,X,50000.000000,X
116,408,Democratic People's Republic of Korea,15,Wheat,2014,1500.000000,X,45000.000000,X,30000.000000,X
116,408,Democratic People's Republic of Korea,15,Wheat,1961,506.000000,E,85000.000000,X,168000.000000,E
116,408,Democratic People's Republic of Korea,15,Wheat,1971,674.100000,E,91000.000000,X,135000.000000,E
116,408,Democratic People's Republic of Korea,15,Wheat,1968,561.300000,E,87000.000000,X,155000.000000,E
117,410,Republic of Korea,15,Wheat,1965,1980.000000,A,184000.000000,A,92930.000000,A
117,410,Republic of Korea,15,Wheat,1977,1684.400000,A,44661.000000,A,26515.000000,A
117,410,Republic of Korea,15,Wheat,1963,1655.900000,A,139000.000000,A,83941.000000,A
117,410,Republic of Korea,15,Wheat,1992,3365.900000,A,552.000000,A,164.000000,A
117,410,Republic of Korea,15,Wheat,2014,3260.300000,A,23409.000000,A,7180.000000,A
118,414,Kuwait,15,Wheat,1962,,,0.000000,A,0.000000,A
118,414,Kuwait,15,Wheat,1966,,,0.000000,A,0.000000,A
118,414,Kuwait,15,Wheat,1961,,,0.000000,A,0.000000,A
118,414,Kuwait,15,Wheat,1969,,,0.000000,A,0.000000,A
118,414,Kuwait,15,Wheat,2001,2390.600000,A,306.000000,A,128.000000,A
118,414,Kuwait,15,Wheat,2021,4000.000000,A,40.000000,A,10.000000,A
118,414,Kuwait,15,Wheat,1996,3500.000000,A,7.000000,A,2.000000,A
119,428,Latvia,15,Wheat,2024,4566.500000,A,2465900.000000,A,540000.000000,A
119,428,Latvia,15,Wheat,1993,2000.600000,A,338300.000000,A,169100.000000,A
119,428,Latvia,15,Wheat,2013,3885.700000,A,1435000.000000,A,369300.000000,A
119,428,Latvia,15,Wheat,2009,3627.600000,A,1036400.000000,A,285700.000000,A
119,428,Latvia,15,Wheat,2020,5338.400000,A,2659600.000000,A,498200.000000,A
119,428,Latvia,15,Wheat,2004,2942.300000,A,499900.000000,A,169900.000000,A
121,422,Lebanon,15,Wheat,1996,2472.600000,A,58342.000000,A,23595.000000,A
121,422,Lebanon,15,Wheat,2003,2538.900000,A,116300.000000,A,45808.000000,A
121,422,Lebanon,15,Wheat,2005,2903.000000,A,143700.000000,A,49500.000000,A
121,422,Lebanon,15,Wheat,1963,1090.900000,A,60000.000000,A,55000.000000,A
121,422,Lebanon,15,Wheat,1993,2291.700000,E,55000.000000,E,24000.000000,E
121,422,Lebanon,15,Wheat,1995,2476.500000,X,60005.000000,X,24230.000000,X
121,422,Lebanon,15,Wheat,1980,1333.300000,E,20000.000000,E,15000.000000,X
122,426,Lesotho,15,Wheat,2019,624.800000,A,1432.000000,A,2292.000000,A
122,426,Lesotho,15,Wheat,2010,1469.300000,A,20119.000000,A,13693.000000,A
122,426,Lesotho,15,Wheat,1974,744.200000,A,57000.000000,A,76592.000000,A
122,426,Lesotho,15,Wheat,1992,858.000000,A,11854.000000,A,13816.000000,A
122,426,Lesotho,15,Wheat,1961,864.800000,A,57540.000000,A,66532.000000,A
122,426,Lesotho,15,Wheat,1996,1410.800000,A,31300.000000,A,22186.000000,A
122,426,Lesotho,15,Wheat,2004,640.100000,A,16216.000000,A,25335.000000,A
122,426,Lesotho,15,Wheat,2002,717.200000,A,26250.000000,A,36599.000000,A
122,426,Lesotho,15,Wheat,1967,681.200000,A,50000.000000,A,73400.000000,A
124,434,Libya,15,Wheat,1989,809.700000,A,185000.000000,A,228482.000000,A
124,434,Libya,15,Wheat,1976,448.800000,A,133101.000000,A,296600.000000,A
124,434,Libya,15,Wheat,2017,753.000000,E,140000.000000,X,185928.000000,I
124,434,Libya,15,Wheat,2012,785.600000,E,200000.000000,X,254596.000000,I
124,434,Libya,15,Wheat,1993,840.000000,E,126000.000000,E,150000.000000,E
126,440,Lithuania,15,Wheat,2023,4738.300000,A,4455390.000000,A,940290.000000,A
126,440,Lithuania,15,Wheat,2017,4824.700000,A,3917372.000000,A,811947.000000,A
126,440,Lithuania,15,Wheat,1997,3001.600000,A,1127400.000000,A,375600.000000,A
129,450,Madagascar,15,Wheat,2001,2381.000000,E,10000.000000,E,4200.000000,E
129,450,Madagascar,15,Wheat,2014,2395.500000,E,5000.000000,X,2087.000000,I
129,450,Madagascar,15,Wheat,1988,1666.700000,E,1000.000000,E,600.000000,E
130,454,Malawi,15,Wheat,2018,1231.400000,A,729.000000,A,592.000000,A
130,454,Malawi,15,Wheat,1994,224.400000,A,208.000000,A,927.000000,A
130,454,Malawi,15,Wheat,2003,751.000000,E,1502.000000,A,2000.000000,E
130,454,Malawi,15,Wheat,2009,1500.600000,A,2590.000000,A,1726.000000,A
130,454,Malawi,15,Wheat,1993,630.600000,A,1014.000000,A,1608.000000,A
130,454,Malawi,15,Wheat,1979,1250.000000,E,500.000000,E,400.000000,E
130,454,Malawi,15,Wheat,2019,790.500000,A,566.000000,A,716.000000,A
133,466,Mali,15,Wheat,1971,1333.300000,E,2000.000000,E,1500.000000,E
133,466,Mali,15,Wheat,1997,1275.200000,A,2720.000000,A,2133.000000,A
133,466,Mali,15,Wheat,2015,3940.100000,A,35756.000000,A,9075.000000,A
133,466,Mali,15,Wheat,2001,2523.700000,A,9353.000000,A,3706.000000,A
133,466,Mali,15,Wheat,1961,1500.000000,A,3750.000000,A,2500.000000,A
134,470,Malta,15,Wheat,1969,1380.100000,A,1750.000000,A,1268.000000,A
134,470,Malta,15,Wheat,1973,2300.400000,A,2098.000000,A,912.000000,A
134,470,Malta,15,Wheat,1984,3649.600000,X,5000.000000,X,1370.000000,X
134,470,Malta,15,Wheat,2003,4000.000000,E,9600.000000,E,2400.000000,E
134,470,Malta,15,Wheat,1981,3910.400000,A,4845.000000,A,1239.000000,A
134,470,Malta,15,Wheat,2000,4013.400000,A,9556.000000,A,2381.000000,A
134,470,Malta,15,Wheat,2015,4992.000000,E,10000.000000,E,2003.000000,I
134,470,Malta,15,Wheat,1980,3487.200000,A,4352.000000,A,1248.000000,A
134,470,Malta,15,Wheat,1978,2806.200000,A,2983.000000,A,1063.000000,A
134,470,Malta,15,Wheat,1968,1006.000000,A,1352.000000,A,1344.000000,A
134,470,Malta,15,Wheat,2014,4877.700000,E,11543.040000,I,2367.000000,I
134,470,Malta,15,Wheat,2017,5031.100000,E,12412.680000,I,2467.000000,I
134,470,Malta,15,Wheat,1962,1374.600000,A,2844.000000,A,2069.000000,A
134,470,Malta,15,Wheat,1965,1601.500000,A,2540.000000,A,1586.000000,A
134,470,Malta,15,Wheat,1966,1502.900000,A,2337.000000,A,1555.000000,A
136,478,Mauritania,15,Wheat,2005,2000.000000,A,500.000000,A,250.000000,A
136,478,Mauritania,15,Wheat,1968,605.300000,E,230.000000,E,380.000000,E
136,478,Mauritania,15,Wheat,2020,2158.100000,E,7270.450000,I,3369.000000,I
136,478,Mauritania,15,Wheat,2012,2127.800000,A,6092.000000,A,2863.000000,A
136,478,Mauritania,15,Wheat,1984,1000.000000,E,500.000000,A,500.000000,E
138,484,Mexico,15,Wheat,1987,4468.600000,A,4415391.000000,A,988097.000000,A
138,484,Mexico,15,Wheat,2015,4525.600000,A,3710706.270000,A,819928.000000,A
138,484,Mexico,15,Wheat,1973,3264.600000,A,2090845.000000,A,640456.000000,A
138,484,Mexico,15,Wheat,1971,2981.000000,A,1830845.000000,A,614180.000000,A
138,484,Mexico,15,Wheat,1997,4734.700000,A,3656594.000000,A,772303.000000,A
138,484,Mexico,15,Wheat,1990,4214.300000,A,3930934.000000,A,932763.000000,A
138,484,Mexico,15,Wheat,1975,3595.600000,A,2798219.000000,A,778237.000000,A
138,484,Mexico,15,Wheat,1999,4631.000000,A,3020889.000000,A,652312.000000,A
138,484,Mexico,15,Wheat,1968,2631.700000,A,2080725.000000,A,790646.000000,A
138,484,Mexico,15,Wheat,2012,5656.800000,A,3274337.000000,A,578836.000000,A
138,484,Mexico,15,Wheat,1992,3953.000000,A,3620503.000000,A,915882.000000,A
141,496,Mongolia,15,Wheat,1973,1106.200000,A,339600.000000,A,307000.000000,A
141,496,Mongolia,15,Wheat,1966,661.800000,A,227000.000000,A,343000.000000,A
141,496,Mongolia,15,Wheat,1979,567.400000,A,240000.000000,A,423000.000000,A
141,496,Mongolia,15,Wheat,2022,1122.800000,A,401903.450000,A,357950.000000,A
141,496,Mongolia,15,Wheat,1992,861.100000,A,453200.000000,A,526328.000000,A
141,496,Mongolia,15,Wheat,1997,761.400000,A,237700.000000,A,312168.000000,A
141,496,Mongolia,15,Wheat,2008,1398.700000,A,209830.000000,A,150017.000000,A
143,504,Morocco,15,Wheat,1985,1245.000000,A,2358000.000000,A,1894000.000000,A
143,504,Morocco,15,Wheat,1962,1027.400000,A,1500000.000000,A,1460000.000000,A
143,504,Morocco,15,Wheat,1999,800.400000,A,2153540.000000,A,2690600.000000,A
143,504,Morocco,15,Wheat,1996,1841.500000,A,5915790.000000,A,3212400.000000,A
143,504,Morocco,15,Wheat,2021,2633.500000,A,7543847.900000,A,2864567.000000,A
143,504,Morocco,15,Wheat,2008,1318.900000,A,3769450.000000,A,2858100.000000,A
143,504,Morocco,15,Wheat,1966,610.100000,A,1150000.000000,A,1885000.000000,A
143,504,Morocco,15,Wheat,2010,1709.500000,A,4876140.000000,A,2852400.000000,A
144,508,Mozambique,15,Wheat,2001,1000.000000,E,2000.000000,E,2000.000000,E
144,508,Mozambique,15,Wheat,2020,1153.800000,X,15000.000000,X,13000.000000,X
144,508,Mozambique,15,Wheat,1990,1800.100000,E,6862.000000,E,3812.000000,E
144,508,Mozambique,15,Wheat,1984,1500.000000,E,6000.000000,E,4000.000000,E
144,508,Mozambique,15,Wheat,2010,1336.700000,A,17870.000000,A,13369.000000,A
144,508,Mozambique,15,Wheat,1996,1135.600000,E,1290.740000,I,1137.000000,I
144,508,Mozambique,15,Wheat,2019,1125.000000,X,18000.000000,X,16000.000000,X
146,498,Republic of Moldova,15,Wheat,1997,3279.400000,A,1345131.000000,A,410172.000000,A
146,498,Republic of Moldova,15,Wheat,2016,3486.900000,A,1292921.000000,A,370791.000000,A
146,498,Republic of Moldova,15,Wheat,1996,2059.200000,A,784160.000000,A,380806.000000,A
146,498,Republic of Moldova,15,Wheat,2004,2738.600000,A,861030.000000,A,314402.000000,A
147,516,Namibia,15,Wheat,2001,6046.400000,E,6119.000000,A,1012.000000,X
147,516,Namibia,15,Wheat,2022,5412.500000,A,18489.000000,A,3416.000000,A
147,516,Namibia,15,Wheat,2018,5306.100000,A,6094.000000,A,1149.000000,A
147,516,Namibia,15,Wheat,2024,7065.500000,A,18328.000000,A,2594.000000,A
147,516,Namibia,15,Wheat,1990,4425.000000,A,4425.000000,A,1000.000000,A
147,516,Namibia,15,Wheat,1995,5517.200000,A,6400.000000,A,1160.000000,A
147,516,Namibia,15,Wheat,1966,1500.000000,E,600.000000,E,400.000000,E
147,516,Namibia,15,Wheat,2016,4728.900000,A,9822.000000,A,2077.000000,A
147,516,Namibia,15,Wheat,2017,5306.100000,A,6094.000000,A,1149.000000,A
149,524,Nepal,15,Wheat,2011,2274.700000,A,1745811.000000,A,767499.000000,A
149,524,Nepal,15,Wheat,1975,1137.500000,A,330815.000000,A,290823.000000,A
149,524,Nepal,15,Wheat,1964,1225.700000,A,138500.000000,A,113000.000000,A
149,524,Nepal,15,Wheat,1972,933.200000,A,223194.000000,A,239183.000000,A
149,524,Nepal,15,Wheat,1968,1066.100000,A,204957.000000,A,192255.000000,A
149,524,Nepal,15,Wheat,1992,1333.800000,A,761960.000000,A,571260.000000,A
149,524,Nepal,15,Wheat,1997,1607.200000,A,1072000.000000,A,667000.000000,A
149,524,Nepal,15,Wheat,1966,1245.800000,A,147000.000000,A,118000.000000,A
150,528,Netherlands (Kingdom of the),15,Wheat,1963,4196.200000,A,530320.000000,A,126380.000000,A
150,528,Netherlands (Kingdom of the),15,Wheat,2013,8741.200000,A,1335105.000000,A,152737.000000,A
150,528,Netherlands (Kingdom of the),15,Wheat,1982,7389.600000,A,967300.000000,A,130900.000000,A
150,528,Netherlands (Kingdom of the),15,Wheat,1991,7660.800000,A,944146.000000,A,123243.000000,A
153,540,New Caledonia,15,Wheat,2012,1915.000000,E,20.000000,A,10.000000,I
153,540,New Caledonia,15,Wheat,1963,2500.000000,E,100.000000,E,40.000000,E
153,540,New Caledonia,15,Wheat,1974,3250.000000,E,65.000000,E,20.000000,E
153,540,New Caledonia,15,Wheat,1980,1063.800000,A,250.000000,A,235.000000,A
153,540,New Caledonia,15,Wheat,1977,2000.000000,A,54.000000,A,27.000000,A
153,540,New Caledonia,15,Wheat,1989,1130.000000,E,226.000000,A,200.000000,E
153,540,New Caledonia,15,Wheat,1987,1500.000000,E,240.000000,A,160.000000,X
153,540,New Caledonia,15,Wheat,1985,1835.000000,A,367.000000,A,200.000000,A
153,540,New Caledonia,15,Wheat,1988,1320.000000,E,66.000000,A,50.000000,E
153,540,New Caledonia,15,Wheat,1966,2500.000000,E,100.000000,E,40.000000,E
153,540,New Caledonia,15,Wheat,1978,2222.200000,A,60.000000,A,27.000000,A
154,807,North Macedonia,15,Wheat,1999,2802.600000,A,319419.000000,A,113972.000000,A
154,807,North Macedonia,15,Wheat,2019,3484.800000,A,239916.000000,A,68847.000000,A
156,554,New Zealand,15,Wheat,2008,8112.000000,A,343350.000000,A,42326.000000,A
156,554,New Zealand,15,Wheat,2007,8496.600000,A,344434.000000,A,40538.000000,A
156,554,New Zealand,15,Wheat,1990,4884.200000,E,188042.000000,A,38500.000000,E
156,554,New Zealand,15,Wheat,2013,9105.300000,A,447799.000000,A,49180.000000,A
156,554,New Zealand,15,Wheat,1966,3613.800000,A,291778.000000,A,80740.000000,A
156,554,New Zealand,15,Wheat,2005,8092.000000,A,318947.000000,A,39415.000000,A
156,554,New Zealand,15,Wheat,2006,6896.300000,A,261798.000000,A,37962.000000,A
156,554,New Zealand,15,Wheat,1997,5660.700000,E,317000.000000,A,56000.000000,E
156,554,New Zealand,15,Wheat,2011,7285.800000,A,383262.000000,A,52604.000000,A
156,554,New Zealand,15,Wheat,1969,3535.200000,A,458642.000000,A,129737.000000,A
158,562,Niger,15,Wheat,1992,2800.000000,A,8400.000000,A,3000.000000,A
158,562,Niger,15,Wheat,2008,1825.100000,E,8775.000000,A,4808.000000,I
158,562,Niger,15,Wheat,2023,3199.000000,A,6457.000000,A,2018.000000,A
158,562,Niger,15,Wheat,1967,1240.000000,A,372.000000,A,300.000000,A
158,562,Niger,15,Wheat,1998,2205.100000,E,12500.000000,A,5669.000000,I
158,562,Niger,15,Wheat,1966,1224.800000,A,681.000000,A,556.000000,A
158,562,Niger,15,Wheat,2003,1710.000000,E,3500.000000,A,2047.000000,I
158,562,Niger,15,Wheat,1989,1142.900000,E,2400.000000,A,2100.000000,E
158,562,Niger,15,Wheat,1969,981.600000,A,213.000000,A,217.000000,A
158,562,Niger,15,Wheat,2014,2513.200000,A,1802.000000,A,717.000000,A
159,566,Nigeria,15,Wheat,1991,1200.000000,X,60000.000000,X,50000.000000,X
159,566,Nigeria,15,Wheat,1976,1800.000000,E,18000.000000,A,10000.000000,E
159,566,Nigeria,15,Wheat,1966,1818.200000,A,20000.000000,A,11000.000000,A
162,578,Norway,15,Wheat,1967,3213.800000,A,10583.000000,A,3293.000000,A
162,578,Norway,15,Wheat,1966,2353.800000,A,4145.000000,A,1761.000000,A
162,578,Norway,15,Wheat,1981,4565.200000,A,57700.000000,A,12639.000000,A
162,578,Norway,15,Wheat,2018,2347.700000,A,137700.000000,A,58653.000000,A
162,578,Norway,15,Wheat,1999,4453.300000,A,229700.000000,A,51580.000000,A
162,578,Norway,15,Wheat,2017,5286.800000,A,400500.000000,A,75755.000000,A
162,578,Norway,15,Wheat,1972,3352.400000,A,11596.000000,A,3459.000000,A
162,578,Norway,15,Wheat,1963,2565.200000,A,17700.000000,A,6900.000000,A
162,578,Norway,15,Wheat,2023,2668.400000,A,172000.000000,A,64458.000000,A
165,586,Pakistan,15,Wheat,1981,1643.100000,A,11474600.000000,A,6983700.000000,A
165,586,Pakistan,15,Wheat,1997,2053.300000,A,16650500.000000,A,8109100.000000,A
165,586,Pakistan,15,Wheat,2005,2585.800000,A,21612300.000000,A,8358000.000000,A
165,586,Pakistan,15,Wheat,1967,811.000000,A,4334000.000000,A,5344000.000000,A
165,586,Pakistan,15,Wheat,2013,2795.700000,A,24211360.000000,A,8660077.000000,A
165,586,Pakistan,15,Wheat,1982,1565.100000,A,11304200.000000,A,7222900.000000,A
165,586,Pakistan,15,Wheat,1972,1188.700000,A,6890851.000000,A,5797000.000000,A
165,586,Pakistan,15,Wheat,1970,1171.000000,A,7294000.000000,A,6229000.000000,A
165,586,Pakistan,15,Wheat,2021,2995.600000,A,27464081.000000,A,9168249.000000,A
167,203,Czechia,15,Wheat,2001,4848.300000,A,4476080.000000,A,923236.000000,A
167,203,Czechia,15,Wheat,1998,4214.300000,A,3844741.000000,A,912301.000000,A
167,203,Czechia,15,Wheat,2013,5667.600000,A,4700696.000000,A,829393.000000,A
169,600,Paraguay,15,Wheat,1973,1133.000000,A,23000.000000,A,20300.000000,A
169,600,Paraguay,15,Wheat,1989,1497.700000,E,372916.000000,A,249000.000000,X
169,600,Paraguay,15,Wheat,1964,648.100000,A,7000.000000,A,10800.000000,A
169,600,Paraguay,15,Wheat,1985,1599.800000,E,201090.000000,A,125700.000000,X
169,600,Paraguay,15,Wheat,1965,1000.000000,A,7200.000000,A,7200.000000,A
169,600,Paraguay,15,Wheat,1963,907.200000,A,8800.000000,A,9700.000000,A
169,600,Paraguay,15,Wheat,1980,1700.800000,A,83679.000000,A,49200.000000,A
169,600,Paraguay,15,Wheat,2018,1680.000000,A,722400.000000,A,430000.000000,A
170,604,Peru,15,Wheat,2013,1497.600000,A,230105.000000,A,153647.000000,A
170,604,Peru,15,Wheat,2024,1777.900000,A,203522.440000,A,114474.000000,A
170,604,Peru,15,Wheat,1969,932.700000,A,136703.000000,A,146562.000000,A
173,616,Poland,15,Wheat,1971,2647.800000,A,5455700.000000,A,2060500.000000,A
173,616,Poland,15,Wheat,2004,4281.100000,A,9892482.000000,A,2310742.000000,A
173,616,Poland,15,Wheat,1990,3957.500000,A,9025756.000000,A,2280653.000000,A
173,616,Poland,15,Wheat,1961,1992.900000,A,2792000.000000,A,1401000.000000,A
173,616,Poland,15,Wheat,1986,3704.500000,A,7501702.000000,A,2025005.000000,A
173,616,Poland,15,Wheat,1964,1872.000000,A,3042000.000000,A,1625000.000000,A
173,616,Poland,15,Wheat,1997,3206.400000,A,8192681.000000,A,2555092.000000,A
174,620,Portugal,15,Wheat,1978,708.400000,A,254700.000000,A,359522.000000,A
174,620,Portugal,15,Wheat,2007,1863.000000,A,102258.000000,A,54889.000000,A
174,620,Portugal,15,Wheat,1982,1200.400000,A,427530.000000,A,356153.000000,A
174,620,Portugal,15,Wheat,2020,2770.400000,A,83500.000000,A,30140.000000,A
174,620,Portugal,15,Wheat,1981,927.600000,A,318631.000000,A,343511.000000,A
174,620,Portugal,15,Wheat,2023,1401.400000,A,34670.000000,A,24740.000000,A
174,620,Portugal,15,Wheat,1979,882.900000,A,252160.000000,A,285600.000000,A
174,620,Portugal,15,Wheat,2024,3374.100000,A,81350.000000,A,24110.000000,A
174,620,Portugal,15,Wheat,2009,1700.800000,A,124146.000000,A,72991.000000,A
178,232,Eritrea,15,Wheat,1995,512.400000,A,9605.000000,A,18744.000000,A
178,232,Eritrea,15,Wheat,2016,1000.000000,X,25000.000000,X,25000.000000,X
179,634,Qatar,15,Wheat,1973,1700.000000,E,17.000000,A,10.000000,E
179,634,Qatar,15,Wheat,2006,2000.000000,A,20.000000,A,10.000000,A
179,634,Qatar,15,Wheat,1997,2307.700000,A,150.000000,A,65.000000,A
179,634,Qatar,15,Wheat,2014,2500.000000,A,5.000000,A,2.000000,A
179,634,Qatar,15,Wheat,1988,2295.800000,A,163.000000,A,71.000000,A
181,716,Zimbabwe,15,Wheat,1968,3579.800000,E,26222.000000,A,7325.000000,X
181,716,Zimbabwe,15,Wheat,1986,5913.000000,A,248346.000000,A,42000.000000,A
181,716,Zimbabwe,15,Wheat,1987,5798.600000,A,214548.000000,A,37000.000000,A
181,716,Zimbabwe,15,Wheat,1983,5766.500000,A,124250.000000,A,21547.000000,A
181,716,Zimbabwe,15,Wheat,1989,5676.700000,A,283835.000000,A,50000.000000,A
183,642,Romania,15,Wheat,2013,3478.600000,A,7296373.000000,A,2097490.000000,A
183,642,Romania,15,Wheat,2021,4796.900000,A,10433750.000000,A,2175080.000000,A
183,642,Romania,15,Wheat,1977,2835.600000,A,6435000.000000,A,2269340.000000,A
183,642,Romania,15,Wheat,1973,2326.900000,A,5489500.000000,A,2359100.000000,A
183,642,Romania,15,Wheat,2001,3044.900000,A,7735136.000000,A,2540354.000000,A
183,642,Romania,15,Wheat,1961,1343.800000,A,3990300.000000,A,2969400.000000,A
183,642,Romania,15,Wheat,1974,2089.000000,A,5006700.000000,A,2396700.000000,A
184,646,Rwanda,15,Wheat,2003,735.100000,E,15305.000000,A,20821.000000,I
184,646,Rwanda,15,Wheat,1994,914.700000,E,3200.000000,A,3498.000000,I
184,646,Rwanda,15,Wheat,2018,1102.200000,A,13475.160000,A,12225.000000,A
184,646,Rwanda,15,Wheat,1983,846.200000,A,3300.000000,A,3900.000000,A
184,646,Rwanda,15,Wheat,1974,820.000000,A,2793.000000,A,3406.000000,A
184,646,Rwanda,15,Wheat,2020,1040.800000,A,12811.420000,A,12309.000000,A
184,646,Rwanda,15,Wheat,1978,691.600000,A,3657.000000,A,5288.000000,A
184,646,Rwanda,15,Wheat,1995,1044.200000,A,6000.000000,A,5746.000000,A
184,646,Rwanda,15,Wheat,1973,721.200000,A,2380.000000,A,3300.000000,A
184,646,Rwanda,15,Wheat,1979,753.200000,A,2976.000000,A,3951.000000,A
184,646,Rwanda,15,Wheat,2013,921.500000,E,9036.270000,I,9806.000000,I
185,643,Russian Federation,15,Wheat,2014,2497.600000,A,59711381.900000,A,23907772.000000,A
185,643,Russian Federation,15,Wheat,1993,1765.500000,A,43546550.000000,A,24665480.000000,A
185,643,Russian Federation,15,Wheat,2023,3224.100000,E,92770000.000000,X,28773977.000000,I
185,643,Russian Federation,15,Wheat,2016,2685.400000,A,73345679.000000,A,27312777.000000,A
186,891,Serbia and Montenegro,15,Wheat,2003,2277.200000,A,1396100.000000,A,613081.000000,A
194,682,Saudi Arabia,15,Wheat,1967,1647.100000,A,118149.000000,A,71732.000000,A
194,682,Saudi Arabia,15,Wheat,1989,4423.900000,A,3452427.000000,A,780403.000000,A
194,682,Saudi Arabia,15,Wheat,2001,4908.100000,A,2081870.000000,A,424168.000000,A
194,682,Saudi Arabia,15,Wheat,1995,4472.000000,A,1647956.000000,A,368509.000000,A
194,682,Saudi Arabia,15,Wheat,1991,4503.000000,A,4035498.000000,A,896185.000000,A
194,682,Saudi Arabia,15,Wheat,1985,3634.400000,A,2134930.000000,A,587421.000000,A
194,682,Saudi Arabia,15,Wheat,1965,1750.300000,A,147900.000000,A,84500.000000,A
194,682,Saudi Arabia,15,Wheat,2017,6433.300000,A,620923.000000,A,96517.000000,A
198,705,Slovenia,15,Wheat,1996,3900.000000,A,137120.000000,A,35159.000000,A
199,703,Slovakia,15,Wheat,2024,5445.700000,A,1907940.000000,A,350360.000000,A
199,703,Slovakia,15,Wheat,1997,4572.300000,A,1885961.000000,A,412472.000000,A
199,703,Slovakia,15,Wheat,2002,3830.200000,A,1554425.000000,A,405829.000000,A
201,706,Somalia,15,Wheat,1992,368.400000,E,862.890000,I,2342.000000,I
201,706,Somalia,15,Wheat,2007,378.500000,E,970.000000,E,2563.000000,I
201,706,Somalia,15,Wheat,1981,0.000000,E,0.000000,A,3500.000000,E
202,710,South Africa,15,Wheat,2020,4158.500000,A,2120000.000000,A,509800.000000,A
202,710,South Africa,15,Wheat,1985,853.800000,A,1693000.000000,A,1983000.000000,A
202,710,South Africa,15,Wheat,1975,974.400000,A,1792000.000000,A,1839000.000000,A
202,710,South Africa,15,Wheat,1967,829.700000,A,1077000.000000,A,1298000.000000,A
202,710,South Africa,15,Wheat,2008,2847.600000,A,2130000.000000,A,748000.000000,A
202,710,South Africa,15,Wheat,1978,892.900000,A,1692000.000000,A,1895000.000000,A
203,724,Spain,15,Wheat,1963,1145.600000,A,4865360.000000,A,4247015.000000,A
203,724,Spain,15,Wheat,2005,1770.700000,A,4026694.000000,A,2274109.000000,A
203,724,Spain,15,Wheat,2020,4253.200000,A,8143510.000000,A,1914660.000000,A
203,724,Spain,15,Wheat,1961,883.700000,A,3438000.000000,A,3890605.000000,A
203,724,Spain,15,Wheat,2024,3654.000000,A,7147930.000000,A,1956210.000000,A
203,724,Spain,15,Wheat,1995,1476.100000,A,3138700.000000,A,2126400.000000,A
203,724,Spain,15,Wheat,1999,2098.700000,A,5083800.000000,A,2422400.000000,A
203,724,Spain,15,Wheat,2014,2980.600000,A,6471400.000000,A,2171200.000000,A
206,736,Sudan (former),15,Wheat,1966,1203.300000,A,68976.000000,A,57321.000000,A
206,736,Sudan (former),15,Wheat,1993,1379.000000,A,453000.000000,A,328502.000000,A
206,736,Sudan (former),15,Wheat,1973,1460.100000,A,152000.000000,A,104100.000000,A
206,736,Sudan (former),15,Wheat,1988,1256.200000,A,181000.000000,A,144090.000000,A
206,736,Sudan (former),15,Wheat,1964,1575.800000,A,36765.000000,A,23331.000000,A
206,736,Sudan (former),15,Wheat,2002,2138.500000,A,247000.000000,A,115500.000000,A
208,762,Tajikistan,15,Wheat,1999,1148.600000,A,365136.000000,A,317900.000000,A
208,762,Tajikistan,15,Wheat,2012,2675.800000,A,812588.000000,A,303677.000000,A
208,762,Tajikistan,15,Wheat,2005,1960.300000,A,618467.000000,A,315500.000000,A
209,748,Eswatini,15,Wheat,2002,1539.200000,E,318.160000,I,207.000000,I
209,748,Eswatini,15,Wheat,1980,3250.000000,E,1300.000000,E,400.000000,E
209,748,Eswatini,15,Wheat,2021,1875.700000,E,724.340000,I,386.000000,I
209,748,Eswatini,15,Wheat,1974,2937.800000,A,1134.000000,A,386.000000,A
209,748,Eswatini,15,Wheat,1963,,,0.000000,A,0.000000,A
210,752,Sweden,15,Wheat,1983,5128.600000,A,1721250.000000,A,335616.000000,A
210,752,Sweden,15,Wheat,1962,3060.900000,A,906330.000000,A,296098.000000,A
210,752,Sweden,15,Wheat,1969,3454.200000,A,916530.000000,A,265339.000000,A
210,752,Sweden,15,Wheat,2005,6333.400000,A,2246800.000000,A,354755.000000,A
210,752,Sweden,15,Wheat,1968,4327.100000,A,1073550.000000,A,248102.000000,A
210,752,Sweden,15,Wheat,1982,5261.100000,A,1490410.000000,A,283291.000000,A
211,756,Switzerland,15,Wheat,1990,5637.600000,A,562600.000000,A,99794.000000,A
211,756,Switzerland,15,Wheat,2001,5511.600000,A,505600.000000,A,91734.000000,A
211,756,Switzerland,15,Wheat,2007,5980.300000,A,543900.000000,A,90948.000000,A
211,756,Switzerland,15,Wheat,1981,4703.000000,A,408600.000000,A,86880.000000,A
211,756,Switzerland,15,Wheat,2022,5465.700000,A,486667.000000,A,89041.000000,A
211,756,Switzerland,15,Wheat,1971,3981.900000,A,378000.000000,A,94930.000000,A
211,756,Switzerland,15,Wheat,2013,5383.400000,A,479659.000000,A,89100.000000,A
212,760,Syrian Arab Republic,15,Wheat,1980,1536.000000,A,2225800.000000,A,1449056.000000,A
212,760,Syrian Arab Republic,15,Wheat,1968,673.400000,A,600000.000000,A,891000.000000,A
212,760,Syrian Arab Republic,15,Wheat,1963,763.200000,A,1189585.000000,A,1558605.000000,A
212,760,Syrian Arab Republic,15,Wheat,2000,1849.800000,A,3105489.000000,A,1678797.000000,A
212,760,Syrian Arab Republic,15,Wheat,1988,1877.800000,A,2067138.000000,A,1100819.000000,A
212,760,Syrian Arab Republic,15,Wheat,1978,1061.300000,A,1650696.000000,A,1555375.000000,A
213,795,Turkmenistan,15,Wheat,1996,775.900000,A,453100.000000,A,584000.000000,A
213,795,Turkmenistan,15,Wheat,2012,1453.600000,E,1200000.000000,X,825553.000000,I
213,795,Turkmenistan,15,Wheat,2020,2141.500000,A,1480733.000000,A,691447.000000,A
213,795,Turkmenistan,15,Wheat,2019,2172.600000,A,1654024.000000,A,761306.000000,A
213,795,Turkmenistan,15,Wheat,1994,2576.300000,A,675000.000000,A,262000.000000,A
214,158,"China, Taiwan Province of",15,Wheat,1996,3386.000000,A,193.000000,A,57.000000,A
214,158,"China, Taiwan Province of",15,Wheat,2005,3161.300000,A,196.000000,A,62.000000,A
214,158,"China, Taiwan Province of",15,Wheat,1973,2386.000000,A,921.000000,A,386.000000,A
214,158,"China, Taiwan Province of",15,Wheat,2001,3441.200000,A,234.000000,A,68.000000,A
214,158,"China, Taiwan Province of",15,Wheat,2019,1887.100000,A,4831.000000,A,2560.000000,A
215,834,United Republic of Tanzania,15,Wheat,1967,1132.200000,E,35099.000000,A,31000.000000,E
215,834,United Republic of Tanzania,15,Wheat,2013,970.000000,A,103973.000000,A,107189.000000,A
215,834,United Republic of Tanzania,15,Wheat,1963,1114.300000,E,24514.000000,A,22000.000000,E
215,834,United Republic of Tanzania,15,Wheat,1966,1125.600000,A,38270.000000,A,34000.000000,A
216,764,Thailand,15,Wheat,2003,738.800000,E,883.000000,I,1195.000000,I
216,764,Thailand,15,Wheat,1964,,,0.000000,A,0.000000,A
216,764,Thailand,15,Wheat,2022,1025.900000,E,1321.180000,E,1288.000000,I
216,764,Thailand,15,Wheat,1987,1250.000000,A,400.000000,A,320.000000,A
216,764,Thailand,15,Wheat,2024,1018.900000,E,1320.060000,E,1296.000000,I
221,512,Oman,15,Wheat,2010,4126.400000,A,2286.000000,A,554.000000,A
221,512,Oman,15,Wheat,1981,1188.700000,A,359.000000,A,302.000000,A
221,512,Oman,15,Wheat,1973,1666.700000,E,3000.000000,X,1800.000000,E
221,512,Oman,15,Wheat,1982,3778.100000,A,1141.000000,A,302.000000,A
221,512,Oman,15,Wheat,2023,2628.000000,A,7892.000000,A,3003.000000,A
221,512,Oman,15,Wheat,2018,3852.500000,A,3579.000000,A,929.000000,A
222,788,Tunisia,15,Wheat,2020,1719.500000,A,1042000.000000,A,606000.000000,A
222,788,Tunisia,15,Wheat,1985,1335.900000,A,1380000.000000,A,1033000.000000,A
222,788,Tunisia,15,Wheat,2003,2141.200000,A,1984000.000000,A,926600.000000,A
222,788,Tunisia,15,Wheat,1963,800.000000,E,800000.000000,E,1000000.000000,E
222,788,Tunisia,15,Wheat,2008,1717.400000,A,919000.000000,A,535100.000000,A
223,792,Türkiye,15,Wheat,2011,2703.800000,A,21800000.000000,A,8062850.000000,A
223,792,Türkiye,15,Wheat,2001,2076.500000,A,19000000.000000,A,9149844.000000,A
223,792,Türkiye,15,Wheat,1989,1758.000000,A,16221000.000000,A,9227000.000000,A
223,792,Türkiye,15,Wheat,1976,1785.900000,A,16577500.000000,A,9282500.000000,A
223,792,Türkiye,15,Wheat,2016,2707.000000,A,20600000.000000,A,7609868.000000,A
225,784,United Arab Emirates,15,Wheat,1965,,,0.000000,A,0.000000,A
225,784,United Arab Emirates,15,Wheat,1998,7200.000000,A,360.000000,A,50.000000,A
225,784,United Arab Emirates,15,Wheat,1997,5137.900000,A,298.000000,A,58.000000,A
225,784,United Arab Emirates,15,Wheat,1961,,,0.000000,A,0.000000,A
225,784,United Arab Emirates,15,Wheat,1981,2018.700000,A,757.000000,A,375.000000,A
225,784,United Arab Emirates,15,Wheat,1977,1166.700000,E,14.000000,A,12.000000,E
225,784,United Arab Emirates,15,Wheat,2005,2000.000000,E,24.000000,E,12.000000,E
225,784,United Arab Emirates,15,Wheat,1969,,,0.000000,A,0.000000,A
226,800,Uganda,15,Wheat,1977,2065.800000,A,13000.000000,A,6293.000000,A
226,800,Uganda,15,Wheat,1997,1800.000000,A,9000.000000,A,5000.000000,A
226,800,Uganda,15,Wheat,1979,1666.700000,A,5000.000000,A,3000.000000,A
226,800,Uganda,15,Wheat,1994,1800.000000,A,9000.000000,A,5000.000000,A
226,800,Uganda,15,Wheat,2021,1666.700000,X,25000.000000,X,15000.000000,X
226,800,Uganda,15,Wheat,1970,1980.000000,A,7920.000000,A,4000.000000,A
226,800,Uganda,15,Wheat,2007,1727.300000,A,19000.000000,A,11000.000000,A
226,800,Uganda,15,Wheat,2022,1666.700000,X,25000.000000,X,15000.000000,X
226,800,Uganda,15,Wheat,1973,2300.000000,A,6900.000000,A,3000.000000,A
228,810,USSR,15,Wheat,1961,992.000000,A,62494000.000000,A,63000000.000000,A
228,810,USSR,15,Wheat,1965,799.200000,A,56105008.000000,A,70205008.000000,A
228,810,USSR,15,Wheat,1990,2114.800000,A,101888496.000000,A,48178000.000000,A
228,810,USSR,15,Wheat,1983,1451.100000,A,73748000.000000,A,50823008.000000,A
229,826,United Kingdom of Great Britain and Northern Ireland,15,Wheat,2020,6963.200000,A,9658000.000000,A,1387000.000000,A
229,826,United Kingdom of Great Britain and Northern Ireland,15,Wheat,2009,7928.400000,A,14075596.000000,A,1775337.000000,A
229,826,United Kingdom of Great Britain and Northern Ireland,15,Wheat,2024,7281.300000,A,11146000.000000,A,1530771.000000,A
229,826,United Kingdom of Great Britain and Northern Ireland,15,Wheat,1988,6214.200000,A,11720000.000000,A,1886000.000000,A
229,826,United Kingdom of Great Britain and Northern Ireland,15,Wheat,2013,7383.800000,A,11921304.000000,A,1614511.000000,A
229,826,United Kingdom of Great Britain and Northern Ireland,15,Wheat,2006,8036.100000,A,14755222.000000,A,1836125.000000,A
229,826,United Kingdom of Great Britain and Northern Ireland,15,Wheat,1978,5252.600000,A,6610000.000000,A,1258417.000000,A
229,826,United Kingdom of Great Britain and Northern Ireland,15,Wheat,1971,4389.000000,A,4816560.000000,A,1097425.000000,A
230,804,Ukraine,15,Wheat,1997,2827.700000,A,18403900.000000,A,6508400.000000,A
230,804,Ukraine,15,Wheat,1993,3798.000000,A,21831008.000000,A,5748000.000000,A
231,840,United States of America,15,Wheat,1966,1768.800000,A,35513856.000000,A,20077392.000000,A
231,840,United States of America,15,Wheat,1995,2406.500000,A,59404000.000000,A,24685000.000000,A
231,840,United States of America,15,Wheat,2009,2989.700000,A,60365728.000000,A,20191200.000000,A
231,840,United States of America,15,Wheat,1963,1694.900000,A,31211888.000000,A,18415008.000000,A
231,840,United States of America,15,Wheat,2000,2823.800000,A,60639376.000000,A,21474064.000000,A
231,840,United States of America,15,Wheat,2006,2598.600000,A,49216040.000000,A,18939492.000000,A
231,840,United States of America,15,Wheat,2007,2704.600000,A,55820360.000000,A,20638784.000000,A
234,858,Uruguay,15,Wheat,2007,3160.300000,A,611200.000000,A,193400.000000,A
234,858,Uruguay,15,Wheat,2005,2970.400000,A,532600.000000,A,179300.000000,A
234,858,Uruguay,15,Wheat,2010,3358.300000,A,1844416.000000,A,549215.000000,A
234,858,Uruguay,15,Wheat,2009,2856.000000,A,1356600.000000,A,475000.000000,A
234,858,Uruguay,15,Wheat,1961,852.300000,A,371536.000000,A,435912.000000,A
234,858,Uruguay,15,Wheat,2004,2769.800000,A,326000.000000,A,117700.000000,A
234,858,Uruguay,15,Wheat,1976,993.800000,A,504938.000000,A,508072.000000,A
234,858,Uruguay,15,Wheat,1998,2892.900000,A,559200.000000,A,193300.000000,A
234,858,Uruguay,15,Wheat,1975,999.900000,A,455662.000000,A,455717.000000,A
235,860,Uzbekistan,15,Wheat,1996,2063.500000,A,2741800.000000,A,1328700.000000,A
235,860,Uzbekistan,15,Wheat,2004,3745.700000,A,5507600.000000,A,1470390.000000,A
235,860,Uzbekistan,15,Wheat,2005,4207.300000,A,6057200.000000,A,1439700.000000,A
236,862,Venezuela (Bolivarian Republic of),15,Wheat,2002,3000.000000,A,54.000000,A,18.000000,A
236,862,Venezuela (Bolivarian Republic of),15,Wheat,2015,2983.300000,A,179.000000,A,60.000000,A
236,862,Venezuela (Bolivarian Republic of),15,Wheat,1984,367.000000,A,291.000000,A,793.000000,A
236,862,Venezuela (Bolivarian Republic of),15,Wheat,2021,3504.800000,A,736.000000,A,210.000000,A
236,862,Venezuela (Bolivarian Republic of),15,Wheat,1985,383.900000,A,314.000000,A,818.000000,A
236,862,Venezuela (Bolivarian Republic of),15,Wheat,2020,2829.700000,A,662.810000,A,234.000000,A
236,862,Venezuela (Bolivarian Republic of),15,Wheat,2006,3013.700000,E,220.000000,A,73.000000,E
238,231,Ethiopia,15,Wheat,2023,2813.400000,E,6091618.480000,E,2165239.000000,I
238,231,Ethiopia,15,Wheat,2013,2444.600000,A,3925174.000000,A,1605654.000000,A
238,231,Ethiopia,15,Wheat,2003,1387.400000,A,1618093.000000,A,1166237.000000,A
248,890,Yugoslav SFR,15,Wheat,1975,2727.100000,A,4403800.000000,A,1614800.000000,A
248,890,Yugoslav SFR,15,Wheat,1964,1760.800000,A,3703000.000000,A,2103000.000000,A
249,887,Yemen,15,Wheat,2013,1691.500000,A,232190.000000,A,137266.000000,A
249,887,Yemen,15,Wheat,1991,1154.300000,A,99913.000000,A,86558.000000,A
249,887,Yemen,15,Wheat,2009,1890.100000,A,222129.000000,A,117525.000000,A
249,887,Yemen,15,Wheat,2022,1552.600000,E,100000.000000,X,64407.000000,I
249,887,Yemen,15,Wheat,2023,1544.100000,E,100000.000000,X,64761.000000,I
250,180,Democratic Republic of the Congo,15,Wheat,2004,1284.200000,A,8540.000000,A,6650.000000,A
250,180,Democratic Republic of the Congo,15,Wheat,2016,1288.000000,E,11000.000000,E,8540.000000,I
250,180,Democratic Republic of the Congo,15,Wheat,2009,1285.100000,A,8790.000000,A,6840.000000,A
250,180,Democratic Republic of the Congo,15,Wheat,2007,1284.900000,A,8690.000000,A,6763.000000,A
250,180,Democratic Republic of the Congo,15,Wheat,1986,1163.400000,A,8260.000000,A,7100.000000,A
250,180,Democratic Republic of the Congo,15,Wheat,2005,1285.000000,A,8590.000000,A,6685.000000,A
250,180,Democratic Republic of the Congo,15,Wheat,2023,1125.000000,X,9000.000000,X,8000.000000,X
251,894,Zambia,15,Wheat,1984,3788.300000,A,13221.000000,A,3490.000000,A
251,894,Zambia,15,Wheat,2005,6210.400000,A,136833.000000,A,22033.000000,A
251,894,Zambia,15,Wheat,2003,6428.600000,E,135000.000000,X,21000.000000,E
251,894,Zambia,15,Wheat,1987,3740.400000,A,27668.000000,A,7397.000000,A
251,894,Zambia,15,Wheat,2012,6813.500000,A,253522.000000,A,37209.000000,A
251,894,Zambia,15,Wheat,2004,6118.100000,E,82858.000000,A,13543.000000,X
251,894,Zambia,15,Wheat,2011,6306.800000,A,237332.000000,A,37631.000000,A
255,56,Belgium,15,Wheat,2004,8980.600000,A,1913177.000000,A,213035.000000,A
255,56,Belgium,15,Wheat,2018,8492.300000,A,1661860.000000,A,195690.000000,A
255,56,Belgium,15,Wheat,2016,6787.100000,A,1400074.000000,A,206284.000000,A
255,56,Belgium,15,Wheat,2011,8404.600000,A,1687749.000000,A,200813.000000,A
255,56,Belgium,15,Wheat,2005,8273.300000,A,1768410.000000,A,213748.000000,A
255,56,Belgium,15,Wheat,2010,8827.200000,A,1849584.000000,A,209532.000000,A
255,56,Belgium,15,Wheat,2001,8047.500000,A,1457400.000000,A,181100.000000,A
255,56,Belgium,15,Wheat,2002,8275.700000,A,1675000.000000,A,202400.000000,A
256,442,Luxembourg,15,Wheat,2017,5483.400000,A,77781.000000,A,14185.000000,A
256,442,Luxembourg,15,Wheat,2006,5969.400000,A,75603.000000,A,12665.000000,A
256,442,Luxembourg,15,Wheat,2022,6329.400000,A,85890.000000,A,13570.000000,A
272,688,Serbia,15,Wheat,2014,3947.400000,A,2387202.300000,A,604748.000000,A
272,688,Serbia,15,Wheat,2012,3977.000000,A,2399224.560000,A,603275.000000,A
272,688,Serbia,15,Wheat,2021,5749.300000,A,3442308.000000,A,598735.000000,A
272,688,Serbia,15,Wheat,2022,4927.700000,A,3109827.000000,A,631086.000000,A
276,729,Sudan,15,Wheat,2020,2232.400000,A,717578.000000,A,321444.000000,A
299,275,Palestine,15,Wheat,2000,2465.600000,A,53422.000000,A,21667.000000,A
299,275,Palestine,15,Wheat,2002,2419.300000,A,54308.000000,A,22448.000000,A
299,275,Palestine,15,Wheat,2014,2403.200000,A,41720.000000,A,17360.000000,A
299,275,Palestine,15,Wheat,2015,1983.400000,A,26320.000000,A,13270.000000,A
299,275,Palestine,15,Wheat,1996,1835.900000,A,30872.000000,A,16816.000000,A
299,275,Palestine,15,Wheat,2019,2246.400000,A,34370.000000,A,15300.000000,A
2,4,Afghanistan,15,Wheat,1994,1025.000000,E,2050000.000000,A,2000000.000000,E
2,4,Afghanistan,15,Wheat,1962,973.500000,A,2279000.000000,A,2341000.000000,A
2,4,Afghanistan,15,Wheat,1968,1156.200000,A,2354000.000000,A,2036000.000000,A
2,4,Afghanistan,15,Wheat,1992,1031.300000,E,1650000.000000,A,1600000.000000,E
3,8,Albania,15,Wheat,1994,2474.500000,A,420000.000000,A,169728.000000,A
3,8,Albania,15,Wheat,1990,3019.700000,A,613000.000000,A,203000.000000,A
3,8,Albania,15,Wheat,2001,2822.000000,A,282200.000000,A,100000.000000,A
3,8,Albania,15,Wheat,2004,3113.000000,A,253400.000000,A,81400.000000,A
3,8,Albania,15,Wheat,2024,3933.300000,A,180812.200000,A,45970.000000,A
4,12,Algeria,15,Wheat,1999,1071.100000,A,1470000.000000,A,1372400.000000,A
4,12,Algeria,15,Wheat,2004,1358.200000,A,2730700.000000,A,2010600.000000,A
4,12,Algeria,15,Wheat,2005,1505.700000,A,2414728.000000,A,1603744.000000,A
4,12,Algeria,15,Wheat,1967,633.300000,A,1265506.000000,A,1998430.000000,A
4,12,Algeria,15,Wheat,1996,1309.000000,A,2982604.000000,A,2278500.000000,A
4,12,Algeria,15,Wheat,1964,531.700000,A,1162456.000000,A,2186360.000000,A
7,24,Angola,15,Wheat,1971,913.000000,E,12782.000000,A,14000.000000,E
7,24,Angola,15,Wheat,2004,1241.200000,E,3941.310000,I,3175.000000,I
7,24,Angola,15,Wheat,1963,1111.100000,E,20000.000000,E,18000.000000,E
7,24,Angola,15,Wheat,1994,1000.000000,E,3000.000000,X,3000.000000,E
7,24,Angola,15,Wheat,1996,1375.800000,E,5235.760000,I,3806.000000,I
7,24,Angola,15,Wheat,2015,962.200000,E,4724.680000,I,4910.000000,I
9,32,Argentina,15,Wheat,2005,2530.900000,A,12593396.000000,A,4975920.000000,A
9,32,Argentina,15,Wheat,1985,1617.700000,A,8742800.000000,A,5404300.000000,A
9,32,Argentina,15,Wheat,1987,1884.700000,A,9101200.000000,A,4828900.000000,A
9,32,Argentina,15,Wheat,1986,1781.900000,A,8756500.000000,A,4914100.000000,A
9,32,Argentina,15,Wheat,2001,2235.400000,A,15291660.000000,A,6840720.000000,A
9,32,Argentina,15,Wheat,1996,2241.500000,A,15913600.000000,A,7099510.000000,A
9,32,Argentina,15,Wheat,1991,2173.900000,A,9884000.000000,A,4546650.000000,A
9,32,Argentina,15,Wheat,2014,2810.000000,A,13930078.000000,A,4957300.000000,A
9,32,Argentina,15,Wheat,2013,2661.900000,A,9188339.000000,A,3451785.000000,A
1,51,Armenia,15,Wheat,2020,2252.800000,A,131951.200000,A,58572.000000,A
10,36,Australia,15,Wheat,1992,1781.200000,A,14738678.000000,A,8274614.000000,A
10,36,Australia,15,Wheat,2019,1468.100000,A,14480217.440000,A,9863184.000000,A
10,36,Australia,15,Wheat,1993,1965.800000,A,16479000.000000,A,8383000.000000,A
10,36,Australia,15,Wheat,1981,1376.500000,A,16360000.000000,A,11885000.000000,A
10,36,Australia,15,Wheat,1999,2006.600000,A,24757000.000000,A,12338000.000000,A
10,36,Australia,15,Wheat,1990,1634.400000,A,15066100.000000,A,9218091.000000,A
10,36,Australia,15,Wheat,1976,1317.500000,A,11800000.000000,A,8956259.000000,A
10,36,Australia,15,Wheat,2023,2667.600000,A,28028429.000000,A,10506997.000000,A
11,40,Austria,15,Wheat,1995,5085.600000,A,1301445.000000,A,255910.000000,A
11,40,Austria,15,Wheat,2000,4468.800000,A,1312962.000000,A,293806.000000,A
11,40,Austria,15,Wheat,1996,5006.900000,A,1239723.000000,A,247602.000000,A
11,40,Austria,15,Wheat,2017,4871.200000,A,1437143.000000,A,295029.000000,A
11,40,Austria,15,Wheat,1969,3317.200000,A,950279.000000,A,286470.000000,A
11,40,Austria,15,Wheat,2023,6187.700000,A,1744820.000000,A,281980.000000,A
11,40,Austria,15,Wheat,1965,2396.900000,A,660712.000000,A,275654.000000,A
11,40,Austria,15,Wheat,2006,4906.600000,A,1396300.000000,A,284577.000000,A
11,40,Austria,15,Wheat,1985,4886.200000,A,1562776.000000,A,319837.000000,A
52,31,Azerbaijan,15,Wheat,2021,3210.100000,A,1837188.400000,A,572309.000000,A
52,31,Azerbaijan,15,Wheat,2020,3090.800000,A,1818664.800000,A,588415.000000,A
52,31,Azerbaijan,15,Wheat,2001,2615.400000,A,1493741.000000,A,571126.000000,A
52,31,Azerbaijan,15,Wheat,2013,2671.900000,A,1841307.000000,A,689143.000000,A
16,50,Bangladesh,15,Wheat,2006,1534.400000,A,735000.000000,A,479000.000000,A
16,50,Bangladesh,15,Wheat,1978,1841.900000,A,347997.000000,A,188938.000000,A
16,50,Bangladesh,15,Wheat,1973,757.200000,A,90963.000000,A,120132.000000,A
16,50,Bangladesh,15,Wheat,2013,3013.800000,A,1255000.000000,A,416416.000000,A
16,50,Bangladesh,15,Wheat,1969,796.400000,A,93500.000000,A,117400.000000,A
16,50,Bangladesh,15,Wheat,1984,2302.100000,A,1211132.000000,A,526097.000000,A
16,50,Bangladesh,15,Wheat,2010,2395.900000,A,901490.000000,A,376256.000000,A
16,50,Bangladesh,15,Wheat,2012,2778.900000,A,995356.000000,A,358181.000000,A
16,50,Bangladesh,15,Wheat,2016,3031.000000,A,1348186.000000,A,444805.000000,A
16,50,Bangladesh,15,Wheat,1999,2162.700000,A,1908000.000000,A,882224.000000,A
57,112,Belarus,15,Wheat,2021,3360.900000,A,2441000.000000,A,726300.000000,A
57,112,Belarus,15,Wheat,2019,3327.400000,A,2308660.000000,A,693831.000000,A
57,112,Belarus,15,Wheat,2014,3942.400000,A,2925079.000000,A,741946.000000,A
255,56,Belgium,15,Wheat,2006,8254.900000,A,1661958.000000,A,201330.000000,A
255,56,Belgium,15,Wheat,2000,7919.800000,A,1687700.000000,A,213100.000000,A
15,58,Belgium-Luxembourg,15,Wheat,1961,3711.600000,A,787372.000000,A,212139.000000,A
15,58,Belgium-Luxembourg,15,Wheat,1989,6744.200000,A,1476989.000000,A,219000.000000,A
15,58,Belgium-Luxembourg,15,Wheat,1966,2647.300000,A,613222.000000,A,231643.000000,A
15,58,Belgium-Luxembourg,15,Wheat,1995,7011.900000,A,1531395.000000,A,218400.000000,A
18,64,Bhutan,15,Wheat,1991,833.300000,E,5000.000000,A,6000.000000,E
18,64,Bhutan,15,Wheat,2014,2234.100000,A,5172.000000,A,2315.000000,A
18,64,Bhutan,15,Wheat,2007,1292.100000,A,8879.000000,A,6872.000000,A
18,64,Bhutan,15,Wheat,1988,639.600000,A,4100.000000,A,6410.000000,A
18,64,Bhutan,15,Wheat,1964,1019.200000,E,5300.000000,E,5200.000000,E
19,68,Bolivia (Plurinational State of),15,Wheat,1979,690.900000,A,67755.000000,A,98070.000000,A
19,68,Bolivia (Plurinational State of),15,Wheat,1990,648.000000,A,54480.000000,A,84072.000000,A
19,68,Bolivia (Plurinational State of),15,Wheat,1972,833.300000,A,53590.000000,A,64310.000000,A
19,68,Bolivia (Plurinational State of),15,Wheat,2004,1066.500000,A,116037.000000,A,108797.000000,A
19,68,Bolivia (Plurinational State of),15,Wheat,2003,987.800000,A,112930.000000,A,114324.000000,A
19,68,Bolivia (Plurinational State of),15,Wheat,2019,1199.300000,A,237127.000000,A,197713.000000,A
19,68,Bolivia (Plurinational State of),15,Wheat,1962,500.000000,A,40000.000000,A,80000.000000,A
19,68,Bolivia (Plurinational State of),15,Wheat,2014,1065.200000,A,159670.000000,A,149902.000000,A
80,70,Bosnia and Herzegovina,15,Wheat,2007,3476.000000,A,257112.000000,A,73968.000000,A
80,70,Bosnia and Herzegovina,15,Wheat,1998,3211.300000,X,340931.000000,X,106165.000000,X
80,70,Bosnia and Herzegovina,15,Wheat,1997,3019.300000,X,287372.000000,X,95178.000000,X
80,70,Bosnia and Herzegovina,15,Wheat,2006,3169.800000,A,232496.000000,A,73348.000000,A
80,70,Bosnia and Herzegovina,15,Wheat,2016,4294.500000,A,306605.000000,A,71394.000000,A
80,70,Bosnia and Herzegovina,15,Wheat,2012,3708.200000,A,225137.000000,A,60713.000000,A
80,70,Bosnia and Herzegovina,15,Wheat,2009,3775.100000,A,255848.000000,A,67772.000000,A
20,72,Botswana,15,Wheat,1980,2000.000000,E,600.000000,E,300.000000,E
20,72,Botswana,15,Wheat,2003,1366.500000,E,294.130000,I,215.000000,I
20,72,Botswana,15,Wheat,1994,1988.700000,E,1000.000000,E,503.000000,I
20,72,Botswana,15,Wheat,2020,1361.500000,A,1028.100000,A,755.000000,A
20,72,Botswana,15,Wheat,2024,1144.400000,E,1328.040000,I,1160.000000,I
20,72,Botswana,15,Wheat,1973,2068.000000,E,517.000000,A,250.000000,E
20,72,Botswana,15,Wheat,2006,1045.600000,E,187.210000,I,179.000000,I
20,72,Botswana,15,Wheat,1974,2037.000000,E,550.000000,E,270.000000,E
21,76,Brazil,15,Wheat,1992,1429.500000,A,2795598.000000,A,1955620.000000,A
21,76,Brazil,15,Wheat,2015,2227.800000,A,5508451.000000,A,2472628.000000,A
21,76,Brazil,15,Wheat,1984,1138.700000,A,1983157.000000,A,1741673.000000,A
21,76,Brazil,15,Wheat,2023,2321.200000,A,7730188.000000,A,3330303.000000,A
21,76,Brazil,15,Wheat,2010,2828.800000,A,6171250.000000,A,2181567.000000,A
27,100,Bulgaria,15,Wheat,1970,2990.300000,A,3031719.000000,A,1013839.000000,A
27,100,Bulgaria,15,Wheat,1997,2950.200000,A,3574840.000000,A,1211720.000000,A
27,100,Bulgaria,15,Wheat,1974,3356.300000,A,3034078.000000,A,904000.000000,A
27,100,Bulgaria,15,Wheat,1981,4303.500000,A,4442757.000000,A,1032351.000000,A
27,100,Bulgaria,15,Wheat,1976,3824.000000,A,3510835.000000,A,918100.000000,A
27,100,Bulgaria,15,Wheat,2007,2197.300000,A,2390610.000000,A,1087996.000000,A
27,100,Bulgaria,15,Wheat,2003,2382.800000,A,2003937.000000,A,841014.000000,A
27,100,Bulgaria,15,Wheat,2020,4039.300000,A,4847940.000000,A,1200180.000000,A
27,100,Bulgaria,15,Wheat,1994,2844.700000,A,3754310.000000,A,1319760.000000,A
29,108,Burundi,15,Wheat,1975,646.600000,E,5173.000000,A,8000.000000,E
29,108,Burundi,15,Wheat,1993,778.700000,E,8700.000000,A,11173.000000,I
29,108,Burundi,15,Wheat,2006,800.700000,E,8007.000000,A,10000.000000,E
29,108,Burundi,15,Wheat,2008,843.100000,E,8094.000000,A,9600.000000,E
29,108,Burundi,15,Wheat,1978,548.400000,E,2742.000000,A,5000.000000,E
32,120,Cameroon,15,Wheat,1972,,,0.000000,A,0.000000,A
32,120,Cameroon,15,Wheat,1976,493.300000,A,370.000000,A,750.000000,A
32,120,Cameroon,15,Wheat,2018,1337.200000,E,700.000000,E,523.000000,I
32,120,Cameroon,15,Wheat,1970,,,0.000000,A,0.000000,A
32,120,Cameroon,15,Wheat,1987,1333.300000,E,400.000000,E,300.000000,E
32,120,Cameroon,15,Wheat,1983,1777.800000,A,400.000000,A,225.000000,A
33,124,Canada,15,Wheat,2010,2808.500000,A,23299600.000000,A,8296100.000000,A
33,124,Canada,15,Wheat,2004,2640.900000,A,24795500.000000,A,9388900.000000,A
33,124,Canada,15,Wheat,2018,3274.200000,A,32351900.000000,A,9880800.000000,A
33,124,Canada,15,Wheat,1993,2202.700000,A,27255900.000000,A,12374000.000000,A
33,124,Canada,15,Wheat,1979,1634.100000,A,17196000.000000,A,10523100.000000,A
39,148,Chad,15,Wheat,1984,600.300000,A,1248.000000,A,2079.000000,A
39,148,Chad,15,Wheat,1995,999.600000,A,2642.000000,A,2643.000000,A
39,148,Chad,15,Wheat,1988,1065.200000,A,2450.000000,A,2300.000000,A
39,148,Chad,15,Wheat,2009,2000.000000,A,5000.000000,A,2500.000000,A
39,148,Chad,15,Wheat,2007,1865.100000,A,8393.000000,A,4500.000000,A
39,148,Chad,15,Wheat,2012,2500.000000,A,8750.000000,A,3500.000000,A
39,148,Chad,15,Wheat,1982,1633.300000,E,4900.000000,E,3000.000000,E
40,152,Chile,15,Wheat,2004,4571.000000,A,1921652.000000,A,420400.000000,A
40,152,Chile,15,Wheat,1974,1644.500000,A,939050.000000,A,571010.000000,A
40,152,Chile,15,Wheat,1986,2856.500000,A,1625809.000000,A,569170.000000,A
40,152,Chile,15,Wheat,1967,1675.000000,A,1203500.000000,A,718500.000000,A
40,152,Chile,15,Wheat,1977,1941.600000,A,1219320.000000,A,628010.000000,A
214,158,"China, Taiwan Province of",15,Wheat,1968,2218.500000,A,17118.000000,A,7716.000000,A
214,158,"China, Taiwan Province of",15,Wheat,1989,3537.800000,A,3039.000000,A,859.000000,A
41,156,"China, mainland",15,Wheat,2005,4275.300000,A,97445000.000000,A,22792400.000000,A
41,156,"China, mainland",15,Wheat,1961,557.800000,A,14250000.000000,A,25546000.000000,A
41,156,"China, mainland",15,Wheat,1963,778.000000,A,18475008.000000,A,23748000.000000,A
41,156,"China, mainland",15,Wheat,1982,2451.700000,A,68470000.000000,A,27927008.000000,A
41,156,"China, mainland",15,Wheat,2011,4837.600000,A,117410000.000000,A,24270380.000000,A
41,156,"China, mainland",15,Wheat,2018,5416.600000,A,131440500.000000,A,24266190.000000,A
41,156,"China, mainland",15,Wheat,2024,5939.600000,A,140100000.000000,A,23587400.000000,A
44,170,Colombia,15,Wheat,1971,1134.300000,A,53200.000000,A,46900.000000,A
44,170,Colombia,15,Wheat,1978,1269.400000,A,37700.000000,A,29700.000000,A
44,170,Colombia,15,Wheat,2001,1510.600000,A,31793.000000,A,21047.000000,A
44,170,Colombia,15,Wheat,1988,1631.900000,A,62500.000000,A,38300.000000,A
98,191,Croatia,15,Wheat,2018,5438.800000,A,753060.000000,A,138460.000000,A
98,191,Croatia,15,Wheat,2001,4404.700000,A,811674.000000,A,184274.000000,A
98,191,Croatia,15,Wheat,1999,3297.600000,A,558217.000000,A,169280.000000,A
98,191,Croatia,15,Wheat,2010,4041.500000,A,681017.000000,A,168507.000000,A
50,196,Cyprus,15,Wheat,1990,2039.200000,A,10400.000000,A,5100.000000,A
50,196,Cyprus,15,Wheat,2009,2549.900000,A,14690.000000,A,5761.000000,A
50,196,Cyprus,15,Wheat,2006,1395.100000,A,7518.000000,A,5389.000000,A
50,196,Cyprus,15,Wheat,2012,2681.100000,A,22923.000000,A,8550.000000,A
50,196,Cyprus,15,Wheat,2003,1976.500000,A,14280.000000,A,7225.000000,A
50,196,Cyprus,15,Wheat,2008,495.400000,A,2472.000000,A,4990.000000,A
50,196,Cyprus,15,Wheat,1973,48.200000,A,4064.000000,A,84281.000000,A
50,196,Cyprus,15,Wheat,1979,1161.600000,A,13208.000000,A,11371.000000,A
50,196,Cyprus,15,Wheat,1993,2340.000000,A,11700.000000,A,5000.000000,A
167,203,Czechia,15,Wheat,2002,4555.100000,A,3866473.000000,A,848830.000000,A
167,203,Czechia,15,Wheat,2004,5841.900000,A,5042523.000000,A,863161.000000,A
167,203,Czechia,15,Wheat,2021,6321.400000,A,4960930.000000,A,784780.000000,A
167,203,Czechia,15,Wheat,2009,5242.500000,A,4358073.000000,A,831300.000000,A
51,200,Czechoslovakia,15,Wheat,1977,4070.600000,A,5213632.000000,A,1280803.000000,A
51,200,Czechoslovakia,15,Wheat,1966,2529.300000,A,2247400.000000,A,888540.000000,A
51,200,Czechoslovakia,15,Wheat,1980,4531.100000,A,5386000.000000,A,1188671.000000,A
51,200,Czechoslovakia,15,Wheat,1965,2421.100000,A,1991870.000000,A,822713.000000,A
116,408,Democratic People's Republic of Korea,15,Wheat,1988,1422.200000,E,128000.000000,X,90000.000000,E
116,408,Democratic People's Republic of Korea,15,Wheat,1993,1398.700000,E,123000.000000,X,87942.000000,I
116,408,Democratic People's Republic of Korea,15,Wheat,1974,971.400000,E,102000.000000,X,105000.000000,E
116,408,Democratic People's Republic of Korea,15,Wheat,1969,586.700000,E,88000.000000,X,150000.000000,E
116,408,Democratic People's Republic of Korea,15,Wheat,1997,1333.300000,A,100000.000000,A,75000.000000,A
116,408,Democratic People's Republic of Korea,15,Wheat,2002,2301.600000,A,145000.000000,A,63000.000000,A
250,180,Democratic Republic of the Congo,15,Wheat,2006,1284.900000,A,8640.000000,A,6724.000000,A
250,180,Democratic Republic of the Congo,15,Wheat,1998,1290.400000,A,10443.000000,A,8093.000000,A
250,180,Democratic Republic of the Congo,15,Wheat,1999,1285.000000,A,9900.000000,A,7704.000000,A
250,180,Democratic Republic of the Congo,15,Wheat,1984,596.500000,A,3400.000000,A,5700.000000,A
250,180,Democratic Republic of the Congo,15,Wheat,2010,1285.400000,A,8841.000000,A,6878.000000,A
54,208,Denmark,15,Wheat,2016,7206.700000,A,4201500.000000,A,583000.000000,A
54,208,Denmark,15,Wheat,2023,7272.500000,A,3556260.000000,A,489000.000000,A
54,208,Denmark,15,Wheat,1979,5161.600000,A,589886.000000,A,114284.000000,A
54,208,Denmark,15,Wheat,1987,5747.400000,A,2284719.000000,A,397525.000000,A
54,208,Denmark,15,Wheat,1984,7323.000000,A,2445877.000000,A,334000.000000,A
54,208,Denmark,15,Wheat,1968,4813.700000,A,464851.000000,A,96568.000000,A
54,208,Denmark,15,Wheat,2005,7232.800000,A,4887200.000000,A,675700.000000,A
58,218,Ecuador,15,Wheat,1962,789.700000,A,67300.000000,A,85225.000000,A
58,218,Ecuador,15,Wheat,1977,973.100000,A,39800.000000,A,40900.000000,A
58,218,Ecuador,15,Wheat,2003,798.000000,A,11052.000000,A,13849.000000,A
59,818,Egypt,15,Wheat,2006,6430.300000,A,8274230.000000,A,1286750.000000,A
59,818,Egypt,15,Wheat,1964,2755.100000,A,1499881.000000,A,544393.000000,A
59,818,Egypt,15,Wheat,2000,6342.200000,A,6564053.000000,A,1034985.000000,A
59,818,Egypt,15,Wheat,1997,5599.400000,A,5849134.000000,A,1044593.000000,A
59,818,Egypt,15,Wheat,2008,6503.100000,A,7977051.000000,A,1226651.000000,A
178,232,Eritrea,15,Wheat,2019,1000.000000,X,25000.000000,X,25000.000000,X
178,232,Eritrea,15,Wheat,1993,203.800000,A,5400.000000,A,26500.000000,A
63,233,Estonia,15,Wheat,2022,4719.700000,A,854120.000000,A,180970.000000,A
63,233,Estonia,15,Wheat,1996,2204.600000,A,101249.000000,A,45927.000000,A
209,748,Eswatini,15,Wheat,1965,,,0.000000,A,0.000000,A
209,748,Eswatini,15,Wheat,2006,1552.000000,E,334.950000,I,216.000000,I
209,748,Eswatini,15,Wheat,1996,1500.000000,E,300.000000,A,200.000000,E
209,748,Eswatini,15,Wheat,1978,3250.000000,E,1300.000000,E,400.000000,E
209,748,Eswatini,15,Wheat,1988,3250.000000,E,1300.000000,E,400.000000,E
238,231,Ethiopia,15,Wheat,2016,2497.100000,A,4549571.000000,A,1821924.000000,A
238,231,Ethiopia,15,Wheat,1997,1291.700000,A,1092820.000000,A,846000.000000,A
238,231,Ethiopia,15,Wheat,2021,2922.300000,A,6232978.270000,A,2132922.000000,A
62,230,Ethiopia PDR,15,Wheat,1973,800.000000,A,644800.000000,A,806000.000000,A
62,230,Ethiopia PDR,15,Wheat,1986,996.000000,A,775257.000000,A,778360.000000,A
62,230,Ethiopia PDR,15,Wheat,1984,1064.600000,A,666052.000000,A,625610.000000,A
62,230,Ethiopia PDR,15,Wheat,1965,720.000000,A,692900.000000,A,962300.000000,A
62,230,Ethiopia PDR,15,Wheat,1977,1103.600000,A,605210.000000,A,548400.000000,A
67,246,Finland,15,Wheat,2006,3557.500000,A,684100.000000,A,192300.000000,A
67,246,Finland,15,Wheat,1988,2603.800000,A,284600.000000,A,109300.000000,A
67,246,Finland,15,Wheat,1976,2977.200000,A,654100.000000,A,219700.000000,A
67,246,Finland,15,Wheat,1994,3795.300000,A,337400.000000,A,88900.000000,A
67,246,Finland,15,Wheat,1962,1475.300000,A,421500.000000,A,285700.000000,A
68,250,France,15,Wheat,1991,6676.400000,A,34362204.400000,A,5146847.000000,A
68,250,France,15,Wheat,2013,7265.600000,A,38651472.000000,A,5319778.000000,A
68,250,France,15,Wheat,2024,5973.500000,A,26606940.000000,A,4454180.000000,A
68,250,France,15,Wheat,1965,3265.500000,A,14760000.000000,A,4520000.000000,A
68,250,France,15,Wheat,1988,6150.900000,A,29038496.000000,A,4721000.000000,A
73,268,Georgia,15,Wheat,2002,1698.400000,A,199675.000000,A,117568.000000,A
73,268,Georgia,15,Wheat,2014,1353.300000,A,47500.000000,A,35100.000000,A
73,268,Georgia,15,Wheat,1992,1767.400000,A,190700.000000,A,107900.000000,A
79,276,Germany,15,Wheat,2017,7644.300000,A,24481600.000000,A,3202600.000000,A
79,276,Germany,15,Wheat,2021,7301.500000,A,21459200.000000,A,2939000.000000,A
84,300,Greece,15,Wheat,1986,2631.100000,A,2389000.000000,A,908000.000000,A
84,300,Greece,15,Wheat,1999,2391.000000,A,1976552.170000,A,826653.000000,A
84,300,Greece,15,Wheat,2022,2917.100000,A,1203260.000000,A,412490.000000,A
84,300,Greece,15,Wheat,2015,2905.000000,A,1458705.460000,A,502141.000000,A
84,300,Greece,15,Wheat,2008,2776.900000,A,2074607.570000,A,747093.000000,A
84,300,Greece,15,Wheat,2004,2475.700000,A,2092097.000000,A,845062.000000,A
89,320,Guatemala,15,Wheat,2017,2126.700000,E,638.000000,A,300.000000,E
89,320,Guatemala,15,Wheat,1964,930.400000,A,36100.000000,A,38800.000000,A
95,340,Honduras,15,Wheat,1977,833.300000,X,500.000000,X,600.000000,X
97,348,Hungary,15,Wheat,1971,3080.900000,A,3921939.000000,A,1273000.000000,A
97,348,Hungary,15,Wheat,1981,4009.800000,A,4613863.000000,A,1150656.000000,A
97,348,Hungary,15,Wheat,1970,2137.000000,A,2722523.000000,A,1274000.000000,A
97,348,Hungary,15,Wheat,1977,4056.600000,A,5319049.000000,A,1311219.000000,A
97,348,Hungary,15,Wheat,1968,2524.400000,A,3360554.000000,A,1331206.000000,A
97,348,Hungary,15,Wheat,2024,5713.400000,A,5272960.000000,A,922910.000000,A
97,348,Hungary,15,Wheat,1967,2589.500000,A,3021625.000000,A,1166862.000000,A
100,356,India,15,Wheat,2019,3533.400000,A,103596230.000000,A,29318780.000000,A
100,356,India,15,Wheat,1963,792.900000,A,10776000.000000,A,13590000.000000,A
100,356,India,15,Wheat,2023,3520.700000,A,110553675.310000,A,31400716.000000,A
100,356,India,15,Wheat,1973,1270.800000,A,24734608.000000,A,19463600.000000,A
100,356,India,15,Wheat,1977,1386.600000,A,29009904.000000,A,20921504.000000,A
100,356,India,15,Wheat,1964,729.900000,A,9853000.000000,A,13499000.000000,A
100,356,India,15,Wheat,2010,2839.500000,A,80803600.000000,A,28457400.000000,A
102,364,Iran (Islamic Republic of),15,Wheat,1980,982.500000,A,5849800.000000,A,5953700.000000,A
102,364,Iran (Islamic Republic of),15,Wheat,1968,800.000000,A,4400000.000000,A,5500000.000000,A
102,364,Iran (Islamic Republic of),15,Wheat,1985,1070.400000,A,6630522.000000,A,6194534.000000,A
102,364,Iran (Islamic Republic of),15,Wheat,1972,831.200000,A,4546000.000000,A,5469000.000000,A
102,364,Iran (Islamic Republic of),15,Wheat,1993,1576.600000,A,10732341.700000,A,6807258.000000,A
103,368,Iraq,15,Wheat,1972,1374.300000,E,2625000.000000,A,1910000.000000,E
103,368,Iraq,15,Wheat,1977,811.200000,A,695700.000000,A,857600.000000,A
103,368,Iraq,15,Wheat,2022,2771.400000,A,2764692.000000,A,997587.000000,A
103,368,Iraq,15,Wheat,2019,2814.400000,A,4343473.000000,A,1543316.000000,A
103,368,Iraq,15,Wheat,2023,2546.500000,A,4247726.000000,A,1668077.000000,A
103,368,Iraq,15,Wheat,1978,608.300000,A,909800.000000,A,1495650.000000,A
104,372,Ireland,15,Wheat,2023,8661.000000,A,483110.000000,A,55780.000000,A
104,372,Ireland,15,Wheat,1969,4394.600000,A,362800.000000,A,82555.000000,A
104,372,Ireland,15,Wheat,1985,6338.000000,A,495000.000000,A,78100.000000,A
104,372,Ireland,15,Wheat,1997,7721.000000,A,725000.000000,A,93900.000000,A
104,372,Ireland,15,Wheat,1984,7787.800000,A,602000.000000,A,77300.000000,A
104,372,Ireland,15,Wheat,1972,3977.300000,A,270400.000000,A,67986.000000,A
104,372,Ireland,15,Wheat,1976,3969.500000,A,200000.000000,A,50384.000000,A
105,376,Israel,15,Wheat,2014,2269.500000,A,139800.000000,A,61600.000000,A
105,376,Israel,15,Wheat,2000,1465.300000,A,94000.000000,A,64151.000000,A
105,376,Israel,15,Wheat,2023,2843.100000,A,150000.000000,A,52760.000000,A
105,376,Israel,15,Wheat,1975,2328.500000,A,243300.000000,A,104490.000000,A
105,376,Israel,15,Wheat,1999,456.400000,A,29000.000000,A,63547.000000,A
105,376,Israel,15,Wheat,1961,1047.700000,A,65900.000000,A,62900.000000,A
105,376,Israel,15,Wheat,2008,1145.700000,A,75734.000000,A,66100.000000,A
105,376,Israel,15,Wheat,1988,2393.400000,A,211000.000000,A,88160.000000,A
105,376,Israel,15,Wheat,1985,1552.200000,A,127700.000000,A,82270.000000,A
105,376,Israel,15,Wheat,1995,3037.100000,A,242000.000000,A,79680.000000,A
106,380,Italy,15,Wheat,2018,3899.900000,A,7104650.000000,A,1821730.000000,A
106,380,Italy,15,Wheat,2008,3868.900000,A,8855440.000000,A,2288849.000000,A
106,380,Italy,15,Wheat,1973,2454.300000,A,8811400.000000,A,3590200.000000,A
106,380,Italy,15,Wheat,1987,3039.000000,A,9381000.000000,A,3086861.000000,A
106,380,Italy,15,Wheat,1975,2674.600000,A,9480000.000000,A,3544500.000000,A
106,380,Italy,15,Wheat,2007,3413.700000,A,7170181.000000,A,2100437.000000,A
106,380,Italy,15,Wheat,2015,3928.000000,A,7394494.700000,A,1882516.000000,A
106,380,Italy,15,Wheat,1977,2230.800000,A,6238300.000000,A,2796438.000000,A
106,380,Italy,15,Wheat,1989,2518.400000,A,7412900.000000,A,2943542.000000,A
106,380,Italy,15,Wheat,1969,2272.400000,A,9584600.000000,A,4217920.000000,A
110,392,Japan,15,Wheat,2020,4465.200000,A,949300.000000,A,212600.000000,A
110,392,Japan,15,Wheat,1962,2540.500000,A,1631000.000000,A,642000.000000,A
110,392,Japan,15,Wheat,1964,2447.900000,A,1244000.000000,A,508200.000000,A
110,392,Japan,15,Wheat,1972,2496.900000,A,283900.000000,A,113700.000000,A
110,392,Japan,15,Wheat,2008,4220.300000,A,881200.000000,A,208800.000000,A
110,392,Japan,15,Wheat,2009,3236.700000,A,674200.000000,A,208300.000000,A
110,392,Japan,15,Wheat,2023,4721.600000,A,1094000.000000,A,231700.000000,A
110,392,Japan,15,Wheat,2013,3861.600000,A,811700.000000,A,210200.000000,A
112,400,Jordan,15,Wheat,2001,1434.500000,A,19293.000000,A,13449.000000,A
112,400,Jordan,15,Wheat,1997,1101.800000,A,41782.000000,A,37920.000000,A
112,400,Jordan,15,Wheat,2023,2204.500000,A,26697.500000,A,12110.000000,A
112,400,Jordan,15,Wheat,1972,945.200000,A,211412.000000,A,223667.000000,A
112,400,Jordan,15,Wheat,1970,243.000000,A,54155.000000,A,222839.000000,A
112,400,Jordan,15,Wheat,1993,1519.500000,A,57093.500000,A,37575.000000,A
112,400,Jordan,15,Wheat,2002,1336.700000,A,43771.000000,A,32745.000000,A
108,398,Kazakhstan,15,Wheat,2023,922.400000,A,12110913.000000,A,13129837.000000,A
108,398,Kazakhstan,15,Wheat,1995,574.800000,A,6490400.000000,A,11290900.000000,A
108,398,Kazakhstan,15,Wheat,2001,1180.300000,A,12706810.000000,A,10766100.000000,A
108,398,Kazakhstan,15,Wheat,2016,1211.100000,A,14985379.000000,A,12373452.000000,A
114,404,Kenya,15,Wheat,1990,1655.100000,A,249411.000000,A,150695.000000,A
114,404,Kenya,15,Wheat,1991,1848.400000,A,264457.000000,A,143072.000000,A
114,404,Kenya,15,Wheat,1989,1583.900000,A,243000.000000,A,153420.000000,A
114,404,Kenya,15,Wheat,2001,1989.000000,A,256997.000000,A,129209.000000,A
114,404,Kenya,15,Wheat,2004,2482.700000,A,379425.000000,A,152826.000000,A
118,414,Kuwait,15,Wheat,1997,3148.900000,A,296.000000,A,94.000000,A
118,414,Kuwait,15,Wheat,2008,2341.200000,A,398.000000,A,170.000000,A
118,414,Kuwait,15,Wheat,2011,4133.300000,A,62.000000,A,15.000000,A
118,414,Kuwait,15,Wheat,1967,,,0.000000,A,0.000000,A
118,414,Kuwait,15,Wheat,1991,3000.000000,E,3.000000,E,1.000000,E
118,414,Kuwait,15,Wheat,1989,3160.000000,E,79.000000,E,25.000000,E
113,417,Kyrgyzstan,15,Wheat,2022,2542.300000,A,592507.000000,A,233057.000000,A
113,417,Kyrgyzstan,15,Wheat,2000,2342.000000,A,1039109.000000,A,443688.000000,A
119,428,Latvia,15,Wheat,2000,2703.400000,A,427400.000000,A,158100.000000,A
119,428,Latvia,15,Wheat,2010,3284.900000,A,989400.000000,A,301200.000000,A
119,428,Latvia,15,Wheat,2022,4724.500000,A,2539400.000000,A,537500.000000,A
121,422,Lebanon,15,Wheat,2024,2970.300000,E,94000.000000,X,31647.000000,I
121,422,Lebanon,15,Wheat,2012,3124.500000,E,150000.000000,X,48007.000000,I
121,422,Lebanon,15,Wheat,2017,3015.600000,A,125797.000000,A,41715.000000,A
121,422,Lebanon,15,Wheat,2021,2915.900000,X,150232.000000,X,51522.000000,X
122,426,Lesotho,15,Wheat,2015,849.900000,A,7069.000000,A,8317.000000,A
122,426,Lesotho,15,Wheat,1978,1359.000000,A,57906.000000,A,42610.000000,A
122,426,Lesotho,15,Wheat,1984,580.300000,A,17127.000000,A,29513.000000,A
122,426,Lesotho,15,Wheat,1981,852.500000,A,16993.000000,A,19932.000000,A
122,426,Lesotho,15,Wheat,1990,811.800000,A,33162.000000,A,40851.000000,A
122,426,Lesotho,15,Wheat,1982,605.300000,A,14462.000000,A,23894.000000,A
124,434,Libya,15,Wheat,2015,766.200000,E,160000.000000,X,208819.000000,I
124,434,Libya,15,Wheat,1967,271.000000,A,62221.000000,A,229556.000000,A
124,434,Libya,15,Wheat,2016,758.700000,E,200000.000000,X,263598.000000,I
124,434,Libya,15,Wheat,1963,227.300000,A,34100.000000,A,150000.000000,A
124,434,Libya,15,Wheat,1974,291.500000,A,38682.000000,A,132681.000000,A
124,434,Libya,15,Wheat,2019,773.700000,A,140000.000000,A,180940.000000,A
124,434,Libya,15,Wheat,1961,282.900000,A,29992.000000,A,106000.000000,A
126,440,Lithuania,15,Wheat,2002,3633.500000,A,1217600.000000,A,335100.000000,A
126,440,Lithuania,15,Wheat,2013,4302.200000,A,2871300.000000,A,667400.000000,A
126,440,Lithuania,15,Wheat,2015,5238.400000,A,4380330.000000,A,836200.000000,A
126,440,Lithuania,15,Wheat,2011,3391.900000,A,1869300.000000,A,551100.000000,A
256,442,Luxembourg,15,Wheat,2013,6367.600000,A,91057.000000,A,14300.000000,A
256,442,Luxembourg,15,Wheat,2024,5181.700000,A,65860.000000,A,12710.000000,A
256,442,Luxembourg,15,Wheat,2010,5958.600000,A,83474.000000,A,14009.000000,A
256,442,Luxembourg,15,Wheat,2000,5576.900000,A,61184.000000,A,10971.000000,A
129,450,Madagascar,15,Wheat,2019,2404.000000,E,5000.000000,X,2080.000000,I
129,450,Madagascar,15,Wheat,1973,,,0.000000,A,0.000000,A
129,450,Madagascar,15,Wheat,1998,2500.000000,E,10000.000000,E,4000.000000,E
129,450,Madagascar,15,Wheat,1999,2367.200000,E,10000.000000,E,4224.000000,I
129,450,Madagascar,15,Wheat,2003,2347.900000,E,8814.950000,I,3754.000000,I
129,450,Madagascar,15,Wheat,2021,2405.900000,E,1000.000000,X,416.000000,I
129,450,Madagascar,15,Wheat,2013,2402.200000,E,5000.000000,X,2081.000000,I
129,450,Madagascar,15,Wheat,2017,2399.400000,E,5000.000000,X,2084.000000,I
129,450,Madagascar,15,Wheat,1996,2000.000000,E,4000.000000,X,2000.000000,E
130,454,Malawi,15,Wheat,1972,2137.500000,E,855.000000,A,400.000000,E
130,454,Malawi,15,Wheat,1962,1500.000000,E,150.000000,E,100.000000,E
130,454,Malawi,15,Wheat,1987,661.000000,A,1669.000000,A,2525.000000,A
130,454,Malawi,15,Wheat,1977,2035.000000,E,407.000000,A,200.000000,E
130,454,Malawi,15,Wheat,1967,2546.700000,E,764.000000,A,300.000000,E
130,454,Malawi,15,Wheat,1980,1250.000000,E,500.000000,E,400.000000,E
133,466,Mali,15,Wheat,2013,3975.400000,A,27430.000000,A,6900.000000,A
133,466,Mali,15,Wheat,1973,1333.300000,E,2000.000000,E,1500.000000,E
133,466,Mali,15,Wheat,2011,3437.800000,A,33842.000000,A,9844.000000,A
133,466,Mali,15,Wheat,1992,1398.700000,A,1256.000000,A,898.000000,A
133,466,Mali,15,Wheat,2017,6231.100000,A,28015.000000,A,4496.000000,A
133,466,Mali,15,Wheat,1964,1111.100000,E,2000.000000,A,1800.000000,E
134,470,Malta,15,Wheat,2008,4833.300000,E,14500.000000,E,3000.000000,E
134,470,Malta,15,Wheat,1993,2900.000000,E,5800.000000,E,2000.000000,E
134,470,Malta,15,Wheat,1996,3818.200000,A,4200.000000,A,1100.000000,A
134,470,Malta,15,Wheat,2012,4743.900000,E,12172.610000,I,2566.000000,I
134,470,Malta,15,Wheat,2013,4778.000000,E,11864.980000,I,2483.000000,I
136,478,Mauritania,15,Wheat,1982,688.900000,A,310.000000,A,450.000000,A
136,478,Mauritania,15,Wheat,1972,555.600000,E,200.000000,E,360.000000,E
136,478,Mauritania,15,Wheat,2006,2102.600000,A,574.000000,A,273.000000,A
136,478,Mauritania,15,Wheat,1983,695.700000,A,320.000000,A,460.000000,A
136,478,Mauritania,15,Wheat,2019,2148.600000,E,7378.730000,I,3434.000000,I
136,478,Mauritania,15,Wheat,1992,1234.000000,E,580.000000,E,470.000000,E
138,484,Mexico,15,Wheat,2021,5994.400000,A,3283613.730000,A,547779.000000,A
138,484,Mexico,15,Wheat,1965,2505.500000,A,2150354.000000,A,858259.000000,A
138,484,Mexico,15,Wheat,2013,5293.400000,A,3357307.000000,A,634241.000000,A
138,484,Mexico,15,Wheat,2022,6060.300000,A,3610847.350000,A,595823.000000,A
138,484,Mexico,15,Wheat,1978,3666.300000,A,2784660.000000,A,759526.000000,A
141,496,Mongolia,15,Wheat,1983,1457.900000,A,647600.000000,A,444200.000000,A
141,496,Mongolia,15,Wheat,1974,820.300000,A,250200.000000,A,305000.000000,A
141,496,Mongolia,15,Wheat,1970,719.000000,A,250200.000000,A,348000.000000,A
141,496,Mongolia,15,Wheat,2019,1281.500000,A,411414.780000,A,321040.000000,A
141,496,Mongolia,15,Wheat,1985,1428.200000,A,688500.000000,A,482070.000000,A
141,496,Mongolia,15,Wheat,2024,1250.300000,A,397258.230000,A,317739.000000,A
141,496,Mongolia,15,Wheat,1996,662.800000,A,215282.000000,A,324817.000000,A
141,496,Mongolia,15,Wheat,2018,1416.400000,A,436114.890000,A,307897.000000,A
141,496,Mongolia,15,Wheat,2011,1496.100000,A,435889.000000,A,291350.000000,A
141,496,Mongolia,15,Wheat,1991,1014.500000,A,538200.000000,A,530490.000000,A
273,499,Montenegro,15,Wheat,2021,2846.300000,A,2055.000000,A,722.000000,A
273,499,Montenegro,15,Wheat,2011,3202.400000,A,1614.000000,A,504.000000,A
143,504,Morocco,15,Wheat,2015,2466.400000,A,8074658.890000,A,3273869.000000,A
143,504,Morocco,15,Wheat,1995,554.300000,A,1090710.000000,A,1967900.000000,A
143,504,Morocco,15,Wheat,2001,1228.000000,A,3316380.000000,A,2700600.000000,A
143,504,Morocco,15,Wheat,1987,1060.800000,A,2427360.000000,A,2288200.000000,A
143,504,Morocco,15,Wheat,1974,966.600000,A,1853000.000000,A,1917000.000000,A
143,504,Morocco,15,Wheat,1991,1869.900000,A,4938920.000000,A,2641300.000000,A
143,504,Morocco,15,Wheat,1964,941.200000,A,1440000.000000,A,1530000.000000,A
143,504,Morocco,15,Wheat,2019,1606.300000,A,4025302.520000,A,2505987.000000,A
143,504,Morocco,15,Wheat,1979,1084.300000,A,1796000.000000,A,1656400.000000,A
144,508,Mozambique,15,Wheat,1963,952.400000,E,14000.000000,E,14700.000000,E
144,508,Mozambique,15,Wheat,1987,750.000000,E,3000.000000,E,4000.000000,E
144,508,Mozambique,15,Wheat,2024,312.500000,X,5000.000000,X,16000.000000,X
144,508,Mozambique,15,Wheat,1999,1137.200000,E,1429.090000,I,1257.000000,I
144,508,Mozambique,15,Wheat,1961,765.200000,E,8800.000000,E,11500.000000,E
144,508,Mozambique,15,Wheat,1970,920.200000,E,9202.000000,A,10000.000000,E
144,508,Mozambique,15,Wheat,2015,1078.700000,A,20280.000000,A,18800.000000,A
144,508,Mozambique,15,Wheat,2005,1107.100000,E,6200.000000,E,5600.000000,E
144,508,Mozambique,15,Wheat,1983,1500.000000,E,6000.000000,E,4000.000000,E
28,104,Myanmar,15,Wheat,2015,1861.600000,A,179300.000000,A,96315.000000,A
28,104,Myanmar,15,Wheat,1980,1106.400000,A,90852.000000,A,82114.000000,A
28,104,Myanmar,15,Wheat,2021,1861.800000,A,99607.000000,A,53500.000000,A
28,104,Myanmar,15,Wheat,2008,1711.700000,A,170400.000000,A,99553.000000,A
28,104,Myanmar,15,Wheat,2010,1781.900000,A,181000.000000,A,101576.000000,A
28,104,Myanmar,15,Wheat,1972,549.900000,A,26904.000000,A,48925.000000,A
28,104,Myanmar,15,Wheat,1984,1594.200000,A,213557.000000,A,133961.000000,A
147,516,Namibia,15,Wheat,1961,986.700000,A,592.000000,A,600.000000,A
147,516,Namibia,15,Wheat,1975,2000.000000,E,800.000000,E,400.000000,E
147,516,Namibia,15,Wheat,1962,1205.000000,A,482.000000,A,400.000000,A
147,516,Namibia,15,Wheat,2021,5560.000000,A,11498.000000,A,2068.000000,A
147,516,Namibia,15,Wheat,1982,3125.000000,E,2500.000000,E,800.000000,E
149,524,Nepal,15,Wheat,1974,1125.800000,A,308389.000000,A,273925.000000,A
149,524,Nepal,15,Wheat,2010,2128.900000,A,1556539.000000,A,731131.000000,A
150,528,Netherlands (Kingdom of the),15,Wheat,2008,8729.500000,A,1366162.000000,A,156500.000000,A
150,528,Netherlands (Kingdom of the),15,Wheat,2007,7271.400000,A,1018000.000000,A,140000.000000,A
150,528,Netherlands (Kingdom of the),15,Wheat,2004,8914.900000,A,1223900.000000,A,137287.000000,A
150,528,Netherlands (Kingdom of the),15,Wheat,1993,8771.200000,A,1035000.000000,A,118000.000000,A
153,540,New Caledonia,15,Wheat,2006,,,0.000000,A,0.000000,E
153,540,New Caledonia,15,Wheat,1993,1851.900000,E,96.000000,A,52.000000,I
153,540,New Caledonia,15,Wheat,1990,731.700000,E,150.000000,A,205.000000,E
153,540,New Caledonia,15,Wheat,2013,1919.400000,E,41.000000,A,21.000000,I
153,540,New Caledonia,15,Wheat,2011,,,0.000000,A,0.000000,I
153,540,New Caledonia,15,Wheat,1984,732.700000,A,244.000000,A,333.000000,A
156,554,New Zealand,15,Wheat,2015,8672.200000,A,413533.000000,A,47685.000000,A
156,554,New Zealand,15,Wheat,2020,9933.200000,A,453749.000000,A,45680.000000,A
156,554,New Zealand,15,Wheat,1988,4070.100000,A,205984.000000,A,50609.000000,A
158,562,Niger,15,Wheat,2022,2934.200000,E,5774.510000,I,1968.000000,I
158,562,Niger,15,Wheat,2007,1489.400000,E,7000.000000,A,4700.000000,E
158,562,Niger,15,Wheat,2015,2066.400000,A,8090.000000,A,3915.000000,A
158,562,Niger,15,Wheat,2005,1744.300000,E,9000.000000,X,5160.000000,I
158,562,Niger,15,Wheat,1971,906.300000,A,290.000000,A,320.000000,A
158,562,Niger,15,Wheat,2004,1718.800000,E,6239.060000,I,3630.000000,I
158,562,Niger,15,Wheat,1995,3444.400000,A,3100.000000,A,900.000000,A
158,562,Niger,15,Wheat,1984,1910.600000,A,8330.000000,A,4360.000000,A
159,566,Nigeria,15,Wheat,1998,2000.000000,A,98000.000000,A,49000.000000,A
159,566,Nigeria,15,Wheat,2006,1127.000000,A,71000.000000,A,63000.000000,A
159,566,Nigeria,15,Wheat,1990,833.300000,X,50000.000000,X,60000.000000,X
159,566,Nigeria,15,Wheat,1970,1727.300000,A,19000.000000,A,11000.000000,A
159,566,Nigeria,15,Wheat,1971,1739.100000,E,20000.000000,A,11500.000000,E
154,807,North Macedonia,15,Wheat,2000,2471.900000,A,299356.000000,A,121103.000000,A
154,807,North Macedonia,15,Wheat,2014,3755.000000,A,287954.000000,A,76686.000000,A
162,578,Norway,15,Wheat,1980,4187.900000,A,65000.000000,A,15521.000000,A
162,578,Norway,15,Wheat,1978,3891.500000,A,79806.000000,A,20508.000000,A
162,578,Norway,15,Wheat,2007,4397.300000,A,401100.000000,A,91215.000000,A
162,578,Norway,15,Wheat,2010,4597.500000,A,331400.000000,A,72082.000000,A
162,578,Norway,15,Wheat,2021,4165.600000,A,264900.000000,A,63593.000000,A
162,578,Norway,15,Wheat,1977,3716.500000,A,77998.000000,A,20987.000000,A
162,578,Norway,15,Wheat,1969,2902.600000,A,11111.000000,A,3828.000000,A
162,578,Norway,15,Wheat,2022,5103.400000,A,384000.000000,A,75244.000000,A
162,578,Norway,15,Wheat,1983,4234.500000,A,96800.000000,A,22860.000000,A
221,512,Oman,15,Wheat,1984,3778.100000,A,1141.000000,A,302.000000,A
221,512,Oman,15,Wheat,1964,1363.600000,E,1500.000000,E,1100.000000,E
221,512,Oman,15,Wheat,1972,1666.700000,E,2000.000000,X,1200.000000,A
221,512,Oman,15,Wheat,1971,1666.700000,E,2000.000000,X,1200.000000,A
221,512,Oman,15,Wheat,2004,3088.800000,A,1200.000000,A,389.000000,A
221,512,Oman,15,Wheat,1999,3000.000000,A,1050.000000,A,350.000000,A
221,512,Oman,15,Wheat,1963,1363.600000,E,1500.000000,E,1100.000000,E
165,586,Pakistan,15,Wheat,1999,2169.800000,A,17857600.000000,A,8229900.000000,A
165,586,Pakistan,15,Wheat,2007,2715.600000,A,23294600.000000,A,8578000.000000,A
299,275,Palestine,15,Wheat,1997,1515.000000,A,28310.000000,A,18687.000000,A
299,275,Palestine,15,Wheat,2016,2571.500000,A,37030.000000,A,14400.000000,A
299,275,Palestine,15,Wheat,2005,2089.800000,A,44720.000000,A,21399.000000,A
169,600,Paraguay,15,Wheat,1961,900.000000,A,7200.000000,A,8000.000000,A
169,600,Paraguay,15,Wheat,1992,1657.100000,A,259337.000000,A,156498.000000,A
169,600,Paraguay,15,Wheat,1969,914.100000,A,31376.000000,A,34323.000000,A
169,600,Paraguay,15,Wheat,1994,2149.400000,A,375679.000000,A,174786.000000,A
169,600,Paraguay,15,Wheat,2014,1500.000000,A,840000.000000,A,560000.000000,A
170,604,Peru,15,Wheat,1999,1287.700000,A,169613.000000,A,131720.000000,A
170,604,Peru,15,Wheat,1984,1030.000000,A,87442.000000,A,84892.000000,A
170,604,Peru,15,Wheat,1983,947.400000,A,83720.000000,A,88368.000000,A
170,604,Peru,15,Wheat,1966,925.300000,A,145002.000000,A,156710.000000,A
170,604,Peru,15,Wheat,1987,1275.800000,A,130690.000000,A,102435.000000,A
170,604,Peru,15,Wheat,1977,1002.300000,A,115385.000000,A,115124.000000,A
173,616,Poland,15,Wheat,2017,4877.300000,A,11665702.000000,A,2391853.000000,A
173,616,Poland,15,Wheat,2023,5280.000000,A,12932390.000000,A,2449330.000000,A
173,616,Poland,15,Wheat,2019,4303.500000,A,10807490.000000,A,2511330.000000,A
173,616,Poland,15,Wheat,2009,4172.500000,A,9789586.000000,A,2346200.000000,A
173,616,Poland,15,Wheat,2024,5107.000000,A,12183620.000000,A,2385690.000000,A
173,616,Poland,15,Wheat,1988,3480.200000,A,7582141.000000,A,2178661.000000,A
173,616,Poland,15,Wheat,2006,3244.700000,A,7059671.000000,A,2175725.000000,A
173,616,Poland,15,Wheat,1978,3255.100000,A,6029398.000000,A,1852302.000000,A
173,616,Poland,15,Wheat,2002,3853.900000,A,9304000.000000,A,2414175.000000,A
173,616,Poland,15,Wheat,1968,2476.800000,A,4567000.000000,A,1843900.000000,A
174,620,Portugal,15,Wheat,1963,800.200000,A,591964.000000,A,739797.000000,A
174,620,Portugal,15,Wheat,1980,1220.500000,A,432775.000000,A,354575.000000,A
174,620,Portugal,15,Wheat,2000,1567.800000,A,354710.000000,A,226250.000000,A
174,620,Portugal,15,Wheat,1985,1395.300000,A,397267.000000,A,284715.000000,A
174,620,Portugal,15,Wheat,2006,2384.700000,A,249580.000000,A,104660.000000,A
174,620,Portugal,15,Wheat,1974,1176.300000,A,546295.000000,A,464400.000000,A
174,620,Portugal,15,Wheat,1986,1581.400000,A,501894.000000,A,317376.000000,A
174,620,Portugal,15,Wheat,1961,651.500000,A,429643.000000,A,659517.000000,A
174,620,Portugal,15,Wheat,1998,1015.100000,A,150938.000000,A,148687.000000,A
174,620,Portugal,15,Wheat,2001,837.100000,A,153604.000000,A,183488.000000,A
179,634,Qatar,15,Wheat,1990,2299.600000,A,637.000000,A,277.000000,A
179,634,Qatar,15,Wheat,1977,1285.700000,A,54.000000,A,42.000000,A
179,634,Qatar,15,Wheat,1989,2333.300000,A,105.000000,A,45.000000,A
179,634,Qatar,15,Wheat,2005,2333.300000,A,21.000000,A,9.000000,A
179,634,Qatar,15,Wheat,2002,2272.700000,A,25.000000,A,11.000000,A
179,634,Qatar,15,Wheat,1982,3227.800000,A,255.000000,A,79.000000,A
179,634,Qatar,15,Wheat,1985,2333.300000,A,140.000000,A,60.000000,A
179,634,Qatar,15,Wheat,2023,3000.000000,A,2.400000,A,1.000000,A
179,634,Qatar,15,Wheat,2018,2500.000000,A,15.000000,A,6.000000,A
179,634,Qatar,15,Wheat,1963,,,0.000000,A,0.000000,A
179,634,Qatar,15,Wheat,2011,2363.600000,A,26.000000,A,11.000000,A
179,634,Qatar,15,Wheat,1995,2296.900000,A,147.000000,A,64.000000,A
117,410,Republic of Korea,15,Wheat,1990,3023.800000,A,889.000000,A,294.000000,A
117,410,Republic of Korea,15,Wheat,1984,2688.700000,A,17237.000000,A,6411.000000,A
117,410,Republic of Korea,15,Wheat,2009,3706.700000,A,18782.000000,A,5067.000000,A
117,410,Republic of Korea,15,Wheat,2021,4229.400000,A,26324.000000,A,6224.000000,A
117,410,Republic of Korea,15,Wheat,1997,4044.100000,A,7433.000000,A,1838.000000,A
117,410,Republic of Korea,15,Wheat,1970,2260.000000,A,218633.000000,A,96740.000000,A
183,642,Romania,15,Wheat,2005,2998.500000,A,7340664.000000,A,2448129.000000,A
183,642,Romania,15,Wheat,1981,2501.400000,A,5281000.000000,A,2111246.000000,A
183,642,Romania,15,Wheat,2000,2299.600000,A,4434438.000000,A,1928328.000000,A
183,642,Romania,15,Wheat,1972,2393.900000,A,6040800.000000,A,2523400.000000,A
183,642,Romania,15,Wheat,2024,4090.700000,A,9290880.000000,A,2271230.000000,A
183,642,Romania,15,Wheat,1994,2543.500000,A,6135299.000000,A,2412120.000000,A
185,643,Russian Federation,15,Wheat,1998,1359.400000,A,26994700.000000,A,19858200.000000,A
185,643,Russian Federation,15,Wheat,2009,2318.200000,A,61739751.000000,A,26632864.000000,A
184,646,Rwanda,15,Wheat,1980,705.900000,A,2175.000000,A,3081.000000,A
184,646,Rwanda,15,Wheat,1984,837.000000,A,3070.000000,A,3668.000000,A
184,646,Rwanda,15,Wheat,2007,894.800000,A,24633.000000,A,27528.000000,A
184,646,Rwanda,15,Wheat,2005,908.300000,A,21942.000000,A,24157.000000,A
184,646,Rwanda,15,Wheat,2022,1158.700000,A,13877.290000,A,11977.000000,A
184,646,Rwanda,15,Wheat,1969,849.900000,A,810.000000,A,953.000000,A
184,646,Rwanda,15,Wheat,1964,395.300000,A,321.000000,A,812.000000,A
194,682,Saudi Arabia,15,Wheat,2014,5880.000000,A,718530.000000,A,122199.000000,A
194,682,Saudi Arabia,15,Wheat,2023,6256.100000,A,1314427.110000,A,210102.000000,A
194,682,Saudi Arabia,15,Wheat,2015,6142.000000,A,693776.000000,A,112956.000000,A
194,682,Saudi Arabia,15,Wheat,2003,4884.900000,A,2524278.000000,A,516747.000000,A
194,682,Saudi Arabia,15,Wheat,1993,4488.600000,A,3429980.000000,A,764150.000000,A
194,682,Saudi Arabia,15,Wheat,2022,6800.000000,A,800000.000000,A,117647.000000,A
194,682,Saudi Arabia,15,Wheat,2013,6433.300000,A,660145.000000,A,102613.000000,A
194,682,Saudi Arabia,15,Wheat,1984,3468.700000,A,1401644.000000,A,404079.000000,A
272,688,Serbia,15,Wheat,2016,4847.000000,A,2884537.000000,A,595118.000000,A
272,688,Serbia,15,Wheat,2011,4211.400000,A,2076237.000000,A,493006.000000,A
199,703,Slovakia,15,Wheat,2014,5464.000000,A,2072405.300000,A,379283.000000,A
199,703,Slovakia,15,Wheat,2008,4869.300000,A,1819479.000000,A,373662.000000,A
199,703,Slovakia,15,Wheat,2010,3464.600000,A,1185286.000000,A,342115.000000,A
199,703,Slovakia,15,Wheat,2021,5609.000000,A,2002240.000000,A,356970.000000,A
199,703,Slovakia,15,Wheat,2006,3846.100000,A,1342693.000000,A,349105.000000,A
198,705,Slovenia,15,Wheat,2019,5230.500000,A,139810.000000,A,26730.000000,A
198,705,Slovenia,15,Wheat,1997,4155.700000,A,138930.000000,A,33431.000000,A
198,705,Slovenia,15,Wheat,2024,5470.400000,A,153390.000000,A,28040.000000,A
198,705,Slovenia,15,Wheat,2011,5177.000000,A,153575.000000,A,29665.000000,A
201,706,Somalia,15,Wheat,2019,397.900000,E,1053.380000,I,2647.000000,I
201,706,Somalia,15,Wheat,1990,370.000000,E,925.000000,E,2500.000000,E
201,706,Somalia,15,Wheat,1977,0.000000,E,0.000000,A,3500.000000,E
201,706,Somalia,15,Wheat,2001,365.400000,E,950.000000,E,2600.000000,A
201,706,Somalia,15,Wheat,2003,376.300000,E,964.490000,I,2563.000000,I
201,706,Somalia,15,Wheat,2020,398.200000,E,1057.130000,I,2655.000000,I
202,710,South Africa,15,Wheat,1992,1765.300000,A,1324000.000000,A,750000.000000,A
202,710,South Africa,15,Wheat,1971,830.800000,A,1670000.000000,A,2010000.000000,A
202,710,South Africa,15,Wheat,1990,1093.400000,A,1709000.000000,A,1563000.000000,A
202,710,South Africa,15,Wheat,1962,512.700000,A,705000.000000,A,1375000.000000,A
202,710,South Africa,15,Wheat,1972,865.600000,A,1746000.000000,A,2017000.000000,A
202,710,South Africa,15,Wheat,1987,1803.300000,A,3154000.000000,A,1749000.000000,A
202,710,South Africa,15,Wheat,1979,1096.700000,A,2087000.000000,A,1903000.000000,A
202,710,South Africa,15,Wheat,1974,855.800000,A,1596000.000000,A,1865000.000000,A
203,724,Spain,15,Wheat,1973,1258.400000,A,3967300.000000,A,3152700.000000,A
203,724,Spain,15,Wheat,2013,3644.700000,A,7744900.000000,A,2125000.000000,A
203,724,Spain,15,Wheat,1972,1271.800000,A,4562500.000000,A,3587500.000000,A
203,724,Spain,15,Wheat,2008,3248.300000,A,6714300.000000,A,2067000.000000,A
203,724,Spain,15,Wheat,1982,1656.800000,A,4410300.000000,A,2662000.000000,A
203,724,Spain,15,Wheat,1990,2378.900000,A,4773500.000000,A,2006600.000000,A
203,724,Spain,15,Wheat,2004,3262.800000,A,7096724.000000,A,2175028.000000,A
203,724,Spain,15,Wheat,1969,1227.100000,A,4626000.000000,A,3770000.000000,A
203,724,Spain,15,Wheat,1970,1081.300000,A,4062000.000000,A,3756700.000000,A
203,724,Spain,15,Wheat,1985,2607.900000,A,5328688.000000,A,2043285.000000,A
206,736,Sudan (former),15,Wheat,1986,1316.100000,A,199000.000000,A,151200.000000,A
206,736,Sudan (former),15,Wheat,1997,1949.700000,A,642000.000000,A,329280.000000,A
206,736,Sudan (former),15,Wheat,1967,1082.500000,A,78446.000000,A,72465.000000,A
206,736,Sudan (former),15,Wheat,2004,2416.700000,X,435000.000000,X,180000.000000,X
206,736,Sudan (former),15,Wheat,1969,1117.300000,A,123200.000000,A,110270.000000,A
210,752,Sweden,15,Wheat,1974,5304.100000,A,1793100.000000,A,338062.000000,A
210,752,Sweden,15,Wheat,2021,6319.400000,A,3027800.000000,A,479130.000000,A
210,752,Sweden,15,Wheat,1981,4770.700000,A,1066310.000000,A,223511.000000,A
210,752,Sweden,15,Wheat,1993,5899.300000,A,1746200.000000,A,296000.000000,A
210,752,Sweden,15,Wheat,1990,6449.400000,A,2242900.000000,A,347770.000000,A
210,752,Sweden,15,Wheat,2023,5454.300000,A,2768200.000000,A,507530.000000,A
210,752,Sweden,15,Wheat,1985,4830.300000,A,1338000.000000,A,277000.000000,A
211,756,Switzerland,15,Wheat,2015,5988.200000,A,527257.000000,A,88049.000000,A
211,756,Switzerland,15,Wheat,1997,5978.700000,A,584588.000000,A,97778.000000,A
211,756,Switzerland,15,Wheat,2021,5139.500000,A,459090.000000,A,89326.000000,A
211,756,Switzerland,15,Wheat,1969,3526.000000,A,378900.000000,A,107460.000000,A
211,756,Switzerland,15,Wheat,2008,6001.400000,A,549084.000000,A,91492.000000,A
212,760,Syrian Arab Republic,15,Wheat,1987,1400.100000,A,1656350.000000,A,1183034.000000,A
212,760,Syrian Arab Republic,15,Wheat,2016,1429.900000,A,1626588.000000,A,1137578.000000,A
212,760,Syrian Arab Republic,15,Wheat,2015,2338.500000,A,2677156.000000,A,1144806.000000,A
212,760,Syrian Arab Republic,15,Wheat,1965,860.000000,A,1044000.000000,A,1214000.000000,A
212,760,Syrian Arab Republic,15,Wheat,1983,1249.300000,A,1611988.000000,A,1290353.000000,A
212,760,Syrian Arab Republic,15,Wheat,2008,1439.700000,A,2139300.000000,A,1485900.000000,A
212,760,Syrian Arab Republic,15,Wheat,2017,1581.900000,A,1850740.180000,A,1169911.000000,A
208,762,Tajikistan,15,Wheat,2000,1183.900000,A,406196.000000,A,343102.000000,A
208,762,Tajikistan,15,Wheat,1996,856.600000,A,239000.000000,A,279000.000000,A
216,764,Thailand,15,Wheat,1976,,,0.000000,A,0.000000,A
216,764,Thailand,15,Wheat,1984,,,0.000000,A,0.000000,A
216,764,Thailand,15,Wheat,1997,685.200000,E,750.000000,X,1095.000000,I
216,764,Thailand,15,Wheat,2007,808.300000,E,1013.610000,I,1254.000000,I
222,788,Tunisia,15,Wheat,1999,1418.400000,E,1390000.000000,A,980000.000000,E
222,788,Tunisia,15,Wheat,1964,766.700000,E,690000.000000,E,900000.000000,E
222,788,Tunisia,15,Wheat,1982,1282.900000,A,916000.000000,A,714000.000000,A
222,788,Tunisia,15,Wheat,2013,1461.400000,A,975490.000000,A,667500.000000,A
213,795,Turkmenistan,15,Wheat,2006,3524.300000,X,3260000.000000,X,925000.000000,X
213,795,Turkmenistan,15,Wheat,2018,1426.600000,A,1086552.000000,A,761639.000000,A
223,792,Türkiye,15,Wheat,2012,2672.300000,A,20100000.000000,A,7521690.000000,A
223,792,Türkiye,15,Wheat,2010,2440.000000,A,19674000.000000,A,8063070.000000,A
223,792,Türkiye,15,Wheat,1991,2128.800000,A,20400000.000000,A,9582839.000000,A
223,792,Türkiye,15,Wheat,1986,2034.200000,A,19032000.000000,A,9355932.000000,A
223,792,Türkiye,15,Wheat,1993,2164.200000,A,21000000.000000,A,9703487.000000,A
223,792,Türkiye,15,Wheat,2002,2100.600000,A,19500000.000000,A,9282910.000000,A
228,810,USSR,15,Wheat,1989,1828.300000,A,87162000.000000,A,47675008.000000,A
226,800,Uganda,15,Wheat,1998,1800.000000,A,9000.000000,A,5000.000000,A
226,800,Uganda,15,Wheat,2003,1666.700000,A,15000.000000,A,9000.000000,A
226,800,Uganda,15,Wheat,1963,,,0.000000,A,0.000000,A
226,800,Uganda,15,Wheat,1978,2106.100000,A,13900.000000,A,6600.000000,A
226,800,Uganda,15,Wheat,1991,1800.000000,A,9000.000000,A,5000.000000,A
226,800,Uganda,15,Wheat,2010,1666.700000,A,20000.000000,A,12000.000000,A
230,804,Ukraine,15,Wheat,2022,3924.900000,A,20729240.000000,A,5281500.000000,A
225,784,United Arab Emirates,15,Wheat,1991,1594.100000,A,2466.000000,A,1547.000000,A
225,784,United Arab Emirates,15,Wheat,2007,3000.000000,A,30.000000,A,10.000000,A
225,784,United Arab Emirates,15,Wheat,1993,858.600000,A,765.000000,A,891.000000,A
225,784,United Arab Emirates,15,Wheat,1999,4156.900000,A,212.000000,A,51.000000,A
225,784,United Arab Emirates,15,Wheat,2024,,,,M,,M
225,784,United Arab Emirates,15,Wheat,1994,1855.400000,A,1052.000000,A,567.000000,A
225,784,United Arab Emirates,15,Wheat,1988,808.300000,A,544.000000,A,673.000000,A
229,826,United Kingdom of Great Britain and Northern Ireland,15,Wheat,1996,8131.500000,A,16071178.000000,A,1976422.000000,A
229,826,United Kingdom of Great Britain and Northern Ireland,15,Wheat,1970,4193.900000,A,4237460.000000,A,1010392.000000,A
229,826,United Kingdom of Great Britain and Northern Ireland,15,Wheat,1975,4334.400000,A,4488000.000000,A,1035432.000000,A
229,826,United Kingdom of Great Britain and Northern Ireland,15,Wheat,1999,8049.500000,A,14866478.000000,A,1846874.000000,A
229,826,United Kingdom of Great Britain and Northern Ireland,15,Wheat,1965,4065.300000,A,4171000.000000,A,1026000.000000,A
229,826,United Kingdom of Great Britain and Northern Ireland,15,Wheat,2000,8007.500000,A,16703526.000000,A,2085990.000000,A
229,826,United Kingdom of Great Britain and Northern Ireland,15,Wheat,1987,5988.000000,A,11940000.000000,A,1994000.000000,A
229,826,United Kingdom of Great Britain and Northern Ireland,15,Wheat,1989,6736.900000,A,14033000.000000,A,2083000.000000,A
215,834,United Republic of Tanzania,15,Wheat,2015,846.800000,A,72483.000000,A,85599.000000,A
215,834,United Republic of Tanzania,15,Wheat,1984,1595.800000,A,83000.000000,A,52010.000000,A
215,834,United Republic of Tanzania,15,Wheat,2018,1090.100000,A,56651.000000,A,51968.000000,A
215,834,United Republic of Tanzania,15,Wheat,1988,1415.300000,A,76000.000000,A,53700.000000,A
215,834,United Republic of Tanzania,15,Wheat,2002,2510.600000,A,77000.000000,A,30670.000000,A
215,834,United Republic of Tanzania,15,Wheat,1990,2038.100000,A,106000.000000,A,52010.000000,A
231,840,United States of America,15,Wheat,1998,2903.400000,A,69327000.000000,A,23878000.000000,A
234,858,Uruguay,15,Wheat,1985,1162.700000,A,246143.000000,A,211708.000000,A
234,858,Uruguay,15,Wheat,1973,1048.200000,A,296844.000000,A,283202.000000,A
234,858,Uruguay,15,Wheat,1981,1310.700000,A,387768.000000,A,295850.000000,A
235,860,Uzbekistan,15,Wheat,1993,1358.500000,A,947400.000000,A,697400.000000,A
235,860,Uzbekistan,15,Wheat,2009,4901.300000,A,6639800.000000,A,1354700.000000,A
235,860,Uzbekistan,15,Wheat,2019,4649.300000,A,6093462.000000,A,1310630.000000,A
235,860,Uzbekistan,15,Wheat,1995,2142.100000,A,2494100.000000,A,1164300.000000,A
236,862,Venezuela (Bolivarian Republic of),15,Wheat,1969,372.100000,A,486.000000,A,1306.000000,A
236,862,Venezuela (Bolivarian Republic of),15,Wheat,1994,483.200000,E,310.000000,A,642.000000,I
236,862,Venezuela (Bolivarian Republic of),15,Wheat,2003,2980.400000,A,152.000000,A,51.000000,A
236,862,Venezuela (Bolivarian Republic of),15,Wheat,2013,2981.500000,A,161.000000,A,54.000000,A
236,862,Venezuela (Bolivarian Republic of),15,Wheat,2011,3000.000000,A,204.000000,A,68.000000,A
236,862,Venezuela (Bolivarian Republic of),15,Wheat,1962,525.800000,A,622.000000,A,1183.000000,A
236,862,Venezuela (Bolivarian Republic of),15,Wheat,1987,331.200000,A,306.000000,A,924.000000,A
236,862,Venezuela (Bolivarian Republic of),15,Wheat,2017,2798.000000,A,584.440000,A,209.000000,A
249,887,Yemen,15,Wheat,2020,1729.200000,E,130000.000000,X,75179.000000,I
249,887,Yemen,15,Wheat,2019,1745.900000,A,100332.000000,A,57466.000000,A
249,887,Yemen,15,Wheat,2000,1624.600000,A,141884.000000,A,87334.000000,A
249,887,Yemen,15,Wheat,2024,1537.300000,E,98000.000000,X,63748.000000,I
249,887,Yemen,15,Wheat,2017,1558.800000,A,95651.000000,A,61362.000000,A
249,887,Yemen,15,Wheat,1973,1107.100000,A,76070.000000,A,68713.000000,A
249,887,Yemen,15,Wheat,1983,699.100000,X,50162.000000,X,71756.000000,X
248,890,Yugoslav SFR,15,Wheat,1978,3121.700000,A,5355000.000000,A,1715414.000000,A
248,890,Yugoslav SFR,15,Wheat,1984,3837.400000,A,5595000.000000,A,1458000.000000,A
248,890,Yugoslav SFR,15,Wheat,1973,2799.600000,A,4751000.000000,A,1697000.000000,A
251,894,Zambia,15,Wheat,1967,1658.300000,E,199.000000,A,120.000000,E
251,894,Zambia,15,Wheat,2013,6543.500000,A,273584.000000,A,41810.000000,A
251,894,Zambia,15,Wheat,2009,5699.100000,A,195456.000000,A,34296.000000,A
251,894,Zambia,15,Wheat,1985,3431.200000,E,17156.000000,A,5000.000000,X
251,894,Zambia,15,Wheat,1981,3287.500000,A,11835.000000,A,3600.000000,A
181,716,Zimbabwe,15,Wheat,2002,5000.000000,A,195000.000000,A,39000.000000,A
181,716,Zimbabwe,15,Wheat,2004,3500.000000,A,247048.000000,A,70585.000000,A
181,716,Zimbabwe,15,Wheat,1978,4498.800000,A,203052.000000,A,45135.000000,A
181,716,Zimbabwe,15,Wheat,1993,5770.800000,A,277000.000000,A,48000.000000,A
181,716,Zimbabwe,15,Wheat,1974,3631.100000,A,97383.000000,A,26819.000000,A
181,716,Zimbabwe,15,Wheat,2006,3600.000000,A,241924.000000,A,67201.000000,A
181,716,Zimbabwe,15,Wheat,1962,1589.500000,A,1216.000000,A,765.000000,A
181,716,Zimbabwe,15,Wheat,1969,3234.300000,E,38938.000000,A,12039.000000,X
181,716,Zimbabwe,15,Wheat,1964,2689.600000,A,3865.000000,A,1437.000000,A
181,716,Zimbabwe,15,Wheat,2015,2048.600000,A,45302.000000,A,22114.000000,A
181,716,Zimbabwe,15,Wheat,1994,5464.900000,A,288000.000000,A,52700.000000,A
181,716,Zimbabwe,15,Wheat,1975,3854.100000,A,121083.000000,A,31417.000000,A
181,716,Zimbabwe,15,Wheat,1980,4972.200000,A,191234.000000,A,38461.000000,A
181,716,Zimbabwe,15,Wheat,2024,4862.900000,E,540000.000000,X,111044.000000,I
2,4,Afghanistan,15,Wheat,1973,1173.900000,A,2700000.000000,A,2300000.000000,A
2,4,Afghanistan,15,Wheat,2015,2195.900000,A,4673040.000000,A,2128104.000000,A
2,4,Afghanistan,15,Wheat,2003,1500.000000,A,3480000.000000,A,2320000.000000,A
2,4,Afghanistan,15,Wheat,1989,1118.000000,E,1800000.000000,E,1610000.000000,E
2,4,Afghanistan,15,Wheat,1971,814.900000,A,1915000.000000,A,2350000.000000,A
2,4,Afghanistan,15,Wheat,2009,1966.600000,A,5064000.000000,A,2575000.000000,A
2,4,Afghanistan,15,Wheat,2020,1943.400000,A,5185000.000000,A,2668000.000000,A
2,4,Afghanistan,15,Wheat,2023,2150.600000,A,4350662.000000,A,2022988.000000,A
3,8,Albania,15,Wheat,2018,3692.700000,A,240294.000000,A,65072.000000,A
3,8,Albania,15,Wheat,2007,3549.600000,A,249500.000000,A,70290.000000,A
3,8,Albania,15,Wheat,1972,1900.000000,E,285000.000000,E,150000.000000,E
3,8,Albania,15,Wheat,1964,962.500000,A,124208.000000,A,129048.000000,A
3,8,Albania,15,Wheat,2017,4036.700000,A,274877.000000,A,68095.000000,A
3,8,Albania,15,Wheat,1984,3157.900000,X,600000.000000,X,190000.000000,X
3,8,Albania,15,Wheat,2016,3900.000000,A,275000.000000,A,70512.000000,A
4,12,Algeria,15,Wheat,2016,1183.300000,A,2440097.000000,A,2062179.000000,A
4,12,Algeria,15,Wheat,1971,613.300000,A,1317392.000000,A,2148070.000000,A
4,12,Algeria,15,Wheat,1992,993.900000,A,1836750.000000,A,1848010.000000,A
4,12,Algeria,15,Wheat,1978,580.900000,A,1083019.000000,A,1864300.000000,A
7,24,Angola,15,Wheat,1983,625.000000,E,4000.000000,E,6400.000000,E
7,24,Angola,15,Wheat,2016,946.600000,E,5116.150000,I,5405.000000,I
9,32,Argentina,15,Wheat,1995,1936.400000,A,9445015.000000,A,4877650.000000,A
9,32,Argentina,15,Wheat,2017,3180.600000,A,18518045.000000,A,5822173.000000,A
9,32,Argentina,15,Wheat,1981,1401.400000,A,8369600.000000,A,5972300.000000,A
9,32,Argentina,15,Wheat,2006,2625.800000,A,14547960.000000,A,5540405.000000,A
9,32,Argentina,15,Wheat,1971,1266.700000,A,5440000.000000,A,4294640.000000,A
1,51,Armenia,15,Wheat,2024,2147.600000,A,120277.100000,A,56005.000000,A
1,51,Armenia,15,Wheat,2015,3343.700000,A,362746.000000,A,108485.000000,A
1,51,Armenia,15,Wheat,2017,2178.300000,A,176428.000000,A,80992.000000,A
1,51,Armenia,15,Wheat,2003,1718.300000,A,216698.000000,A,126112.000000,A
10,36,Australia,15,Wheat,1977,941.300000,A,9370336.000000,A,9954865.000000,A
10,36,Australia,15,Wheat,2024,2611.800000,A,34110000.000000,A,13060000.000000,A
10,36,Australia,15,Wheat,2012,1760.900000,A,22855576.000000,A,12979382.000000,A
10,36,Australia,15,Wheat,2003,1999.800000,A,26131870.000000,A,13067077.000000,A
10,36,Australia,15,Wheat,1961,1129.100000,A,6727192.000000,A,5958110.000000,A
10,36,Australia,15,Wheat,2022,3187.500000,A,41199486.000000,A,12925286.000000,A
10,36,Australia,15,Wheat,1968,1365.000000,A,14804143.000000,A,10845345.000000,A
10,36,Australia,15,Wheat,1972,866.600000,A,6590000.000000,A,7604082.000000,A
11,40,Austria,15,Wheat,1993,4224.600000,A,1018013.000000,A,240971.000000,A
11,40,Austria,15,Wheat,1974,4093.800000,A,1101762.000000,A,269131.000000,A
11,40,Austria,15,Wheat,2005,5028.600000,A,1453072.000000,A,288960.000000,A
11,40,Austria,15,Wheat,1967,3304.900000,A,1045402.000000,A,316319.000000,A
52,31,Azerbaijan,15,Wheat,2023,3302.000000,A,1792419.100000,A,542820.000000,A
52,31,Azerbaijan,15,Wheat,2017,2968.700000,A,1769574.100000,A,596075.000000,A
52,31,Azerbaijan,15,Wheat,2014,2328.500000,A,1407405.000000,A,604429.000000,A
16,50,Bangladesh,15,Wheat,2024,3761.100000,A,1172242.000000,A,311677.000000,A
16,50,Bangladesh,15,Wheat,1993,1845.700000,A,1175630.000000,A,636947.000000,A
16,50,Bangladesh,15,Wheat,1975,926.000000,A,116714.000000,A,126037.000000,A
16,50,Bangladesh,15,Wheat,1966,647.300000,A,35600.000000,A,55000.000000,A
57,112,Belarus,15,Wheat,2020,3941.300000,A,2848391.000000,A,722711.000000,A
57,112,Belarus,15,Wheat,2015,3962.300000,A,2896411.000000,A,730997.000000,A
15,58,Belgium-Luxembourg,15,Wheat,1978,5253.500000,A,1021690.000000,A,194479.000000,A
18,64,Bhutan,15,Wheat,1973,1014.500000,E,7000.000000,E,6900.000000,E
18,64,Bhutan,15,Wheat,1999,1538.500000,X,20000.000000,X,13000.000000,X
19,68,Bolivia (Plurinational State of),15,Wheat,1985,741.500000,A,74333.000000,A,100242.000000,A
19,68,Bolivia (Plurinational State of),15,Wheat,1989,696.200000,A,60794.000000,A,87326.000000,A
19,68,Bolivia (Plurinational State of),15,Wheat,1966,550.000000,A,41000.000000,A,74545.000000,A
19,68,Bolivia (Plurinational State of),15,Wheat,1991,933.900000,A,108733.000000,A,116426.000000,A
19,68,Bolivia (Plurinational State of),15,Wheat,2005,1074.100000,A,131198.000000,A,122149.000000,A
19,68,Bolivia (Plurinational State of),15,Wheat,1970,700.000000,A,44190.000000,A,63130.000000,A
80,70,Bosnia and Herzegovina,15,Wheat,2015,3526.300000,A,213015.000000,A,60407.000000,A
80,70,Bosnia and Herzegovina,15,Wheat,2002,3002.600000,A,272280.000000,A,90682.000000,A
80,70,Bosnia and Herzegovina,15,Wheat,2008,3735.400000,A,240533.000000,A,64392.000000,A
20,72,Botswana,15,Wheat,1962,2500.000000,E,400.000000,E,160.000000,E
20,72,Botswana,15,Wheat,1983,2000.000000,E,1000.000000,E,500.000000,E
20,72,Botswana,15,Wheat,1977,2000.000000,E,600.000000,E,300.000000,E
20,72,Botswana,15,Wheat,1979,2000.000000,E,600.000000,E,300.000000,E
21,76,Brazil,15,Wheat,1995,1542.000000,A,1533871.000000,A,994734.000000,A
21,76,Brazil,15,Wheat,2011,2660.200000,A,5690043.000000,A,2138916.000000,A
21,76,Brazil,15,Wheat,1970,973.100000,A,1844263.000000,A,1895249.000000,A
21,76,Brazil,15,Wheat,2001,1948.800000,A,3366599.000000,A,1727492.000000,A
21,76,Brazil,15,Wheat,1969,976.200000,A,1373691.000000,A,1407115.000000,A
21,76,Brazil,15,Wheat,2002,1475.400000,A,3105660.000000,A,2104900.000000,A
27,100,Bulgaria,15,Wheat,1990,4551.400000,A,5292233.000000,A,1162775.000000,A
27,100,Bulgaria,15,Wheat,2004,3810.000000,A,3961178.000000,A,1039680.000000,A
27,100,Bulgaria,15,Wheat,1986,3839.900000,A,4326575.000000,A,1126738.000000,A
27,100,Bulgaria,15,Wheat,1963,1592.000000,A,1894270.000000,A,1189870.000000,A
29,108,Burundi,15,Wheat,1982,600.000000,E,6000.000000,A,10000.000000,E
29,108,Burundi,15,Wheat,2017,398.200000,A,8060.000000,A,20240.000000,A
29,108,Burundi,15,Wheat,1973,706.900000,A,5122.000000,A,7246.000000,A
29,108,Burundi,15,Wheat,2007,840.700000,E,7987.000000,A,9500.000000,E
29,108,Burundi,15,Wheat,1987,1108.100000,A,8200.000000,A,7400.000000,A
29,108,Burundi,15,Wheat,1976,762.400000,A,5600.000000,A,7345.000000,A
32,120,Cameroon,15,Wheat,1968,,,0.000000,A,0.000000,A
32,120,Cameroon,15,Wheat,1975,,,0.000000,A,0.000000,A
32,120,Cameroon,15,Wheat,1999,1335.200000,E,595.690000,I,446.000000,I
32,120,Cameroon,15,Wheat,1974,,,0.000000,A,0.000000,A
32,120,Cameroon,15,Wheat,2005,1341.800000,E,708.650000,I,528.000000,I
32,120,Cameroon,15,Wheat,1995,1319.800000,E,557.540000,I,422.000000,I
33,124,Canada,15,Wheat,1978,1998.700000,A,21136800.000000,A,10575100.000000,A
33,124,Canada,15,Wheat,2002,1832.400000,A,15961300.000000,A,8710500.000000,A
33,124,Canada,15,Wheat,1965,1543.200000,A,17674000.000000,A,11453000.000000,A
33,124,Canada,15,Wheat,1995,2246.700000,A,24989400.000000,A,11122700.000000,A
33,124,Canada,15,Wheat,1973,1687.600000,A,16159170.000000,A,9575012.000000,A
39,148,Chad,15,Wheat,1990,1500.000000,A,2100.000000,A,1400.000000,A
39,148,Chad,15,Wheat,1989,1500.000000,A,450.000000,A,300.000000,A
39,148,Chad,15,Wheat,1979,2000.000000,E,6000.000000,X,3000.000000,E
39,148,Chad,15,Wheat,1961,1111.100000,A,1500.000000,A,1350.000000,A
39,148,Chad,15,Wheat,1978,1666.700000,E,5000.000000,E,3000.000000,E
40,152,Chile,15,Wheat,1982,1739.400000,A,650000.000000,A,373690.000000,A
40,152,Chile,15,Wheat,2005,4413.000000,A,1851940.000000,A,419660.000000,A
214,158,"China, Taiwan Province of",15,Wheat,1988,3438.400000,A,2957.000000,A,860.000000,A
214,158,"China, Taiwan Province of",15,Wheat,2020,2000.000000,X,6000.000000,X,3000.000000,X
214,158,"China, Taiwan Province of",15,Wheat,1981,2659.500000,A,2710.000000,A,1019.000000,A
214,158,"China, Taiwan Province of",15,Wheat,1969,2135.200000,A,9950.000000,A,4660.000000,A
41,156,"China, mainland",15,Wheat,1983,2801.700000,A,81390000.000000,A,29049872.000000,A
41,156,"China, mainland",15,Wheat,2008,4762.000000,A,112464000.000000,A,23617200.000000,A
41,156,"China, mainland",15,Wheat,1993,3518.800000,A,106390000.000000,A,30235000.000000,A
41,156,"China, mainland",15,Wheat,2019,5629.800000,A,133596300.000000,A,23730000.000000,A
44,170,Colombia,15,Wheat,2010,1769.700000,A,15147.000000,A,8559.000000,A
44,170,Colombia,15,Wheat,1996,2182.400000,A,64623.000000,A,29611.000000,A
44,170,Colombia,15,Wheat,2007,1870.900000,A,36778.000000,A,19658.000000,A
44,170,Colombia,15,Wheat,2015,1853.900000,A,9890.500000,A,5335.000000,A
44,170,Colombia,15,Wheat,1999,2153.700000,A,40008.000000,A,18576.000000,A
44,170,Colombia,15,Wheat,2017,2094.100000,A,5478.610000,A,2616.000000,A
44,170,Colombia,15,Wheat,1965,916.700000,A,110000.000000,A,120000.000000,A
50,196,Cyprus,15,Wheat,1963,947.400000,A,64008.000000,A,67559.000000,A
50,196,Cyprus,15,Wheat,1975,1215.100000,A,32512.000000,A,26756.000000,A
50,196,Cyprus,15,Wheat,1995,3013.700000,A,11000.000000,A,3650.000000,A
167,203,Czechia,15,Wheat,1994,4580.000000,A,3713476.000000,A,810810.000000,A
167,203,Czechia,15,Wheat,2018,5389.600000,A,4417840.000000,A,819690.000000,A
167,203,Czechia,15,Wheat,2020,6138.900000,A,4902410.000000,A,798580.000000,A
51,200,Czechoslovakia,15,Wheat,1978,4409.700000,A,5600588.000000,A,1270062.000000,A
116,408,Democratic People's Republic of Korea,15,Wheat,1986,1588.900000,E,143000.000000,X,90000.000000,E
116,408,Democratic People's Republic of Korea,15,Wheat,2001,2162.800000,A,123866.000000,A,57270.000000,A
116,408,Democratic People's Republic of Korea,15,Wheat,1977,1352.900000,E,115000.000000,X,85000.000000,E
116,408,Democratic People's Republic of Korea,15,Wheat,2009,2262.400000,X,169000.000000,X,74700.000000,X
250,180,Democratic Republic of the Congo,15,Wheat,2015,1309.100000,E,9500.000000,E,7257.000000,I
250,180,Democratic Republic of the Congo,15,Wheat,1964,1028.000000,E,3084.000000,A,3000.000000,E
250,180,Democratic Republic of the Congo,15,Wheat,2019,1189.400000,E,10042.210000,I,8443.000000,I
250,180,Democratic Republic of the Congo,15,Wheat,2020,1125.000000,X,9000.000000,X,8000.000000,X
250,180,Democratic Republic of the Congo,15,Wheat,2014,1303.500000,E,10000.000000,E,7671.000000,I
250,180,Democratic Republic of the Congo,15,Wheat,1992,1235.600000,A,9230.000000,A,7470.000000,A
250,180,Democratic Republic of the Congo,15,Wheat,2001,1285.000000,A,8897.000000,A,6924.000000,A
250,180,Democratic Republic of the Congo,15,Wheat,1976,666.700000,A,3600.000000,A,5400.000000,A
250,180,Democratic Republic of the Congo,15,Wheat,2013,1304.400000,E,9602.490000,I,7362.000000,I
250,180,Democratic Republic of the Congo,15,Wheat,2011,1298.600000,E,8841.000000,A,6808.000000,I
54,208,Denmark,15,Wheat,2014,7783.300000,A,5153300.000000,A,662100.000000,A
54,208,Denmark,15,Wheat,2021,7526.700000,A,4047090.000000,A,537700.000000,A
54,208,Denmark,15,Wheat,1974,5350.200000,A,591572.000000,A,110571.000000,A
54,208,Denmark,15,Wheat,2001,7355.900000,A,4663938.000000,A,634040.000000,A
58,218,Ecuador,15,Wheat,2016,1525.000000,A,6745.770000,A,4423.000000,A
58,218,Ecuador,15,Wheat,1972,903.400000,A,50640.000000,A,56054.000000,A
58,218,Ecuador,15,Wheat,1986,803.100000,A,33006.000000,A,41100.000000,A
58,218,Ecuador,15,Wheat,1995,695.100000,A,19763.000000,A,28430.000000,A
58,218,Ecuador,15,Wheat,1997,597.600000,A,19302.000000,A,32300.000000,A
59,818,Egypt,15,Wheat,1979,3160.600000,A,1856000.000000,A,587231.000000,A
59,818,Egypt,15,Wheat,1973,3692.600000,A,1938112.000000,A,524867.000000,A
59,818,Egypt,15,Wheat,1988,4751.000000,A,2838000.000000,A,597350.000000,A
59,818,Egypt,15,Wheat,2003,6500.100000,A,6844692.000000,A,1053016.000000,A
59,818,Egypt,15,Wheat,1963,2642.500000,A,1493000.000000,A,565000.000000,A
59,818,Egypt,15,Wheat,1966,2703.000000,A,1465000.000000,A,542000.000000,A
59,818,Egypt,15,Wheat,1968,2534.900000,A,1526000.000000,A,602000.000000,A
178,232,Eritrea,15,Wheat,2017,1000.000000,X,25000.000000,X,25000.000000,X
178,232,Eritrea,15,Wheat,2014,1200.000000,X,30000.000000,X,25000.000000,X
63,233,Estonia,15,Wheat,2008,3183.100000,A,342500.000000,A,107600.000000,A
63,233,Estonia,15,Wheat,2012,3899.400000,A,484700.000000,A,124300.000000,A
63,233,Estonia,15,Wheat,1993,2099.400000,A,105600.000000,A,50300.000000,A
63,233,Estonia,15,Wheat,2004,2508.300000,A,196634.000000,A,78393.000000,A
209,748,Eswatini,15,Wheat,2003,1542.800000,E,330.940000,I,215.000000,I
209,748,Eswatini,15,Wheat,2009,1500.000000,E,420.000000,E,280.000000,E
209,748,Eswatini,15,Wheat,1970,2789.500000,A,106.000000,A,38.000000,A
209,748,Eswatini,15,Wheat,1969,,,0.000000,A,0.000000,A
209,748,Eswatini,15,Wheat,2008,1566.000000,E,388.800000,I,248.000000,I
209,748,Eswatini,15,Wheat,2005,1545.100000,E,318.610000,I,206.000000,I
209,748,Eswatini,15,Wheat,2012,2000.000000,E,700.000000,E,350.000000,E
209,748,Eswatini,15,Wheat,1968,,,0.000000,A,0.000000,A
238,231,Ethiopia,15,Wheat,2024,2904.000000,E,6185341.310000,E,2129952.000000,E
238,231,Ethiopia,15,Wheat,2004,1469.100000,A,1614441.000000,A,1098907.000000,A
238,231,Ethiopia,15,Wheat,2018,2708.800000,A,5285945.000000,A,1951423.000000,A
62,230,Ethiopia PDR,15,Wheat,1974,800.000000,A,652800.000000,A,816000.000000,A
62,230,Ethiopia PDR,15,Wheat,1975,913.500000,A,698900.000000,A,765100.000000,A
62,230,Ethiopia PDR,15,Wheat,1971,769.100000,A,839500.000000,A,1091600.000000,A
67,246,Finland,15,Wheat,1963,1662.500000,A,397000.000000,A,238800.000000,A
67,246,Finland,15,Wheat,1968,2141.700000,A,515500.000000,A,240700.000000,A
67,246,Finland,15,Wheat,1992,2415.200000,A,212300.000000,A,87900.000000,A
67,246,Finland,15,Wheat,1985,3007.000000,A,472100.000000,A,157000.000000,A
67,246,Finland,15,Wheat,1967,2011.100000,A,506800.000000,A,252000.000000,A
67,246,Finland,15,Wheat,1984,3105.800000,A,478300.000000,A,154000.000000,A
68,250,France,15,Wheat,2003,6250.000000,A,30479361.500000,A,4876697.000000,A
68,250,France,15,Wheat,2000,7117.500000,A,37355956.900000,A,5248436.000000,A
68,250,France,15,Wheat,1970,3422.300000,A,12649000.000000,A,3696000.000000,A
68,250,France,15,Wheat,2004,7578.800000,A,39690179.500000,A,5237005.000000,A
68,250,France,15,Wheat,1962,3075.200000,A,14053770.000000,A,4570000.000000,A
68,250,France,15,Wheat,1973,4506.700000,A,17851008.000000,A,3961000.000000,A
68,250,France,15,Wheat,1992,6399.200000,A,32490754.500000,A,5077312.000000,A
68,250,France,15,Wheat,2008,7101.800000,A,39006372.000000,A,5492443.000000,A
73,268,Georgia,15,Wheat,2008,1683.400000,A,80300.000000,A,47700.000000,A
79,276,Germany,15,Wheat,1987,5775.700000,A,13971181.000000,A,2418963.000000,A
79,276,Germany,15,Wheat,2022,7577.300000,A,22587300.000000,A,2980900.000000,A
79,276,Germany,15,Wheat,1975,4318.800000,A,9749836.000000,A,2257525.000000,A
79,276,Germany,15,Wheat,2008,8087.300000,A,25988564.000000,A,3213485.000000,A
84,300,Greece,15,Wheat,1974,2350.400000,A,2153000.000000,A,916000.000000,A
84,300,Greece,15,Wheat,1994,2751.000000,A,2470189.760000,A,897932.000000,A
84,300,Greece,15,Wheat,2013,2777.700000,A,1831869.310000,A,659483.000000,A
84,300,Greece,15,Wheat,1989,3016.300000,A,2762000.000000,A,915700.000000,A
84,300,Greece,15,Wheat,1978,2721.300000,A,2704452.000000,A,993800.000000,A
84,300,Greece,15,Wheat,2000,2666.600000,A,2287322.230000,A,857770.000000,A
84,300,Greece,15,Wheat,2017,2928.400000,A,1356772.000000,A,463311.000000,A
84,300,Greece,15,Wheat,1990,1933.200000,A,1939000.000000,A,1003000.000000,A
84,300,Greece,15,Wheat,1965,1646.900000,A,2071988.000000,A,1258130.000000,A
84,300,Greece,15,Wheat,2016,2892.800000,A,1560776.990000,A,539538.000000,A
84,300,Greece,15,Wheat,1985,2046.400000,A,1807000.000000,A,883000.000000,A
84,300,Greece,15,Wheat,1998,2437.900000,A,2062774.660000,A,846119.000000,A
84,300,Greece,15,Wheat,1964,1653.000000,A,2088000.000000,A,1263120.000000,A
89,320,Guatemala,15,Wheat,2020,2623.500000,E,239.310000,I,91.000000,I
95,340,Honduras,15,Wheat,1973,875.000000,X,700.000000,X,800.000000,X
95,340,Honduras,15,Wheat,1961,782.400000,A,802.000000,A,1025.000000,A
95,340,Honduras,15,Wheat,1997,666.700000,E,1000.000000,E,1500.000000,E
95,340,Honduras,15,Wheat,2005,531.200000,E,1070.390000,I,2015.000000,I
95,340,Honduras,15,Wheat,1999,475.000000,E,950.000000,E,2000.000000,X
95,340,Honduras,15,Wheat,2018,536.600000,E,1243.990000,I,2318.000000,I
95,340,Honduras,15,Wheat,2000,525.700000,E,1051.430000,I,2000.000000,X
95,340,Honduras,15,Wheat,1993,582.100000,E,841.920000,I,1446.000000,I
95,340,Honduras,15,Wheat,1986,600.000000,E,600.000000,E,1000.000000,E
95,340,Honduras,15,Wheat,1981,636.400000,A,700.000000,A,1100.000000,A
95,340,Honduras,15,Wheat,2019,536.200000,E,1256.190000,I,2343.000000,I
95,340,Honduras,15,Wheat,1976,833.300000,X,500.000000,X,600.000000,X
97,348,Hungary,15,Wheat,2003,2640.800000,A,2941248.000000,A,1113755.000000,A
97,348,Hungary,15,Wheat,2018,5124.400000,A,5258430.000000,A,1026150.000000,A
97,348,Hungary,15,Wheat,2005,4500.000000,A,5088219.000000,A,1130719.000000,A
97,348,Hungary,15,Wheat,1998,4139.000000,A,4898634.000000,A,1183540.000000,A
97,348,Hungary,15,Wheat,2020,5468.000000,A,5121480.000000,A,936620.000000,A
97,348,Hungary,15,Wheat,1986,4362.200000,A,5793015.000000,A,1328000.000000,A
97,348,Hungary,15,Wheat,1966,2171.100000,A,2348683.000000,A,1081799.000000,A
100,356,India,15,Wheat,2001,2708.100000,A,69680896.000000,A,25730600.000000,A
100,356,India,15,Wheat,1981,1629.900000,A,36312608.000000,A,22278800.000000,A
100,356,India,15,Wheat,1968,1102.800000,A,16540100.000000,A,14998200.000000,A
100,356,India,15,Wheat,1999,2590.100000,A,71287504.000000,A,27523300.000000,A
100,356,India,15,Wheat,1974,1171.900000,A,21778000.000000,A,18583008.000000,A
100,356,India,15,Wheat,2006,2618.800000,A,69354496.000000,A,26483600.000000,A
102,364,Iran (Islamic Republic of),15,Wheat,1967,800.000000,A,3800000.000000,A,4750000.000000,A
102,364,Iran (Islamic Republic of),15,Wheat,1983,985.800000,A,5956162.000000,A,6042201.000000,A
102,364,Iran (Islamic Republic of),15,Wheat,1969,800.000000,A,4100000.000000,A,5125000.000000,A
102,364,Iran (Islamic Republic of),15,Wheat,1965,776.100000,E,3647713.000000,A,4700000.000000,E
102,364,Iran (Islamic Republic of),15,Wheat,1962,776.000000,E,2754740.000000,A,3550000.000000,E
102,364,Iran (Islamic Republic of),15,Wheat,1987,1153.300000,A,7601280.000000,A,6591066.000000,A
102,364,Iran (Islamic Republic of),15,Wheat,1978,1040.100000,A,5660000.000000,A,5442000.000000,A
102,364,Iran (Islamic Republic of),15,Wheat,1961,797.000000,E,2869119.000000,A,3600000.000000,E
102,364,Iran (Islamic Republic of),15,Wheat,1997,1594.700000,A,10044716.000000,A,6298995.000000,A
102,364,Iran (Islamic Republic of),15,Wheat,1999,1830.100000,A,8673197.000000,A,4739067.000000,A
103,368,Iraq,15,Wheat,1980,710.100000,A,975600.000000,A,1373975.000000,A
103,368,Iraq,15,Wheat,2002,1570.300000,A,2589000.000000,A,1648750.000000,A
103,368,Iraq,15,Wheat,2000,320.000000,X,384000.000000,X,1200000.000000,X
103,368,Iraq,15,Wheat,1973,827.900000,A,957000.000000,A,1156000.000000,A
103,368,Iraq,15,Wheat,1983,705.900000,A,841000.000000,A,1191325.000000,A
103,368,Iraq,15,Wheat,2021,2659.700000,A,4233714.000000,A,1591803.000000,A
103,368,Iraq,15,Wheat,1970,882.900000,E,1236000.000000,A,1400000.000000,E
103,368,Iraq,15,Wheat,2012,2418.100000,A,3062312.000000,A,1266391.000000,A
104,372,Ireland,15,Wheat,1999,8766.500000,A,597000.000000,A,68100.000000,A
104,372,Ireland,15,Wheat,2015,10667.700000,A,696600.000000,A,65300.000000,A
104,372,Ireland,15,Wheat,1962,3454.800000,A,439000.000000,A,127069.000000,A
104,372,Ireland,15,Wheat,2018,8373.200000,A,485480.000000,A,57980.000000,A
104,372,Ireland,15,Wheat,1988,7764.500000,A,455000.000000,A,58600.000000,A
104,372,Ireland,15,Wheat,2001,9060.100000,A,769200.000000,A,84900.000000,A
105,376,Israel,15,Wheat,2022,3600.300000,A,141600.000000,A,39330.000000,A
105,376,Israel,15,Wheat,1986,1866.000000,A,168500.000000,A,90300.000000,A
105,376,Israel,15,Wheat,1983,3264.800000,A,335000.000000,A,102610.000000,A
105,376,Israel,15,Wheat,2012,3267.100000,A,222487.000000,A,68100.000000,A
106,380,Italy,15,Wheat,1984,3072.000000,A,10057300.000000,A,3273876.000000,A
106,380,Italy,15,Wheat,2013,3844.100000,A,7312024.700000,A,1902157.000000,A
106,380,Italy,15,Wheat,1967,2391.800000,A,9595600.000000,A,4011844.000000,A
106,380,Italy,15,Wheat,1968,2255.900000,A,9655400.000000,A,4280082.000000,A
106,380,Italy,15,Wheat,1961,1910.300000,A,8301200.000000,A,4345449.000000,A
106,380,Italy,15,Wheat,2016,4203.000000,A,8037872.100000,A,1912418.000000,A
106,380,Italy,15,Wheat,2014,3810.700000,A,7141926.400000,A,1874179.000000,A
106,380,Italy,15,Wheat,1997,2856.300000,A,6758351.000000,A,2366121.000000,A
106,380,Italy,15,Wheat,1962,2084.700000,A,9496900.000000,A,4555528.000000,A
110,392,Japan,15,Wheat,1993,3473.900000,A,637800.000000,A,183600.000000,A
110,392,Japan,15,Wheat,2015,4711.400000,A,1004000.000000,A,213100.000000,A
110,392,Japan,15,Wheat,1975,2686.400000,A,240700.000000,A,89600.000000,A
110,392,Japan,15,Wheat,1971,2647.600000,A,440300.000000,A,166300.000000,A
110,392,Japan,15,Wheat,2019,4900.800000,A,1037000.000000,A,211600.000000,A
112,400,Jordan,15,Wheat,1987,997.800000,A,79806.000000,A,79981.000000,A
112,400,Jordan,15,Wheat,2012,1239.100000,A,19205.000000,A,15499.000000,A
112,400,Jordan,15,Wheat,2014,1192.600000,A,27452.000000,A,23018.000000,A
108,398,Kazakhstan,15,Wheat,2017,1242.700000,A,14802865.000000,A,11911989.000000,A
108,398,Kazakhstan,15,Wheat,1999,1286.800000,A,11241800.000000,A,8736300.000000,A
108,398,Kazakhstan,15,Wheat,2011,1660.900000,A,22732066.510000,A,13686428.000000,A
108,398,Kazakhstan,15,Wheat,2008,971.500000,A,12538190.000000,A,12906300.000000,A
108,398,Kazakhstan,15,Wheat,2010,733.600000,A,9638400.000000,A,13138000.000000,A
114,404,Kenya,15,Wheat,1977,1484.700000,A,178160.000000,A,120000.000000,A
114,404,Kenya,15,Wheat,1993,1379.500000,A,212776.000000,A,154240.000000,A
114,404,Kenya,15,Wheat,2021,2795.500000,A,349102.000000,A,124880.000000,A
114,404,Kenya,15,Wheat,1986,1866.600000,A,258840.000000,A,138672.000000,A
114,404,Kenya,15,Wheat,1961,1090.700000,A,109400.000000,A,100300.000000,A
114,404,Kenya,15,Wheat,1978,1471.600000,E,175121.000000,A,119000.000000,X
118,414,Kuwait,15,Wheat,2022,4000.000000,A,40.000000,A,10.000000,A
118,414,Kuwait,15,Wheat,2023,4499.900000,E,47.450000,I,11.000000,I
118,414,Kuwait,15,Wheat,1973,,,0.000000,A,0.000000,A
118,414,Kuwait,15,Wheat,1974,,,0.000000,A,0.000000,A
119,428,Latvia,15,Wheat,2014,3747.400000,A,1467500.000000,A,391600.000000,A
119,428,Latvia,15,Wheat,2002,3384.400000,A,519500.000000,A,153500.000000,A
119,428,Latvia,15,Wheat,2016,4304.500000,A,2062300.000000,A,479100.000000,A
119,428,Latvia,15,Wheat,1997,2590.900000,A,394600.000000,A,152300.000000,A
121,422,Lebanon,15,Wheat,2022,2864.900000,X,152877.000000,X,53362.000000,X
121,422,Lebanon,15,Wheat,1967,1017.600000,A,67690.000000,A,66522.000000,A
121,422,Lebanon,15,Wheat,1965,719.900000,A,55000.000000,A,76400.000000,A
121,422,Lebanon,15,Wheat,1999,1881.400000,A,73000.000000,A,38800.000000,A
121,422,Lebanon,15,Wheat,2007,2200.800000,A,116200.000000,A,52800.000000,A
121,422,Lebanon,15,Wheat,1964,850.000000,A,59500.000000,A,70000.000000,A
121,422,Lebanon,15,Wheat,2015,3475.000000,X,139000.000000,X,40000.000000,X
121,422,Lebanon,15,Wheat,2001,3199.500000,A,139500.000000,A,43600.000000,A
121,422,Lebanon,15,Wheat,2011,2968.300000,E,125000.000000,X,42112.000000,I
122,426,Lesotho,15,Wheat,1977,1472.800000,A,61381.000000,A,41676.000000,A
122,426,Lesotho,15,Wheat,2008,131.400000,A,2697.000000,A,20525.000000,A
122,426,Lesotho,15,Wheat,2024,719.500000,A,4183.000000,A,5814.000000,A
122,426,Lesotho,15,Wheat,2012,864.100000,A,10516.000000,A,12170.000000,A
122,426,Lesotho,15,Wheat,1965,716.300000,A,50000.000000,A,69800.000000,A
122,426,Lesotho,15,Wheat,2018,939.100000,A,6975.000000,A,7427.000000,A
122,426,Lesotho,15,Wheat,2016,593.700000,A,4690.000000,A,7900.000000,A
122,426,Lesotho,15,Wheat,1997,1629.100000,A,33722.000000,A,20700.000000,A
124,434,Libya,15,Wheat,1977,238.400000,A,48117.000000,A,201839.000000,A
124,434,Libya,15,Wheat,2024,767.700000,E,90000.000000,X,117228.000000,I
124,434,Libya,15,Wheat,1985,745.000000,E,149000.000000,X,200000.000000,E
124,434,Libya,15,Wheat,1992,1020.200000,E,125000.000000,E,122531.000000,I
124,434,Libya,15,Wheat,2005,757.600000,A,125000.000000,A,165000.000000,A
256,442,Luxembourg,15,Wheat,2002,5966.900000,A,71656.000000,A,12009.000000,A
129,450,Madagascar,15,Wheat,1991,2250.000000,E,9000.000000,X,4000.000000,E
129,450,Madagascar,15,Wheat,2023,2404.700000,E,1000.000000,X,416.000000,I
129,450,Madagascar,15,Wheat,1977,1490.700000,A,483.000000,A,324.000000,A
129,450,Madagascar,15,Wheat,2016,2395.800000,E,5000.000000,X,2087.000000,I
129,450,Madagascar,15,Wheat,1984,1500.000000,E,300.000000,E,200.000000,E
129,450,Madagascar,15,Wheat,1993,2666.700000,E,8000.000000,A,3000.000000,E
129,450,Madagascar,15,Wheat,1961,,,0.000000,A,0.000000,A
129,450,Madagascar,15,Wheat,1982,1500.000000,E,300.000000,E,200.000000,E
130,454,Malawi,15,Wheat,1988,720.800000,A,1869.000000,A,2593.000000,A
130,454,Malawi,15,Wheat,2013,1405.800000,A,1784.000000,A,1269.000000,A
130,454,Malawi,15,Wheat,2000,796.800000,A,1815.000000,A,2278.000000,A
133,466,Mali,15,Wheat,2010,2554.300000,A,10051.000000,A,3935.000000,A
133,466,Mali,15,Wheat,1968,1333.300000,E,2000.000000,E,1500.000000,E
133,466,Mali,15,Wheat,1975,1333.300000,E,2000.000000,E,1500.000000,E
134,470,Malta,15,Wheat,1989,3750.000000,A,4875.000000,A,1300.000000,A
134,470,Malta,15,Wheat,1971,2108.800000,A,2383.000000,A,1130.000000,A
134,470,Malta,15,Wheat,1979,2726.200000,A,3345.000000,A,1227.000000,A
134,470,Malta,15,Wheat,2004,4104.800000,E,9951.940000,I,2424.000000,I
134,470,Malta,15,Wheat,2009,4928.600000,E,13800.000000,E,2800.000000,E
136,478,Mauritania,15,Wheat,1977,750.000000,E,300.000000,A,400.000000,E
136,478,Mauritania,15,Wheat,1964,200.000000,A,90.000000,A,450.000000,A
136,478,Mauritania,15,Wheat,1978,529.400000,A,180.000000,A,340.000000,A
136,478,Mauritania,15,Wheat,1991,1200.000000,E,600.000000,E,500.000000,E
136,478,Mauritania,15,Wheat,1997,1000.000000,A,400.000000,A,400.000000,A
138,484,Mexico,15,Wheat,1991,4127.200000,A,4060738.000000,A,983892.000000,A
138,484,Mexico,15,Wheat,1986,3967.100000,A,4769411.000000,A,1202232.000000,A
138,484,Mexico,15,Wheat,2019,5530.800000,A,3244062.030000,A,586543.000000,A
138,484,Mexico,15,Wheat,1993,4082.100000,A,3582450.000000,A,877598.000000,A
138,484,Mexico,15,Wheat,2010,5418.500000,A,3676707.000000,A,678550.000000,A
138,484,Mexico,15,Wheat,1984,4357.700000,A,4505245.000000,A,1033854.000000,A
138,484,Mexico,15,Wheat,2000,4935.500000,A,3493210.000000,A,707768.000000,A
138,484,Mexico,15,Wheat,2014,5193.500000,A,3669813.710000,A,706611.000000,A
141,496,Mongolia,15,Wheat,1967,840.100000,A,289000.000000,A,344000.000000,A
141,496,Mongolia,15,Wheat,1988,1370.900000,A,672187.000000,A,490319.000000,A
141,496,Mongolia,15,Wheat,1975,1157.300000,A,365700.000000,A,316000.000000,A
273,499,Montenegro,15,Wheat,2019,2788.300000,A,2147.000000,A,770.000000,A
273,499,Montenegro,15,Wheat,2020,3046.300000,A,2239.000000,A,735.000000,A
143,504,Morocco,15,Wheat,2000,475.800000,A,1380700.000000,A,2901600.000000,A
143,504,Morocco,15,Wheat,2011,1948.800000,A,6017821.000000,A,3088000.000000,A
143,504,Morocco,15,Wheat,1998,1418.400000,A,4378480.000000,A,3087000.000000,A
143,504,Morocco,15,Wheat,2004,1808.200000,A,5539840.000000,A,3063700.000000,A
143,504,Morocco,15,Wheat,1997,929.200000,A,2316490.000000,A,2492900.000000,A
143,504,Morocco,15,Wheat,1973,771.800000,A,1574000.000000,A,2039300.000000,A
143,504,Morocco,15,Wheat,1972,1081.300000,A,2160770.000000,A,1998400.000000,A
143,504,Morocco,15,Wheat,1977,634.500000,A,1287600.000000,A,2029400.000000,A
143,504,Morocco,15,Wheat,2022,1111.400000,A,2707652.170000,A,2436350.000000,A
144,508,Mozambique,15,Wheat,2003,1187.500000,E,3800.000000,E,3200.000000,E
144,508,Mozambique,15,Wheat,2022,1000.000000,X,16000.000000,X,16000.000000,X
144,508,Mozambique,15,Wheat,2004,1087.000000,E,5000.000000,E,4600.000000,E
144,508,Mozambique,15,Wheat,2014,1090.000000,A,20710.000000,A,19000.000000,A
144,508,Mozambique,15,Wheat,1965,1000.000000,E,10000.000000,E,10000.000000,E
144,508,Mozambique,15,Wheat,1976,600.000000,E,3000.000000,E,5000.000000,E
144,508,Mozambique,15,Wheat,1971,1046.200000,E,13600.000000,A,13000.000000,E
144,508,Mozambique,15,Wheat,1974,1000.000000,X,6000.000000,X,6000.000000,X
28,104,Myanmar,15,Wheat,2020,1863.400000,A,105457.000000,A,56593.000000,A
28,104,Myanmar,15,Wheat,2013,1807.800000,A,182900.000000,A,101172.000000,A
28,104,Myanmar,15,Wheat,1979,503.700000,A,41640.000000,A,82662.000000,A
28,104,Myanmar,15,Wheat,1988,1309.700000,A,156866.000000,A,119770.000000,A
28,104,Myanmar,15,Wheat,1989,1073.700000,A,130138.000000,A,121204.000000,A
28,104,Myanmar,15,Wheat,2003,1287.000000,A,122400.000000,A,95101.000000,A
28,104,Myanmar,15,Wheat,1977,878.300000,A,76393.000000,A,86979.000000,A
28,104,Myanmar,15,Wheat,2017,1883.200000,A,123251.860000,A,65448.000000,A
147,516,Namibia,15,Wheat,1999,3644.000000,E,3644.000000,A,1000.000000,E
147,516,Namibia,15,Wheat,2010,6094.200000,E,13397.330000,I,2198.000000,I
147,516,Namibia,15,Wheat,1977,2000.000000,E,800.000000,E,400.000000,E
147,516,Namibia,15,Wheat,1965,1555.600000,E,700.000000,E,450.000000,E
147,516,Namibia,15,Wheat,1967,1500.000000,E,600.000000,E,400.000000,E
147,516,Namibia,15,Wheat,1963,1333.300000,E,600.000000,E,450.000000,E
147,516,Namibia,15,Wheat,1979,2500.000000,E,1000.000000,E,400.000000,E
147,516,Namibia,15,Wheat,1981,2857.100000,E,2000.000000,E,700.000000,E
147,516,Namibia,15,Wheat,2005,4525.500000,A,11015.000000,A,2434.000000,A
147,516,Namibia,15,Wheat,2019,5505.800000,E,6100.000000,A,1108.000000,I
147,516,Namibia,15,Wheat,1976,2000.000000,E,800.000000,E,400.000000,E
147,516,Namibia,15,Wheat,2003,6250.900000,A,10289.000000,A,1646.000000,A
147,516,Namibia,15,Wheat,2011,6121.900000,E,16300.000000,X,2663.000000,I
149,524,Nepal,15,Wheat,1986,1238.600000,A,598000.000000,A,482820.000000,A
149,524,Nepal,15,Wheat,1981,1218.000000,A,477190.000000,A,391790.000000,A
149,524,Nepal,15,Wheat,1989,1385.100000,A,830050.000000,A,599290.000000,A
149,524,Nepal,15,Wheat,1982,1315.200000,A,525930.000000,A,399890.000000,A
150,528,Netherlands (Kingdom of the),15,Wheat,1969,4357.800000,A,677181.000000,A,155394.000000,A
150,528,Netherlands (Kingdom of the),15,Wheat,2014,9169.800000,A,1304054.000000,A,142212.000000,A
150,528,Netherlands (Kingdom of the),15,Wheat,1983,7036.800000,A,1042914.000000,A,148208.000000,A
150,528,Netherlands (Kingdom of the),15,Wheat,2012,8587.000000,A,1302002.000000,A,151625.000000,A
150,528,Netherlands (Kingdom of the),15,Wheat,1968,4423.400000,A,678971.000000,A,153496.000000,A
150,528,Netherlands (Kingdom of the),15,Wheat,2001,7944.700000,A,990700.000000,A,124700.000000,A
153,540,New Caledonia,15,Wheat,1999,1750.000000,E,7.000000,A,4.000000,E
153,540,New Caledonia,15,Wheat,2020,557.300000,E,53.600000,A,96.000000,I
153,540,New Caledonia,15,Wheat,1968,2687.500000,E,86.000000,A,32.000000,E
153,540,New Caledonia,15,Wheat,1961,2500.000000,E,100.000000,E,40.000000,A
153,540,New Caledonia,15,Wheat,1967,3000.000000,E,150.000000,A,50.000000,E
153,540,New Caledonia,15,Wheat,1994,1957.100000,E,137.000000,A,70.000000,E
153,540,New Caledonia,15,Wheat,1973,3350.000000,E,67.000000,E,20.000000,E
156,554,New Zealand,15,Wheat,1961,3351.700000,A,253349.000000,A,75589.000000,A
156,554,New Zealand,15,Wheat,2022,9390.000000,A,402557.000000,A,42871.000000,A
156,554,New Zealand,15,Wheat,1996,5473.800000,A,277014.000000,A,50607.000000,A
156,554,New Zealand,15,Wheat,1994,5414.500000,A,241853.000000,A,44668.000000,A
156,554,New Zealand,15,Wheat,2001,7428.600000,A,364000.000000,A,49000.000000,A
156,554,New Zealand,15,Wheat,1965,3361.800000,A,250320.000000,A,74460.000000,A
158,562,Niger,15,Wheat,1976,1111.100000,A,1000.000000,A,900.000000,A
158,562,Niger,15,Wheat,2013,3009.000000,A,5666.000000,A,1883.000000,A
158,562,Niger,15,Wheat,2006,1499.200000,E,7796.000000,A,5200.000000,E
158,562,Niger,15,Wheat,1972,1284.700000,A,370.000000,A,288.000000,A
159,566,Nigeria,15,Wheat,2020,1100.000000,X,55000.000000,X,50000.000000,X
159,566,Nigeria,15,Wheat,1987,1930.600000,A,139000.000000,A,72000.000000,A
159,566,Nigeria,15,Wheat,1997,2640.000000,A,66000.000000,A,25000.000000,A
159,566,Nigeria,15,Wheat,1988,1250.000000,X,50000.000000,X,40000.000000,X
159,566,Nigeria,15,Wheat,1979,2200.000000,E,22000.000000,A,10000.000000,E
154,807,North Macedonia,15,Wheat,2015,2754.100000,A,201218.000000,A,73060.000000,A
154,807,North Macedonia,15,Wheat,2016,3838.500000,A,306433.000000,A,79832.000000,A
154,807,North Macedonia,15,Wheat,1997,2548.500000,A,293762.000000,A,115267.000000,A
162,578,Norway,15,Wheat,1990,4663.400000,A,223606.000000,A,47949.000000,A
162,578,Norway,15,Wheat,2011,3851.700000,A,284600.000000,A,73890.000000,A
162,578,Norway,15,Wheat,1997,4310.100000,A,255500.000000,A,59280.000000,A
162,578,Norway,15,Wheat,1961,2830.000000,A,27400.000000,A,9682.000000,A
162,578,Norway,15,Wheat,2012,4101.100000,A,274700.000000,A,66982.000000,A
162,578,Norway,15,Wheat,1992,3529.500000,A,192500.000000,A,54540.000000,A
162,578,Norway,15,Wheat,2005,4892.500000,A,395400.000000,A,80817.000000,A
221,512,Oman,15,Wheat,2021,3231.200000,A,3542.000000,A,1096.000000,A
221,512,Oman,15,Wheat,1996,2379.300000,E,1380.000000,E,580.000000,E
221,512,Oman,15,Wheat,1974,1666.700000,E,3000.000000,E,1800.000000,E
221,512,Oman,15,Wheat,1980,500.000000,A,359.000000,A,718.000000,A
221,512,Oman,15,Wheat,1976,1666.700000,E,2000.000000,E,1200.000000,E
221,512,Oman,15,Wheat,1966,1416.700000,E,1700.000000,E,1200.000000,E
221,512,Oman,15,Wheat,2014,3663.100000,A,3403.000000,A,929.000000,A
221,512,Oman,15,Wheat,1992,2314.800000,E,1250.000000,E,540.000000,E
221,512,Oman,15,Wheat,1965,1363.600000,E,1500.000000,E,1100.000000,E
165,586,Pakistan,15,Wheat,1985,1612.300000,A,11703000.000000,A,7258500.000000,A
165,586,Pakistan,15,Wheat,1986,1880.600000,A,13923000.000000,A,7403300.000000,A
165,586,Pakistan,15,Wheat,1992,1991.000000,A,15684200.000000,A,7877600.000000,A
165,586,Pakistan,15,Wheat,1966,759.700000,A,3916000.000000,A,5155000.000000,A
299,275,Palestine,15,Wheat,1992,,,,M,,M
299,275,Palestine,15,Wheat,2021,3055.200000,A,25939.000000,A,8490.000000,A
299,275,Palestine,15,Wheat,1994,1119.200000,A,18241.000000,A,16298.000000,A
299,275,Palestine,15,Wheat,2003,2074.900000,A,44947.000000,A,21662.000000,A
299,275,Palestine,15,Wheat,2013,2403.200000,A,41720.000000,A,17360.000000,A
169,600,Paraguay,15,Wheat,2002,1726.300000,A,536754.000000,A,310931.000000,A
169,600,Paraguay,15,Wheat,2020,2709.800000,A,1302870.000000,A,480800.000000,A
169,600,Paraguay,15,Wheat,1984,1200.400000,E,120764.000000,A,100600.000000,X
169,600,Paraguay,15,Wheat,1996,2454.400000,A,543435.000000,A,221415.000000,A
169,600,Paraguay,15,Wheat,1995,1209.400000,A,208617.000000,A,172497.000000,A
170,604,Peru,15,Wheat,1986,1236.200000,A,121143.000000,A,97994.000000,A
170,604,Peru,15,Wheat,1994,1242.000000,A,127035.000000,A,102280.000000,A
170,604,Peru,15,Wheat,1972,890.100000,A,120080.000000,A,134910.000000,A
170,604,Peru,15,Wheat,2003,1377.900000,A,190453.000000,A,138219.000000,A
170,604,Peru,15,Wheat,2016,1562.300000,A,188468.760000,A,120634.000000,A
170,604,Peru,15,Wheat,1962,992.600000,A,152666.000000,A,153800.000000,A
173,616,Poland,15,Wheat,1996,3457.400000,A,8575954.000000,A,2480428.000000,A
173,616,Poland,15,Wheat,1976,3135.500000,A,5744775.000000,A,1832193.000000,A
173,616,Poland,15,Wheat,2020,5234.200000,A,12515060.000000,A,2391000.000000,A
173,616,Poland,15,Wheat,2012,4143.800000,A,8607600.000000,A,2077200.000000,A
173,616,Poland,15,Wheat,2011,4134.800000,A,9339200.000000,A,2258700.000000,A
173,616,Poland,15,Wheat,2018,3987.100000,A,9637620.000000,A,2417230.000000,A
174,620,Portugal,15,Wheat,1996,1713.900000,A,405826.000000,A,236789.000000,A
179,634,Qatar,15,Wheat,1964,,,0.000000,A,0.000000,A
179,634,Qatar,15,Wheat,1979,2181.800000,A,120.000000,A,55.000000,A
117,410,Republic of Korea,15,Wheat,1986,2937.900000,A,4545.000000,A,1547.000000,A
117,410,Republic of Korea,15,Wheat,2003,3051.200000,A,10011.000000,A,3281.000000,A
117,410,Republic of Korea,15,Wheat,1969,2390.000000,A,224023.000000,A,93733.000000,A
117,410,Republic of Korea,15,Wheat,2019,4021.400000,A,15024.000000,A,3736.000000,A
146,498,Republic of Moldova,15,Wheat,2001,2713.300000,A,1185210.000000,A,436821.000000,A
146,498,Republic of Moldova,15,Wheat,2021,4601.400000,A,1565218.000000,A,340161.000000,A
146,498,Republic of Moldova,15,Wheat,1995,3242.700000,A,1277501.000000,A,393965.000000,A
146,498,Republic of Moldova,15,Wheat,2013,2755.100000,A,1008647.000000,A,366097.000000,A
183,642,Romania,15,Wheat,2020,2966.000000,A,6392370.000000,A,2155250.000000,A
183,642,Romania,15,Wheat,1992,2195.000000,A,3206382.000000,A,1460798.000000,A
185,643,Russian Federation,15,Wheat,1996,1544.900000,A,34831232.000000,A,22546000.000000,A
185,643,Russian Federation,15,Wheat,1992,1903.000000,A,46166670.000000,A,24259500.000000,A
184,646,Rwanda,15,Wheat,2000,641.600000,A,6444.000000,A,10043.000000,A
184,646,Rwanda,15,Wheat,1999,697.400000,A,3607.000000,A,5172.000000,A
184,646,Rwanda,15,Wheat,1963,802.600000,A,1744.000000,A,2173.000000,A
184,646,Rwanda,15,Wheat,1989,1155.600000,E,10400.000000,A,9000.000000,E
184,646,Rwanda,15,Wheat,2021,1039.300000,A,13684.000000,A,13167.000000,A
194,682,Saudi Arabia,15,Wheat,1982,2758.800000,A,416735.000000,A,151058.000000,A
194,682,Saudi Arabia,15,Wheat,1986,4042.900000,A,2289995.000000,A,566418.000000,A
194,682,Saudi Arabia,15,Wheat,1998,4499.900000,A,1734000.000000,A,385340.000000,A
272,688,Serbia,15,Wheat,2019,4389.000000,A,2534643.110000,A,577499.000000,A
272,688,Serbia,15,Wheat,2018,4574.200000,A,2941601.000000,A,643083.000000,A
186,891,Serbia and Montenegro,15,Wheat,1999,3287.000000,A,2035000.000000,A,619100.000000,A
186,891,Serbia and Montenegro,15,Wheat,1994,3578.400000,A,3249200.000000,A,908000.000000,A
199,703,Slovakia,15,Wheat,2017,4738.600000,A,1770659.000000,A,373667.000000,A
199,703,Slovakia,15,Wheat,1994,4851.800000,A,2144626.000000,A,442031.000000,A
198,705,Slovenia,15,Wheat,2022,5469.900000,A,150750.000000,A,27560.000000,A
201,706,Somalia,15,Wheat,2024,400.600000,E,1063.300000,I,2654.000000,I
201,706,Somalia,15,Wheat,1979,0.000000,E,0.000000,A,3500.000000,E
201,706,Somalia,15,Wheat,1973,0.000000,A,0.000000,A,3500.000000,A
201,706,Somalia,15,Wheat,1991,366.700000,E,660.000000,E,1800.000000,E
201,706,Somalia,15,Wheat,1982,0.000000,E,0.000000,A,3500.000000,E
201,706,Somalia,15,Wheat,2006,369.200000,E,960.000000,E,2600.000000,E
201,706,Somalia,15,Wheat,2021,398.800000,E,1060.020000,I,2658.000000,I
201,706,Somalia,15,Wheat,1983,0.000000,E,0.000000,A,3600.000000,E
201,706,Somalia,15,Wheat,1965,,,0.000000,A,0.000000,A
202,710,South Africa,15,Wheat,1983,980.800000,A,1784000.000000,A,1819000.000000,A
202,710,South Africa,15,Wheat,1995,1450.700000,A,1977254.000000,A,1363000.000000,A
202,710,South Africa,15,Wheat,2013,3699.300000,A,1870000.000000,A,505500.000000,A
202,710,South Africa,15,Wheat,2001,2570.800000,A,2503950.000000,A,974000.000000,A
202,710,South Africa,15,Wheat,1961,619.000000,A,871000.000000,A,1407000.000000,A
203,724,Spain,15,Wheat,2019,3146.300000,A,6041170.000000,A,1920090.000000,A
203,724,Spain,15,Wheat,1979,1600.300000,A,4082300.000000,A,2551000.000000,A
203,724,Spain,15,Wheat,1964,960.900000,A,3981000.000000,A,4143000.000000,A
203,724,Spain,15,Wheat,1988,2785.200000,A,6514100.000000,A,2338800.000000,A
203,724,Spain,15,Wheat,2010,3049.800000,A,5941197.000000,A,1948073.000000,A
203,724,Spain,15,Wheat,2015,2923.600000,A,6362694.000000,A,2176354.000000,A
276,729,Sudan,15,Wheat,2021,2522.900000,X,676380.000000,X,268100.000000,X
206,736,Sudan (former),15,Wheat,1976,902.100000,A,263000.000000,A,291536.000000,A
206,736,Sudan (former),15,Wheat,1984,1115.600000,A,157000.000000,A,140727.000000,A
206,736,Sudan (former),15,Wheat,2011,1598.200000,A,292000.000000,A,182700.000000,A
206,736,Sudan (former),15,Wheat,1980,1211.200000,A,231000.000000,A,190716.000000,A
210,752,Sweden,15,Wheat,1988,5176.200000,A,1295500.000000,A,250280.000000,A
210,752,Sweden,15,Wheat,1991,5859.100000,A,1480900.000000,A,252750.000000,A
211,756,Switzerland,15,Wheat,1976,4391.700000,A,399600.000000,A,90990.000000,A
211,756,Switzerland,15,Wheat,1998,6181.100000,A,603242.000000,A,97595.000000,A
211,756,Switzerland,15,Wheat,1975,3959.300000,A,355500.000000,A,89788.000000,A
211,756,Switzerland,15,Wheat,1980,4362.800000,A,394400.000000,A,90400.000000,A
211,756,Switzerland,15,Wheat,2011,6295.200000,A,553150.000000,A,87868.000000,A
211,756,Switzerland,15,Wheat,2002,5634.000000,A,516500.000000,A,91675.000000,A
212,760,Syrian Arab Republic,15,Wheat,2003,2735.500000,A,4912993.000000,A,1796020.000000,A
212,760,Syrian Arab Republic,15,Wheat,1961,575.400000,A,757000.000000,A,1315499.000000,A
212,760,Syrian Arab Republic,15,Wheat,1975,916.000000,A,1550061.000000,A,1692267.000000,A
212,760,Syrian Arab Republic,15,Wheat,2021,1245.400000,A,1951805.930000,A,1567262.000000,A
212,760,Syrian Arab Republic,15,Wheat,1992,2205.600000,A,3046000.000000,A,1381000.000000,A
212,760,Syrian Arab Republic,15,Wheat,2023,2306.200000,A,3080351.000000,A,1335667.000000,A
208,762,Tajikistan,15,Wheat,2002,1789.800000,A,544565.000000,A,304259.000000,A
208,762,Tajikistan,15,Wheat,1998,1144.800000,A,388149.000000,A,339064.000000,A
208,762,Tajikistan,15,Wheat,2008,1986.600000,A,659096.000000,A,331766.000000,A
208,762,Tajikistan,15,Wheat,1992,907.300000,A,166400.000000,A,183400.000000,A
216,764,Thailand,15,Wheat,2011,913.400000,E,1115.480000,I,1221.000000,I
216,764,Thailand,15,Wheat,2000,696.900000,E,800.000000,X,1148.000000,I
216,764,Thailand,15,Wheat,2008,824.800000,E,1045.220000,I,1267.000000,I
216,764,Thailand,15,Wheat,2018,1030.600000,E,1306.580000,E,1268.000000,I
216,764,Thailand,15,Wheat,2020,1022.700000,E,1325.730000,E,1296.000000,I
222,788,Tunisia,15,Wheat,1973,936.800000,E,890000.000000,A,950000.000000,E
222,788,Tunisia,15,Wheat,2012,2020.300000,A,1523300.000000,A,754000.000000,A
222,788,Tunisia,15,Wheat,2014,2093.000000,A,1513000.000000,A,722880.000000,A
222,788,Tunisia,15,Wheat,2007,1876.200000,A,1442800.000000,A,769000.000000,A
222,788,Tunisia,15,Wheat,2011,2079.100000,A,1605500.000000,A,772200.000000,A
222,788,Tunisia,15,Wheat,1979,664.100000,A,680000.000000,A,1024000.000000,A
222,788,Tunisia,15,Wheat,1961,547.100000,E,465000.000000,E,850000.000000,E
222,788,Tunisia,15,Wheat,2019,2262.800000,A,1455000.000000,A,643000.000000,A
213,795,Turkmenistan,15,Wheat,2015,1811.500000,E,1406000.000000,X,776142.000000,I
213,795,Turkmenistan,15,Wheat,2014,1642.400000,E,1200000.000000,X,730634.000000,I
213,795,Turkmenistan,15,Wheat,1992,1913.700000,A,377000.000000,A,197000.000000,A
213,795,Turkmenistan,15,Wheat,2004,3170.700000,E,2600000.000000,A,820000.000000,X
223,792,Türkiye,15,Wheat,1961,909.300000,A,7135000.000000,A,7846500.000000,A
223,792,Türkiye,15,Wheat,1969,1229.200000,A,10593000.000000,A,8618000.000000,A
223,792,Türkiye,15,Wheat,1970,1170.100000,A,10081000.000000,A,8615500.000000,A
226,800,Uganda,15,Wheat,2016,1581.000000,E,22100.000000,A,13978.000000,I
226,800,Uganda,15,Wheat,2024,1666.700000,X,25000.000000,X,15000.000000,X
226,800,Uganda,15,Wheat,1992,1760.000000,A,8800.000000,A,5000.000000,A
226,800,Uganda,15,Wheat,2002,1750.000000,A,14000.000000,A,8000.000000,A
226,800,Uganda,15,Wheat,1983,2400.000000,A,12000.000000,A,5000.000000,A
226,800,Uganda,15,Wheat,1984,1750.000000,A,7000.000000,A,4000.000000,A
226,800,Uganda,15,Wheat,2023,1666.700000,X,25000.000000,X,15000.000000,X
230,804,Ukraine,15,Wheat,1992,3092.600000,A,19507424.000000,A,6307720.000000,A
230,804,Ukraine,15,Wheat,2008,3669.800000,A,25885400.000000,A,7053600.000000,A
225,784,United Arab Emirates,15,Wheat,2023,,,,M,,M
225,784,United Arab Emirates,15,Wheat,1964,,,0.000000,A,0.000000,A
225,784,United Arab Emirates,15,Wheat,1972,,,0.000000,A,0.000000,A
225,784,United Arab Emirates,15,Wheat,1995,1741.900000,A,972.000000,A,558.000000,A
225,784,United Arab Emirates,15,Wheat,1967,,,0.000000,A,0.000000,A
229,826,United Kingdom of Great Britain and Northern Ireland,15,Wheat,2010,7674.600000,A,14877835.000000,A,1938577.000000,A
229,826,United Kingdom of Great Britain and Northern Ireland,15,Wheat,1962,4352.700000,A,3974000.000000,A,913000.000000,A
229,826,United Kingdom of Great Britain and Northern Ireland,15,Wheat,1977,4900.600000,A,5274163.000000,A,1076230.000000,A
229,826,United Kingdom of Great Britain and Northern Ireland,15,Wheat,1993,7328.200000,A,12890070.000000,A,1758958.000000,A
229,826,United Kingdom of Great Britain and Northern Ireland,15,Wheat,1990,6971.200000,A,14033000.000000,A,2013000.000000,A
229,826,United Kingdom of Great Britain and Northern Ireland,15,Wheat,1979,5229.200000,A,7168000.000000,A,1370760.000000,A
215,834,United Republic of Tanzania,15,Wheat,1998,1121.700000,A,111500.000000,A,99400.000000,A
215,834,United Republic of Tanzania,15,Wheat,2009,552.100000,A,82370.000000,A,149200.000000,A
215,834,United Republic of Tanzania,15,Wheat,1985,1696.100000,A,72000.000000,A,42450.000000,A
215,834,United Republic of Tanzania,15,Wheat,1975,1232.100000,A,69000.000000,A,56000.000000,A
215,834,United Republic of Tanzania,15,Wheat,1981,1862.700000,E,95000.000000,A,51000.000000,E
231,840,United States of America,15,Wheat,2002,2356.700000,A,43703968.000000,A,18544516.000000,A
231,840,United States of America,15,Wheat,1985,2519.700000,A,65975008.000000,A,26184000.000000,A
231,840,United States of America,15,Wheat,2022,3126.500000,A,44897830.000000,A,14360420.000000,A
231,840,United States of America,15,Wheat,2003,2971.200000,A,63803256.000000,A,21474070.000000,A
231,840,United States of America,15,Wheat,2018,3200.500000,A,51305540.000000,A,16030580.000000,A
234,858,Uruguay,15,Wheat,1962,1128.900000,A,452089.000000,A,400480.000000,A
234,858,Uruguay,15,Wheat,1979,1362.300000,A,435281.000000,A,319510.000000,A
234,858,Uruguay,15,Wheat,1988,2341.000000,A,413575.000000,A,176666.000000,A
234,858,Uruguay,15,Wheat,2016,3608.200000,A,1191000.000000,A,330080.000000,A
234,858,Uruguay,15,Wheat,2011,3219.600000,A,1300700.000000,A,404000.000000,A
234,858,Uruguay,15,Wheat,2013,2182.200000,A,982000.000000,A,450000.000000,A
234,858,Uruguay,15,Wheat,1974,1225.300000,A,526499.000000,A,429678.000000,A
234,858,Uruguay,15,Wheat,1982,1523.100000,A,363144.000000,A,238421.000000,A
234,858,Uruguay,15,Wheat,1990,1851.000000,A,417400.000000,A,225500.000000,A
235,860,Uzbekistan,15,Wheat,2012,4709.500000,A,6612200.000000,A,1404000.000000,A
235,860,Uzbekistan,15,Wheat,2020,4555.600000,A,6157844.000000,A,1351717.000000,A
236,862,Venezuela (Bolivarian Republic of),15,Wheat,1989,338.200000,A,302.000000,A,893.000000,A
236,862,Venezuela (Bolivarian Republic of),15,Wheat,2019,2946.800000,A,831.000000,A,282.000000,A
236,862,Venezuela (Bolivarian Republic of),15,Wheat,1988,334.000000,A,319.000000,A,955.000000,A
249,887,Yemen,15,Wheat,1966,1302.700000,X,43900.000000,X,33700.000000,X
249,887,Yemen,15,Wheat,2002,1474.000000,A,131733.000000,A,89370.000000,A
249,887,Yemen,15,Wheat,2007,1544.100000,A,218520.000000,A,141520.000000,A
249,887,Yemen,15,Wheat,1963,1298.200000,E,37000.000000,E,28500.000000,E
248,890,Yugoslav SFR,15,Wheat,1974,3409.100000,A,6283000.000000,A,1843000.000000,A
251,894,Zambia,15,Wheat,1994,5269.200000,A,60944.000000,A,11566.000000,A
251,894,Zambia,15,Wheat,2008,9938.700000,A,113242.000000,A,11394.000000,A
251,894,Zambia,15,Wheat,2017,7243.900000,A,193713.150000,A,26741.000000,A
251,894,Zambia,15,Wheat,1988,4246.500000,A,37123.000000,A,8742.000000,A
251,894,Zambia,15,Wheat,1963,2014.000000,A,717.000000,A,356.000000,A
251,894,Zambia,15,Wheat,1978,3338.100000,A,5341.000000,A,1600.000000,A
181,716,Zimbabwe,15,Wheat,1973,3887.400000,A,83921.000000,A,21588.000000,A
181,716,Zimbabwe,15,Wheat,2009,3000.000000,E,12000.000000,X,4000.000000,E
181,716,Zimbabwe,15,Wheat,1985,5454.400000,A,207200.000000,A,37988.000000,A
2,4,Afghanistan,15,Wheat,2008,1226.300000,A,2623000.000000,A,2139000.000000,A
2,4,Afghanistan,15,Wheat,2014,2023.700000,A,5370259.000000,A,2653746.000000,A
2,4,Afghanistan,15,Wheat,1980,1254.900000,E,2550000.000000,E,2032000.000000,E
3,8,Albania,15,Wheat,1982,2688.600000,A,524000.000000,A,194900.000000,A
3,8,Albania,15,Wheat,1968,1412.400000,A,203184.000000,A,143854.000000,A
3,8,Albania,15,Wheat,1961,773.100000,A,97800.000000,A,126500.000000,A
3,8,Albania,15,Wheat,1999,2495.400000,A,272000.000000,A,109000.000000,A
4,12,Algeria,15,Wheat,2011,1740.500000,A,2910890.000000,A,1672431.000000,A
7,24,Angola,15,Wheat,2013,999.100000,E,3416.860000,I,3420.000000,E
7,24,Angola,15,Wheat,1968,1350.000000,X,27000.000000,X,20000.000000,X
7,24,Angola,15,Wheat,1985,625.000000,E,3000.000000,E,4800.000000,E
7,24,Angola,15,Wheat,1973,886.700000,E,11527.000000,A,13000.000000,X
7,24,Angola,15,Wheat,2009,1000.000000,E,4000.000000,X,4000.000000,E
7,24,Angola,15,Wheat,1990,799.500000,A,2500.000000,A,3127.000000,A
52,31,Azerbaijan,15,Wheat,1992,2170.500000,A,943387.000000,A,434649.000000,A
9,32,Argentina,15,Wheat,1990,1894.700000,A,10055700.000000,A,5307274.000000,A
9,32,Argentina,15,Wheat,2007,2830.600000,A,16354091.000000,A,5777560.000000,A
10,36,Australia,15,Wheat,2000,1820.900000,A,22108000.000000,A,12141000.000000,A
10,36,Australia,15,Wheat,1997,1841.200000,A,19224000.000000,A,10441000.000000,A
10,36,Australia,15,Wheat,2010,2030.100000,A,27410076.000000,A,13501780.000000,A
10,36,Australia,15,Wheat,1985,1369.500000,A,15999000.000000,A,11682000.000000,A
10,36,Australia,15,Wheat,1974,1367.100000,A,11357000.000000,A,8307541.000000,A
10,36,Australia,15,Wheat,2020,2524.900000,A,31922554.700000,A,12643216.000000,A
10,36,Australia,15,Wheat,1978,1765.100000,A,18090000.000000,A,10248895.000000,A
11,40,Austria,15,Wheat,2021,5529.900000,A,1547600.000000,A,279860.000000,A
11,40,Austria,15,Wheat,1964,2652.400000,A,750534.000000,A,282967.000000,A
16,50,Bangladesh,15,Wheat,1987,1865.700000,A,1090990.000000,A,584766.000000,A
16,50,Bangladesh,15,Wheat,1996,1953.100000,A,1369130.000000,A,701000.000000,A
16,50,Bangladesh,15,Wheat,1972,903.800000,A,115012.000000,A,127259.000000,A
16,50,Bangladesh,15,Wheat,1981,1847.900000,A,1092513.000000,A,591216.000000,A
16,50,Bangladesh,15,Wheat,2008,2175.300000,A,844000.000000,A,388000.000000,A
1,51,Armenia,15,Wheat,2005,2025.200000,A,258361.000000,A,127574.000000,A
255,56,Belgium,15,Wheat,2014,9412.900000,A,1994600.000000,A,211900.000000,A
255,56,Belgium,15,Wheat,2007,7890.800000,A,1577342.000000,A,199897.000000,A
15,58,Belgium-Luxembourg,15,Wheat,1979,5130.400000,A,1014501.000000,A,197743.000000,A
15,58,Belgium-Luxembourg,15,Wheat,1974,5431.100000,A,1077990.000000,A,198483.000000,A
18,64,Bhutan,15,Wheat,1970,1015.900000,E,6400.000000,E,6300.000000,E
18,64,Bhutan,15,Wheat,1990,769.200000,E,5000.000000,A,6500.000000,E
18,64,Bhutan,15,Wheat,1969,1016.400000,E,6200.000000,E,6100.000000,E
18,64,Bhutan,15,Wheat,2020,1632.100000,A,1623.240000,A,995.000000,A
18,64,Bhutan,15,Wheat,2002,1126.900000,A,4582.000000,A,4066.000000,A
18,64,Bhutan,15,Wheat,2001,1000.000000,E,4500.000000,E,4500.000000,E
18,64,Bhutan,15,Wheat,2024,1123.800000,A,838.340000,A,746.000000,A
18,64,Bhutan,15,Wheat,1975,1013.700000,E,7400.000000,E,7300.000000,E
19,68,Bolivia (Plurinational State of),15,Wheat,1993,1032.000000,A,145129.000000,A,140626.000000,A
19,68,Bolivia (Plurinational State of),15,Wheat,1971,786.200000,A,47100.000000,A,59910.000000,A
19,68,Bolivia (Plurinational State of),15,Wheat,1978,645.600000,A,56590.000000,A,87655.000000,A
80,70,Bosnia and Herzegovina,15,Wheat,2004,3671.100000,A,318986.000000,A,86890.000000,A
20,72,Botswana,15,Wheat,2009,,,0.000000,A,0.000000,A
20,72,Botswana,15,Wheat,1965,2500.000000,E,400.000000,E,160.000000,E
20,72,Botswana,15,Wheat,1997,1721.800000,E,625.240000,I,363.000000,I
20,72,Botswana,15,Wheat,2013,,,0.000000,E,0.000000,E
21,76,Brazil,15,Wheat,1974,1156.800000,A,2858530.000000,A,2471150.000000,A
21,76,Brazil,15,Wheat,1967,757.400000,A,629301.000000,A,830869.000000,A
21,76,Brazil,15,Wheat,1996,1833.400000,A,3292777.000000,A,1796005.000000,A
21,76,Brazil,15,Wheat,1975,610.000000,A,1788180.000000,A,2931508.000000,A
27,100,Bulgaria,15,Wheat,2005,3156.700000,A,3478066.000000,A,1101807.000000,A
27,100,Bulgaria,15,Wheat,1980,3975.000000,A,3846572.000000,A,967689.000000,A
28,104,Myanmar,15,Wheat,2004,1393.500000,A,150000.000000,A,107646.000000,A
28,104,Myanmar,15,Wheat,2002,1267.900000,A,105700.000000,A,83365.000000,A
28,104,Myanmar,15,Wheat,1975,745.200000,A,63570.000000,A,85309.000000,A
29,108,Burundi,15,Wheat,2004,832.600000,E,7493.000000,A,9000.000000,E
29,108,Burundi,15,Wheat,2018,1409.200000,A,22751.000000,A,16145.000000,A
29,108,Burundi,15,Wheat,2011,697.300000,E,9787.000000,A,14035.000000,I
29,108,Burundi,15,Wheat,1968,784.000000,A,9800.000000,A,12500.000000,A
29,108,Burundi,15,Wheat,1961,444.400000,E,4000.000000,X,9000.000000,E
29,108,Burundi,15,Wheat,1974,521.200000,A,4098.000000,A,7863.000000,A
57,112,Belarus,15,Wheat,2011,3308.800000,A,2132369.000000,A,644463.000000,A
32,120,Cameroon,15,Wheat,1967,,,0.000000,A,0.000000,A
33,124,Canada,15,Wheat,2017,3381.500000,A,30377235.000000,A,8983300.000000,A
33,124,Canada,15,Wheat,1971,1835.100000,A,14412287.000000,A,7853503.000000,A
33,124,Canada,15,Wheat,1997,2128.500000,A,24299400.000000,A,11416000.000000,A
33,124,Canada,15,Wheat,2019,3383.400000,A,32669800.000000,A,9655800.000000,A
33,124,Canada,15,Wheat,1969,1808.400000,A,18267712.000000,A,10101420.000000,A
33,124,Canada,15,Wheat,2011,2956.800000,A,25288000.000000,A,8552500.000000,A
33,124,Canada,15,Wheat,2001,1945.200000,A,20630200.000000,A,10605500.000000,A
39,148,Chad,15,Wheat,2005,1500.000000,A,3603.000000,A,2402.000000,A
39,148,Chad,15,Wheat,1972,1732.800000,A,8210.000000,A,4738.000000,A
39,148,Chad,15,Wheat,1991,1382.200000,A,3421.000000,A,2475.000000,A
39,148,Chad,15,Wheat,2011,492.300000,A,1723.000000,A,3500.000000,A
40,152,Chile,15,Wheat,2003,4323.000000,A,1797080.000000,A,415700.000000,A
40,152,Chile,15,Wheat,1990,2948.100000,A,1718214.000000,A,582820.000000,A
40,152,Chile,15,Wheat,1961,1339.800000,A,1030560.000000,A,769200.000000,A
40,152,Chile,15,Wheat,2019,6286.000000,A,1399919.000000,A,222705.000000,A
40,152,Chile,15,Wheat,2007,4785.900000,A,1095872.000000,A,228979.000000,A
40,152,Chile,15,Wheat,2014,5329.000000,A,1358128.000000,A,254857.000000,A
41,156,"China, mainland",15,Wheat,2006,4593.500000,A,108466000.000000,A,23613000.000000,A
41,156,"China, mainland",15,Wheat,1967,1127.000000,A,28485008.000000,A,25274000.000000,A
41,156,"China, mainland",15,Wheat,2009,4739.000000,A,115115000.000000,A,24291000.000000,A
41,156,"China, mainland",15,Wheat,2014,5243.500000,A,126208400.000000,A,24069420.000000,A
41,156,"China, mainland",15,Wheat,1979,2139.500000,A,62730000.000000,A,29320000.000000,A
214,158,"China, Taiwan Province of",15,Wheat,1993,3490.100000,A,4921.000000,A,1410.000000,A
214,158,"China, Taiwan Province of",15,Wheat,2013,1988.900000,A,4127.000000,A,2075.000000,A
214,158,"China, Taiwan Province of",15,Wheat,2009,4493.800000,A,364.000000,A,81.000000,A
214,158,"China, Taiwan Province of",15,Wheat,2018,2408.500000,A,6096.000000,A,2531.000000,A
214,158,"China, Taiwan Province of",15,Wheat,1987,3650.600000,A,4702.000000,A,1288.000000,A
214,158,"China, Taiwan Province of",15,Wheat,2017,2248.700000,A,5379.000000,A,2392.000000,A
214,158,"China, Taiwan Province of",15,Wheat,1983,1268.200000,A,1570.000000,A,1238.000000,A
214,158,"China, Taiwan Province of",15,Wheat,1961,2033.500000,A,44248.000000,A,21759.000000,A
214,158,"China, Taiwan Province of",15,Wheat,2007,4228.600000,A,296.000000,A,70.000000,A
214,158,"China, Taiwan Province of",15,Wheat,1980,2496.900000,A,2839.000000,A,1137.000000,A
44,170,Colombia,15,Wheat,1997,2124.300000,A,50181.000000,A,23622.000000,A
44,170,Colombia,15,Wheat,1961,888.100000,A,142100.000000,A,160000.000000,A
44,170,Colombia,15,Wheat,1985,1710.100000,A,76100.000000,A,44500.000000,A
44,170,Colombia,15,Wheat,1966,1136.400000,A,125000.000000,A,110000.000000,A
44,170,Colombia,15,Wheat,2005,2337.100000,A,43963.000000,A,18811.000000,A
44,170,Colombia,15,Wheat,1984,1382.300000,A,59300.000000,A,42900.000000,A
250,180,Democratic Republic of the Congo,15,Wheat,1989,926.400000,A,6670.000000,A,7200.000000,A
250,180,Democratic Republic of the Congo,15,Wheat,1975,648.100000,A,3500.000000,A,5400.000000,A
250,180,Democratic Republic of the Congo,15,Wheat,1971,491.900000,A,2000.000000,A,4066.000000,A
250,180,Democratic Republic of the Congo,15,Wheat,2022,1125.000000,X,9000.000000,X,8000.000000,X
98,191,Croatia,15,Wheat,1996,3690.500000,A,741235.000000,A,200852.000000,A
98,191,Croatia,15,Wheat,2016,5653.700000,A,969050.000000,A,171400.000000,A
98,191,Croatia,15,Wheat,2008,5483.300000,A,858333.000000,A,156536.000000,A
98,191,Croatia,15,Wheat,1992,3896.700000,A,658019.000000,A,168865.000000,A
50,196,Cyprus,15,Wheat,1971,1182.800000,A,96520.000000,A,81606.000000,A
50,196,Cyprus,15,Wheat,2020,2671.500000,A,34650.000000,A,12970.000000,A
50,196,Cyprus,15,Wheat,1997,2190.500000,A,11500.000000,A,5250.000000,A
50,196,Cyprus,15,Wheat,2023,1999.300000,A,28250.000000,A,14130.000000,A
50,196,Cyprus,15,Wheat,2016,823.000000,A,6902.000000,A,8386.000000,A
50,196,Cyprus,15,Wheat,1994,2424.200000,A,8000.000000,A,3300.000000,A
50,196,Cyprus,15,Wheat,1970,551.700000,A,43180.000000,A,78261.000000,A
51,200,Czechoslovakia,15,Wheat,1983,4892.600000,A,5819981.000000,A,1189538.000000,A
167,203,Czechia,15,Wheat,2016,6495.900000,A,5454663.000000,A,839710.000000,A
167,203,Czechia,15,Wheat,2012,4315.600000,A,3518896.000000,A,815381.000000,A
167,203,Czechia,15,Wheat,2010,4992.400000,A,4161553.000000,A,833577.000000,A
54,208,Denmark,15,Wheat,1989,7253.400000,A,3224153.000000,A,444503.000000,A
54,208,Denmark,15,Wheat,1996,6986.400000,A,4757742.000000,A,681000.000000,A
54,208,Denmark,15,Wheat,1967,4652.500000,A,420312.000000,A,90342.000000,A
58,218,Ecuador,15,Wheat,1961,992.400000,A,78170.000000,A,78770.000000,A
58,218,Ecuador,15,Wheat,2004,805.300000,A,10214.000000,A,12684.000000,A
58,218,Ecuador,15,Wheat,1988,867.100000,A,34198.000000,A,39440.000000,A
58,218,Ecuador,15,Wheat,2002,569.600000,A,8845.000000,A,15529.000000,A
58,218,Ecuador,15,Wheat,1964,668.100000,A,47200.000000,A,70643.000000,A
58,218,Ecuador,15,Wheat,2017,1292.400000,A,5803.000000,A,4490.000000,A
58,218,Ecuador,15,Wheat,1990,796.700000,A,29907.000000,A,37540.000000,A
238,231,Ethiopia,15,Wheat,1996,1211.400000,A,1162310.000000,A,959450.000000,A
238,231,Ethiopia,15,Wheat,2022,2979.100000,A,6231427.180000,A,2091694.000000,A
238,231,Ethiopia,15,Wheat,1994,1074.900000,A,802747.000000,A,746810.000000,A
178,232,Eritrea,15,Wheat,2008,330.700000,A,5391.000000,A,16300.000000,A
63,233,Estonia,15,Wheat,2010,2744.000000,A,327600.000000,A,119389.000000,A
67,246,Finland,15,Wheat,1998,2892.900000,A,396900.000000,A,137200.000000,A
67,246,Finland,15,Wheat,2022,3843.700000,A,844240.000000,A,219640.000000,A
67,246,Finland,15,Wheat,1979,2102.900000,A,208400.000000,A,99100.000000,A
67,246,Finland,15,Wheat,1970,2332.200000,A,409300.000000,A,175500.000000,A
67,246,Finland,15,Wheat,1987,2020.800000,A,281100.000000,A,139100.000000,A
67,246,Finland,15,Wheat,2008,3640.800000,A,787500.000000,A,216300.000000,A
67,246,Finland,15,Wheat,2010,3429.900000,A,724400.000000,A,211200.000000,A
68,250,France,15,Wheat,1961,2395.000000,A,9573520.000000,A,3997300.000000,A
68,250,France,15,Wheat,1983,5127.400000,A,24745008.000000,A,4826000.000000,A
68,250,France,15,Wheat,1979,4782.000000,A,19544000.000000,A,4087000.000000,A
68,250,France,15,Wheat,1998,7606.300000,A,39801138.200000,A,5232624.000000,A
73,268,Georgia,15,Wheat,2004,1816.500000,A,185834.000000,A,102303.000000,A
73,268,Georgia,15,Wheat,2023,2639.100000,A,147000.000000,A,55700.000000,A
73,268,Georgia,15,Wheat,2001,2688.300000,A,306479.000000,A,114006.000000,A
299,275,Palestine,15,Wheat,2020,2268.600000,A,34370.000000,A,15150.000000,A
79,276,Germany,15,Wheat,1976,3934.400000,A,9416595.000000,A,2393376.000000,A
79,276,Germany,15,Wheat,1965,3232.100000,A,6149342.000000,A,1902596.000000,A
79,276,Germany,15,Wheat,2009,7809.100000,A,25192350.000000,A,3226036.000000,A
79,276,Germany,15,Wheat,1968,4216.200000,A,8575084.000000,A,2033856.000000,A
79,276,Germany,15,Wheat,1980,4738.900000,A,11253864.000000,A,2374806.000000,A
79,276,Germany,15,Wheat,2012,7331.200000,A,22409300.000000,A,3056700.000000,A
89,320,Guatemala,15,Wheat,1977,1244.500000,A,55752.000000,A,44800.000000,A
89,320,Guatemala,15,Wheat,2001,2963.800000,A,6214.220000,A,2097.000000,A
89,320,Guatemala,15,Wheat,2011,2050.900000,A,1433.350000,A,699.000000,A
95,340,Honduras,15,Wheat,1983,590.900000,E,650.000000,E,1100.000000,E
95,340,Honduras,15,Wheat,2003,500.000000,X,1000.000000,X,2000.000000,X
95,340,Honduras,15,Wheat,1984,590.900000,E,650.000000,E,1100.000000,E
97,348,Hungary,15,Wheat,1963,1570.800000,A,1592851.000000,A,1014049.000000,A
97,348,Hungary,15,Wheat,1996,3278.000000,A,3911820.000000,A,1193340.000000,A
97,348,Hungary,15,Wheat,1999,3594.800000,A,2638970.000000,A,734100.000000,A
97,348,Hungary,15,Wheat,2019,5294.900000,A,5377710.000000,A,1015640.000000,A
97,348,Hungary,15,Wheat,1991,5190.000000,A,6007888.000000,A,1157600.000000,A
97,348,Hungary,15,Wheat,1993,3064.900000,A,3020655.000000,A,985548.000000,A
100,356,India,15,Wheat,1980,1435.600000,A,31830000.000000,A,22171696.000000,A
100,356,India,15,Wheat,2013,3153.800000,A,93510000.000000,A,29650000.000000,A
100,356,India,15,Wheat,1970,1208.600000,A,20093296.000000,A,16625500.000000,A
102,364,Iran (Islamic Republic of),15,Wheat,1981,901.700000,A,5652852.000000,A,6268885.000000,A
102,364,Iran (Islamic Republic of),15,Wheat,2014,1745.300000,A,10578698.600000,A,6061248.000000,A
102,364,Iran (Islamic Republic of),15,Wheat,1976,1049.400000,A,6044000.000000,A,5759310.000000,A
103,368,Iraq,15,Wheat,1969,910.000000,E,1183000.000000,A,1300000.000000,E
103,368,Iraq,15,Wheat,1981,756.400000,A,902000.000000,A,1192500.000000,A
103,368,Iraq,15,Wheat,2014,2396.400000,A,5055111.000000,A,2109455.000000,A
103,368,Iraq,15,Wheat,1996,866.700000,X,1300000.000000,X,1500000.000000,X
104,372,Ireland,15,Wheat,2012,7223.500000,A,707900.000000,A,98000.000000,A
104,372,Ireland,15,Wheat,2000,9453.800000,A,737400.000000,A,78000.000000,A
104,372,Ireland,15,Wheat,2016,9539.000000,A,647700.000000,A,67900.000000,A
104,372,Ireland,15,Wheat,1995,8246.100000,A,583000.000000,A,70700.000000,A
104,372,Ireland,15,Wheat,1963,3192.100000,A,300600.000000,A,94169.000000,A
104,372,Ireland,15,Wheat,1996,8996.500000,A,771000.000000,A,85700.000000,A
105,376,Israel,15,Wheat,2007,1850.100000,A,158921.000000,A,85900.000000,A
105,376,Israel,15,Wheat,1962,1086.400000,A,51700.000000,A,47590.000000,A
105,376,Israel,15,Wheat,2006,1545.300000,A,131200.000000,A,84900.000000,A
106,380,Italy,15,Wheat,2002,3124.700000,A,7547763.000000,A,2415535.000000,A
106,380,Italy,15,Wheat,1964,1947.700000,A,8585800.000000,A,4408076.000000,A
106,380,Italy,15,Wheat,1994,3479.600000,A,8251400.000000,A,2371390.000000,A
106,380,Italy,15,Wheat,1988,2765.000000,A,7951900.000000,A,2875916.000000,A
106,380,Italy,15,Wheat,2022,3720.000000,A,6609520.000000,A,1776730.000000,A
106,380,Italy,15,Wheat,1995,3201.300000,A,7946080.000000,A,2482120.000000,A
110,392,Japan,15,Wheat,1999,3454.400000,A,583100.000000,A,168800.000000,A
110,392,Japan,15,Wheat,1978,3274.100000,A,366700.000000,A,112000.000000,A
110,392,Japan,15,Wheat,2016,3688.400000,A,790800.000000,A,214400.000000,A
110,392,Japan,15,Wheat,1967,2719.300000,A,996900.000000,A,366600.000000,A
110,392,Japan,15,Wheat,1995,2931.900000,A,443600.000000,A,151300.000000,A
110,392,Japan,15,Wheat,1986,3567.000000,A,875700.000000,A,245500.000000,A
108,398,Kazakhstan,15,Wheat,2018,1228.100000,A,13944108.000000,A,11354380.000000,A
108,398,Kazakhstan,15,Wheat,1998,520.000000,A,4746300.000000,A,9126900.000000,A
108,398,Kazakhstan,15,Wheat,2003,1025.000000,A,11537420.000000,A,11255700.000000,A
108,398,Kazakhstan,15,Wheat,2022,1272.700000,A,16404491.250000,A,12889831.000000,A
112,400,Jordan,15,Wheat,2006,851.700000,A,22928.000000,A,26920.000000,A
112,400,Jordan,15,Wheat,2022,1891.700000,A,20858.000000,A,11026.000000,A
112,400,Jordan,15,Wheat,1975,422.000000,A,50016.000000,A,118532.000000,A
112,400,Jordan,15,Wheat,1979,166.400000,A,16465.000000,A,98957.000000,A
112,400,Jordan,15,Wheat,1981,510.500000,A,50613.000000,A,99150.000000,A
112,400,Jordan,15,Wheat,2000,1397.100000,A,25433.000000,A,18204.000000,A
112,400,Jordan,15,Wheat,1982,512.400000,A,52250.000000,A,101965.000000,A
114,404,Kenya,15,Wheat,1995,2106.400000,A,312644.000000,A,148425.000000,A
114,404,Kenya,15,Wheat,2011,2041.500000,A,268482.000000,A,131509.000000,A
114,404,Kenya,15,Wheat,1967,1341.400000,A,162200.000000,A,120922.000000,A
114,404,Kenya,15,Wheat,2016,1402.200000,A,214700.000000,A,153119.000000,A
116,408,Democratic People's Republic of Korea,15,Wheat,2007,2437.500000,X,195000.000000,X,80000.000000,X
117,410,Republic of Korea,15,Wheat,2013,2585.200000,A,19061.000000,A,7373.000000,A
117,410,Republic of Korea,15,Wheat,2016,3707.400000,A,38705.000000,A,10440.000000,A
117,410,Republic of Korea,15,Wheat,1988,3284.200000,A,2473.000000,A,753.000000,A
117,410,Republic of Korea,15,Wheat,1987,3023.500000,A,3734.000000,A,1235.000000,A
117,410,Republic of Korea,15,Wheat,1996,3919.300000,A,10923.000000,A,2787.000000,A
117,410,Republic of Korea,15,Wheat,1993,2711.200000,A,1483.000000,A,547.000000,A
118,414,Kuwait,15,Wheat,2010,2347.800000,A,162.000000,A,69.000000,A
118,414,Kuwait,15,Wheat,1965,,,0.000000,A,0.000000,A
113,417,Kyrgyzstan,15,Wheat,2003,2364.900000,A,1013718.000000,A,428652.000000,A
113,417,Kyrgyzstan,15,Wheat,2006,2068.400000,A,840299.000000,A,406260.000000,A
113,417,Kyrgyzstan,15,Wheat,2020,2546.500000,A,629051.500000,A,247028.000000,A
121,422,Lebanon,15,Wheat,1966,1028.100000,A,69992.000000,A,68079.000000,A
121,422,Lebanon,15,Wheat,2013,3256.700000,E,140000.000000,X,42988.000000,I
121,422,Lebanon,15,Wheat,1992,2280.700000,E,61580.000000,A,27000.000000,E
121,422,Lebanon,15,Wheat,1968,700.500000,A,47673.000000,A,68051.000000,A
121,422,Lebanon,15,Wheat,1974,1452.900000,A,75560.000000,A,52006.000000,A
121,422,Lebanon,15,Wheat,1978,1000.000000,E,45000.000000,X,45000.000000,E
122,426,Lesotho,15,Wheat,2009,230.200000,A,6099.000000,A,26493.000000,A
122,426,Lesotho,15,Wheat,1999,738.800000,A,15426.000000,A,20880.000000,A
122,426,Lesotho,15,Wheat,2020,697.000000,A,2004.000000,A,2875.000000,A
122,426,Lesotho,15,Wheat,2003,587.900000,A,21805.000000,A,37092.000000,A
122,426,Lesotho,15,Wheat,1971,609.300000,A,57903.000000,A,95030.000000,A
122,426,Lesotho,15,Wheat,2013,1234.500000,A,13472.000000,A,10913.000000,A
119,428,Latvia,15,Wheat,1999,2410.300000,A,351900.000000,A,146000.000000,A
124,434,Libya,15,Wheat,1968,228.500000,A,52041.000000,A,227790.000000,A
124,434,Libya,15,Wheat,2009,789.500000,E,105000.000000,E,133000.000000,E
124,434,Libya,15,Wheat,1984,714.500000,A,183634.000000,A,257000.000000,A
124,434,Libya,15,Wheat,1994,774.200000,E,120000.000000,E,155000.000000,E
124,434,Libya,15,Wheat,2011,773.000000,E,166000.000000,X,214745.000000,I
124,434,Libya,15,Wheat,2006,787.900000,E,104000.000000,A,132000.000000,E
126,440,Lithuania,15,Wheat,2016,4366.100000,A,3844491.000000,A,880534.000000,A
126,440,Lithuania,15,Wheat,1994,2034.800000,A,549400.000000,A,270000.000000,A
126,440,Lithuania,15,Wheat,2009,4200.400000,A,2100200.000000,A,500000.000000,A
126,440,Lithuania,15,Wheat,2018,3673.100000,A,2838900.000000,A,772890.000000,A
256,442,Luxembourg,15,Wheat,2012,5866.500000,A,79198.000000,A,13500.000000,A
129,450,Madagascar,15,Wheat,1963,,,0.000000,A,0.000000,A
129,450,Madagascar,15,Wheat,2024,2407.000000,E,1000.000000,X,415.000000,I
129,450,Madagascar,15,Wheat,2004,2344.900000,E,8833.070000,I,3767.000000,I
129,450,Madagascar,15,Wheat,1972,,,0.000000,A,0.000000,A
130,454,Malawi,15,Wheat,1971,2216.700000,E,665.000000,A,300.000000,E
130,454,Malawi,15,Wheat,2022,163.000000,E,163.000000,A,1000.000000,X
130,454,Malawi,15,Wheat,2015,1279.000000,A,1178.000000,A,921.000000,A
133,466,Mali,15,Wheat,1993,3090.900000,A,2210.000000,A,715.000000,A
133,466,Mali,15,Wheat,1999,2169.600000,A,7585.000000,A,3496.000000,A
133,466,Mali,15,Wheat,1976,1333.300000,E,2000.000000,X,1500.000000,E
133,466,Mali,15,Wheat,2005,2200.100000,A,4805.000000,A,2184.000000,A
133,466,Mali,15,Wheat,2004,2529.600000,A,8942.000000,A,3535.000000,A
133,466,Mali,15,Wheat,1985,1809.500000,A,1444.000000,A,798.000000,A
133,466,Mali,15,Wheat,2019,1930.100000,A,8226.000000,A,4262.000000,A
133,466,Mali,15,Wheat,2009,2966.500000,A,15132.000000,A,5101.000000,A
134,470,Malta,15,Wheat,1997,4107.300000,E,9036.000000,A,2200.000000,E
136,478,Mauritania,15,Wheat,1999,1508.800000,E,484.370000,I,321.000000,I
136,478,Mauritania,15,Wheat,2021,2205.800000,E,7000.000000,X,3173.000000,I
136,478,Mauritania,15,Wheat,1970,631.600000,E,240.000000,X,380.000000,E
136,478,Mauritania,15,Wheat,1974,500.000000,E,150.000000,E,300.000000,E
136,478,Mauritania,15,Wheat,1965,222.200000,E,100.000000,E,450.000000,E
136,478,Mauritania,15,Wheat,1981,666.700000,E,300.000000,A,450.000000,E
136,478,Mauritania,15,Wheat,2016,2150.400000,X,7720.000000,X,3590.000000,X
138,484,Mexico,15,Wheat,2008,5013.400000,A,4019400.000000,A,801735.000000,A
138,484,Mexico,15,Wheat,1972,2634.500000,A,1809018.000000,A,686665.000000,A
138,484,Mexico,15,Wheat,2004,4487.100000,A,2321200.000000,A,517300.000000,A
138,484,Mexico,15,Wheat,1974,3602.200000,A,2788677.000000,A,774149.000000,A
138,484,Mexico,15,Wheat,1994,4303.400000,A,4150920.000000,A,964572.000000,A
141,496,Mongolia,15,Wheat,2013,1336.900000,A,368379.000000,A,275554.000000,A
141,496,Mongolia,15,Wheat,1980,563.200000,A,229800.000000,A,408000.000000,A
141,496,Mongolia,15,Wheat,1998,637.100000,A,191836.000000,A,301108.000000,A
146,498,Republic of Moldova,15,Wheat,2015,2672.900000,A,922283.000000,A,345053.000000,A
146,498,Republic of Moldova,15,Wheat,2003,2526.100000,E,520518.180000,I,206055.000000,A
273,499,Montenegro,15,Wheat,2024,2840.000000,A,1870.400000,A,659.000000,A
143,504,Morocco,15,Wheat,1984,1072.000000,A,1989480.000000,A,1855800.000000,A
144,508,Mozambique,15,Wheat,2007,1176.500000,E,10000.000000,E,8500.000000,E
221,512,Oman,15,Wheat,2020,2533.200000,A,2865.000000,A,1131.000000,A
221,512,Oman,15,Wheat,1987,1101.500000,A,369.000000,A,335.000000,A
149,524,Nepal,15,Wheat,1995,1441.600000,A,914000.000000,A,634000.000000,A
149,524,Nepal,15,Wheat,1970,1173.300000,A,264670.000000,A,225575.000000,A
149,524,Nepal,15,Wheat,2003,2009.200000,A,1344192.000000,A,669014.000000,A
149,524,Nepal,15,Wheat,2012,2412.300000,A,1846142.000000,A,765317.000000,A
149,524,Nepal,15,Wheat,2013,2290.200000,A,1727346.000000,A,754243.000000,A
150,528,Netherlands (Kingdom of the),15,Wheat,2020,8556.000000,A,931830.000000,A,108910.000000,A
150,528,Netherlands (Kingdom of the),15,Wheat,2022,9393.100000,A,1162860.000000,A,123800.000000,A
150,528,Netherlands (Kingdom of the),15,Wheat,2018,8614.700000,A,961920.000000,A,111660.000000,A
150,528,Netherlands (Kingdom of the),15,Wheat,1973,5255.200000,A,724577.000000,A,137879.000000,A
153,540,New Caledonia,15,Wheat,2017,601.700000,E,14.260000,I,24.000000,I
153,540,New Caledonia,15,Wheat,1962,2500.000000,E,100.000000,E,40.000000,E
153,540,New Caledonia,15,Wheat,1982,1624.600000,A,580.000000,A,357.000000,A
153,540,New Caledonia,15,Wheat,2022,667.800000,E,5.000000,A,7.000000,I
153,540,New Caledonia,15,Wheat,1969,2900.000000,E,87.000000,A,30.000000,E
153,540,New Caledonia,15,Wheat,1983,824.700000,A,381.000000,A,462.000000,A
153,540,New Caledonia,15,Wheat,2001,1850.000000,E,37.000000,A,20.000000,E
156,554,New Zealand,15,Wheat,2004,6550.100000,A,255860.000000,A,39062.000000,A
156,554,New Zealand,15,Wheat,1978,3613.400000,A,328756.000000,A,90982.000000,A
156,554,New Zealand,15,Wheat,2017,9864.400000,A,405182.300000,A,41075.000000,A
158,562,Niger,15,Wheat,1965,856.400000,A,507.000000,A,592.000000,A
158,562,Niger,15,Wheat,2012,1653.700000,A,3114.000000,A,1883.000000,A
158,562,Niger,15,Wheat,1988,1000.000000,E,2000.000000,A,2000.000000,E
158,562,Niger,15,Wheat,1994,2880.000000,A,7200.000000,A,2500.000000,A
159,566,Nigeria,15,Wheat,1986,1970.100000,A,132000.000000,A,67000.000000,A
159,566,Nigeria,15,Wheat,2010,1484.400000,E,110440.620000,I,74399.000000,I
159,566,Nigeria,15,Wheat,1993,2328.600000,A,32600.000000,A,14000.000000,A
159,566,Nigeria,15,Wheat,1994,2346.700000,A,35200.000000,A,15000.000000,A
159,566,Nigeria,15,Wheat,1967,1909.100000,A,21000.000000,A,11000.000000,A
159,566,Nigeria,15,Wheat,2018,1714.200000,A,88362.000000,A,51548.000000,A
162,578,Norway,15,Wheat,1968,3405.100000,A,16365.000000,A,4806.000000,A
162,578,Norway,15,Wheat,1984,5103.300000,A,170400.000000,A,33390.000000,A
162,578,Norway,15,Wheat,2009,3406.900000,A,278000.000000,A,81600.000000,A
165,586,Pakistan,15,Wheat,2015,2725.600000,A,25086174.000000,A,9203874.000000,A
165,586,Pakistan,15,Wheat,1968,1072.700000,A,6418000.000000,A,5983000.000000,A
165,586,Pakistan,15,Wheat,2016,2779.000000,A,25633028.000000,A,9223723.000000,A
165,586,Pakistan,15,Wheat,1974,1248.000000,A,7628503.000000,A,6112691.000000,A
165,586,Pakistan,15,Wheat,2004,2373.300000,A,19499800.000000,A,8216200.000000,A
165,586,Pakistan,15,Wheat,2019,2805.900000,A,24348983.000000,A,8677730.000000,A
165,586,Pakistan,15,Wheat,1977,1431.000000,A,9143873.000000,A,6390069.000000,A
165,586,Pakistan,15,Wheat,2017,2972.900000,A,26673703.000000,A,8972422.000000,A
169,600,Paraguay,15,Wheat,2011,2504.900000,A,1463881.000000,A,584408.000000,A
169,600,Paraguay,15,Wheat,2008,2098.600000,A,799632.000000,A,381028.000000,A
170,604,Peru,15,Wheat,1992,1330.400000,A,93787.000000,A,70494.000000,A
170,604,Peru,15,Wheat,1997,1115.000000,A,123689.000000,A,110931.000000,A
170,604,Peru,15,Wheat,1978,1007.600000,A,104401.000000,A,103610.000000,A
170,604,Peru,15,Wheat,2005,1344.000000,A,178460.000000,A,132779.000000,A
170,604,Peru,15,Wheat,2002,1345.600000,A,186853.000000,A,138863.000000,A
173,616,Poland,15,Wheat,1985,3428.300000,A,6460793.000000,A,1884536.000000,A
173,616,Poland,15,Wheat,1999,3504.200000,A,9051339.000000,A,2582969.000000,A
173,616,Poland,15,Wheat,2013,4436.700000,A,9485183.000000,A,2137868.000000,A
173,616,Poland,15,Wheat,1994,3181.700000,A,7658457.000000,A,2407047.000000,A
174,620,Portugal,15,Wheat,1995,1387.200000,A,359849.000000,A,259402.000000,A
174,620,Portugal,15,Wheat,1975,1303.700000,A,610815.000000,A,468523.000000,A
174,620,Portugal,15,Wheat,1967,1111.200000,A,651300.000000,A,586128.000000,A
179,634,Qatar,15,Wheat,1983,2678.000000,A,158.000000,A,59.000000,A
179,634,Qatar,15,Wheat,1967,,,0.000000,A,0.000000,A
183,642,Romania,15,Wheat,1967,1997.600000,A,5819600.000000,A,2913300.000000,A
183,642,Romania,15,Wheat,1985,2338.100000,A,5532000.000000,A,2366000.000000,A
185,643,Russian Federation,15,Wheat,2007,2100.700000,A,49367973.000000,A,23500500.000000,A
185,643,Russian Federation,15,Wheat,2011,2264.500000,A,56239994.000000,A,24835516.000000,A
184,646,Rwanda,15,Wheat,1982,910.800000,A,2370.000000,A,2602.000000,A
184,646,Rwanda,15,Wheat,1971,900.100000,A,1235.000000,A,1372.000000,A
184,646,Rwanda,15,Wheat,1977,856.000000,A,3692.000000,A,4313.000000,A
194,682,Saudi Arabia,15,Wheat,1990,4646.100000,A,3580344.000000,A,770606.000000,A
194,682,Saudi Arabia,15,Wheat,1977,1740.400000,A,124610.000000,A,71599.000000,A
194,682,Saudi Arabia,15,Wheat,2020,6375.500000,A,554562.000000,A,86983.000000,A
194,682,Saudi Arabia,15,Wheat,1963,1636.400000,E,135000.000000,E,82500.000000,E
194,682,Saudi Arabia,15,Wheat,2005,5417.500000,A,2648472.000000,A,488876.000000,A
194,682,Saudi Arabia,15,Wheat,1976,1254.800000,A,92540.000000,A,73746.000000,A
199,703,Slovakia,15,Wheat,2000,3095.200000,A,1254310.000000,A,405249.000000,A
199,703,Slovakia,15,Wheat,2004,4798.800000,A,1764846.000000,A,367767.000000,A
199,703,Slovakia,15,Wheat,2009,4055.700000,A,1537905.000000,A,379195.000000,A
198,705,Slovenia,15,Wheat,2006,4190.700000,A,134449.000000,A,32083.000000,A
198,705,Slovenia,15,Wheat,2004,4533.900000,A,146829.000000,A,32385.000000,A
201,706,Somalia,15,Wheat,2010,386.800000,E,997.890000,I,2580.000000,I
201,706,Somalia,15,Wheat,2014,395.100000,E,1019.980000,I,2582.000000,I
201,706,Somalia,15,Wheat,2022,399.100000,E,1056.420000,I,2647.000000,I
201,706,Somalia,15,Wheat,1980,0.000000,E,0.000000,A,3500.000000,E
201,706,Somalia,15,Wheat,2012,400.000000,E,1000.000000,E,2500.000000,E
201,706,Somalia,15,Wheat,1963,,,0.000000,A,0.000000,A
201,706,Somalia,15,Wheat,1967,,,0.000000,A,0.000000,A
201,706,Somalia,15,Wheat,1975,0.000000,E,0.000000,A,3500.000000,E
202,710,South Africa,15,Wheat,2000,2599.700000,A,2428100.000000,A,934000.000000,A
202,710,South Africa,15,Wheat,2009,3047.500000,A,1958000.000000,A,642500.000000,A
202,710,South Africa,15,Wheat,2010,2562.300000,A,1430000.000000,A,558100.000000,A
202,710,South Africa,15,Wheat,2023,3810.800000,A,2050000.000000,A,537950.000000,A
202,710,South Africa,15,Wheat,2018,3711.100000,A,1868000.000000,A,503350.000000,A
181,716,Zimbabwe,15,Wheat,2005,3500.000000,A,229089.000000,A,65454.000000,A
181,716,Zimbabwe,15,Wheat,2018,2717.800000,E,45000.000000,E,16558.000000,I
181,716,Zimbabwe,15,Wheat,1971,3962.000000,A,87184.000000,A,22005.000000,A
181,716,Zimbabwe,15,Wheat,2007,2999.800000,A,149110.000000,A,49707.000000,A
181,716,Zimbabwe,15,Wheat,1970,3532.600000,A,54127.000000,A,15322.000000,A
181,716,Zimbabwe,15,Wheat,2017,1754.200000,A,38715.000000,A,22070.000000,A
181,716,Zimbabwe,15,Wheat,1965,2353.300000,A,3810.000000,A,1619.000000,A
203,724,Spain,15,Wheat,1975,1616.900000,A,4302900.000000,A,2661200.000000,A
203,724,Spain,15,Wheat,1989,2359.700000,A,5468200.000000,A,2317300.000000,A
203,724,Spain,15,Wheat,2022,2995.700000,A,6508800.000000,A,2172700.000000,A
203,724,Spain,15,Wheat,1986,2077.600000,A,4392000.000000,A,2114000.000000,A
203,724,Spain,15,Wheat,1996,3001.600000,A,6040500.000000,A,2012400.000000,A
203,724,Spain,15,Wheat,2000,3099.700000,A,7293623.000000,A,2353027.000000,A
203,724,Spain,15,Wheat,1974,1433.000000,A,4534600.000000,A,3164400.000000,A
276,729,Sudan,15,Wheat,2014,2121.900000,A,473000.000000,A,222916.000000,A
276,729,Sudan,15,Wheat,2013,1953.400000,A,265000.000000,A,135660.000000,A
206,736,Sudan (former),15,Wheat,2007,2825.800000,A,803000.000000,A,284167.000000,A
206,736,Sudan (former),15,Wheat,1981,1187.500000,A,218000.000000,A,183575.000000,A
206,736,Sudan (former),15,Wheat,2010,1793.500000,A,403000.000000,A,224700.000000,A
209,748,Eswatini,15,Wheat,1975,1468.400000,A,442.000000,A,301.000000,A
209,748,Eswatini,15,Wheat,1999,1500.000000,E,300.000000,E,200.000000,E
209,748,Eswatini,15,Wheat,2015,1750.700000,E,686.700000,I,392.000000,I
209,748,Eswatini,15,Wheat,2013,2000.000000,E,720.000000,E,360.000000,E
209,748,Eswatini,15,Wheat,1979,3250.000000,E,1300.000000,E,400.000000,E
209,748,Eswatini,15,Wheat,1992,1678.100000,E,300.000000,E,179.000000,I
210,752,Sweden,15,Wheat,2017,6989.100000,A,3298600.000000,A,471962.000000,A
210,752,Sweden,15,Wheat,2000,5906.600000,A,2371900.000000,A,401565.000000,A
210,752,Sweden,15,Wheat,1973,4517.600000,A,1311930.000000,A,290405.000000,A
210,752,Sweden,15,Wheat,2015,7213.200000,A,3300400.000000,A,457550.000000,A
211,756,Switzerland,15,Wheat,1988,6018.100000,A,564500.000000,A,93800.000000,A
211,756,Switzerland,15,Wheat,1972,4202.100000,A,409700.000000,A,97500.000000,A
211,756,Switzerland,15,Wheat,1978,4589.200000,A,407800.000000,A,88860.000000,A
211,756,Switzerland,15,Wheat,2019,5751.400000,A,497459.000000,A,86493.000000,A
211,756,Switzerland,15,Wheat,1966,3228.100000,A,347700.000000,A,107710.000000,A
212,760,Syrian Arab Republic,15,Wheat,1984,964.300000,A,1067600.000000,A,1107100.000000,A
212,760,Syrian Arab Republic,15,Wheat,1982,1273.400000,A,1556441.000000,A,1222307.000000,A
212,760,Syrian Arab Republic,15,Wheat,1997,1721.400000,A,3031090.000000,A,1760799.000000,A
208,762,Tajikistan,15,Wheat,2018,3048.300000,A,778986.300000,A,255549.000000,A
216,764,Thailand,15,Wheat,1971,,,0.000000,A,0.000000,A
216,764,Thailand,15,Wheat,1975,,,0.000000,A,0.000000,A
216,764,Thailand,15,Wheat,2002,706.500000,E,821.460000,I,1163.000000,I
216,764,Thailand,15,Wheat,1972,,,0.000000,A,0.000000,A
225,784,United Arab Emirates,15,Wheat,2013,,,,M,,M
225,784,United Arab Emirates,15,Wheat,2008,3000.000000,A,30.000000,A,10.000000,A
225,784,United Arab Emirates,15,Wheat,1962,,,0.000000,A,0.000000,A
222,788,Tunisia,15,Wheat,1965,800.000000,E,800000.000000,E,1000000.000000,E
222,788,Tunisia,15,Wheat,1996,1615.100000,A,2017650.000000,A,1249240.000000,A
222,788,Tunisia,15,Wheat,1975,984.200000,E,935000.000000,A,950000.000000,E
222,788,Tunisia,15,Wheat,2021,1952.500000,A,1193000.000000,A,611000.000000,A
222,788,Tunisia,15,Wheat,2000,1172.700000,A,842000.000000,A,718000.000000,A
222,788,Tunisia,15,Wheat,1984,790.400000,A,711330.000000,A,900000.000000,A
222,788,Tunisia,15,Wheat,1995,1278.000000,A,530800.000000,A,415350.000000,A
223,792,Türkiye,15,Wheat,1978,1803.400000,A,16764000.000000,A,9296000.000000,A
223,792,Türkiye,15,Wheat,2024,3003.600000,A,20800000.000000,A,6925108.000000,A
223,792,Türkiye,15,Wheat,2020,2964.700000,A,20500000.000000,A,6914632.000000,A
223,792,Türkiye,15,Wheat,1973,1190.800000,A,10080000.000000,A,8465000.000000,A
223,792,Türkiye,15,Wheat,2005,2330.900000,A,21500000.000000,A,9223880.000000,A
213,795,Turkmenistan,15,Wheat,2005,3148.900000,X,2834000.000000,X,900000.000000,X
226,800,Uganda,15,Wheat,2006,1800.000000,A,18000.000000,A,10000.000000,A
226,800,Uganda,15,Wheat,1966,2731.500000,A,885.000000,A,324.000000,A
226,800,Uganda,15,Wheat,1968,1666.700000,E,5000.000000,E,3000.000000,A
226,800,Uganda,15,Wheat,1987,2164.500000,A,10000.000000,A,4620.000000,A
230,804,Ukraine,15,Wheat,2017,4109.700000,A,26208980.000000,A,6377400.000000,A
230,804,Ukraine,15,Wheat,2023,4642.200000,A,21625170.000000,A,4658400.000000,A
230,804,Ukraine,15,Wheat,2014,4011.900000,A,24113970.000000,A,6010600.000000,A
154,807,North Macedonia,15,Wheat,2017,2746.400000,A,200112.000000,A,72864.000000,A
154,807,North Macedonia,15,Wheat,2007,2402.000000,A,218100.000000,A,90800.000000,A
154,807,North Macedonia,15,Wheat,2002,2647.300000,A,267170.000000,A,100920.000000,A
154,807,North Macedonia,15,Wheat,2004,3521.700000,A,356825.000000,A,101321.000000,A
154,807,North Macedonia,15,Wheat,2011,3345.800000,A,256103.000000,A,76545.000000,A
228,810,USSR,15,Wheat,1974,1321.800000,A,78878000.000000,A,59676000.000000,A
228,810,USSR,15,Wheat,1972,1381.900000,A,80833008.000000,A,58492000.000000,A
59,818,Egypt,15,Wheat,1993,5297.000000,A,4832598.000000,A,912324.000000,A
59,818,Egypt,15,Wheat,2011,6542.800000,A,8407126.000000,A,1284946.000000,A
59,818,Egypt,15,Wheat,2010,5574.100000,A,7177399.000000,A,1287627.000000,A
59,818,Egypt,15,Wheat,2009,6382.900000,A,8522995.000000,A,1335295.000000,A
59,818,Egypt,15,Wheat,1991,4816.300000,A,4482523.000000,A,930702.000000,A
59,818,Egypt,15,Wheat,1961,2469.700000,A,1435926.000000,A,581409.000000,A
59,818,Egypt,15,Wheat,2015,6591.900000,A,9607736.000000,A,1457506.000000,A
59,818,Egypt,15,Wheat,1970,2756.100000,A,1519000.000000,A,551145.000000,A
229,826,United Kingdom of Great Britain and Northern Ireland,15,Wheat,2007,7224.400000,A,13220620.000000,A,1830000.000000,A
229,826,United Kingdom of Great Britain and Northern Ireland,15,Wheat,2011,7747.100000,A,15257083.000000,A,1969383.000000,A
229,826,United Kingdom of Great Britain and Northern Ireland,15,Wheat,2016,7889.700000,A,14383000.000000,A,1823000.000000,A
229,826,United Kingdom of Great Britain and Northern Ireland,15,Wheat,2023,8127.900000,A,13980000.000000,A,1720000.000000,A
229,826,United Kingdom of Great Britain and Northern Ireland,15,Wheat,1966,3835.500000,A,3475645.000000,A,906174.000000,A
215,834,United Republic of Tanzania,15,Wheat,1961,762.500000,E,6100.000000,A,8000.000000,E
215,834,United Republic of Tanzania,15,Wheat,1972,963.800000,A,88000.000000,A,91302.000000,A
215,834,United Republic of Tanzania,15,Wheat,1992,1455.500000,A,64000.000000,A,43970.000000,A
215,834,United Republic of Tanzania,15,Wheat,1989,1676.800000,A,97000.000000,A,57850.000000,A
215,834,United Republic of Tanzania,15,Wheat,2016,1109.400000,E,76000.000000,A,68507.000000,I
215,834,United Republic of Tanzania,15,Wheat,1964,1084.000000,E,27099.000000,A,25000.000000,E
231,840,United States of America,15,Wheat,1965,1785.300000,A,35805008.000000,A,20056000.000000,A
234,858,Uruguay,15,Wheat,1991,1613.500000,A,188300.000000,A,116700.000000,A
234,858,Uruguay,15,Wheat,2020,3268.600000,A,776300.000000,A,237500.000000,A
234,858,Uruguay,15,Wheat,1993,1601.800000,A,343900.000000,A,214700.000000,A
234,858,Uruguay,15,Wheat,2000,2534.400000,A,324400.000000,A,128000.000000,A
235,860,Uzbekistan,15,Wheat,2001,3150.900000,A,3843500.000000,A,1219800.000000,A
235,860,Uzbekistan,15,Wheat,2015,4817.500000,A,6964664.000000,A,1445700.000000,A
235,860,Uzbekistan,15,Wheat,2024,5409.500000,A,6729357.310000,A,1243993.000000,A
235,860,Uzbekistan,15,Wheat,2007,4478.600000,A,6190300.000000,A,1382200.000000,A
236,862,Venezuela (Bolivarian Republic of),15,Wheat,1980,400.900000,A,437.000000,A,1090.000000,A
236,862,Venezuela (Bolivarian Republic of),15,Wheat,2009,2979.200000,E,143.000000,A,48.000000,E
236,862,Venezuela (Bolivarian Republic of),15,Wheat,2014,2981.500000,A,161.000000,A,54.000000,A
236,862,Venezuela (Bolivarian Republic of),15,Wheat,2004,3000.000000,A,264.000000,A,88.000000,A
236,862,Venezuela (Bolivarian Republic of),15,Wheat,1986,350.200000,A,297.000000,A,848.000000,A
249,887,Yemen,15,Wheat,1994,1703.500000,A,171033.000000,A,100398.000000,A
249,887,Yemen,15,Wheat,1986,1337.800000,A,95462.000000,A,71356.000000,A
249,887,Yemen,15,Wheat,1998,1503.400000,A,167058.000000,A,111118.000000,A
249,887,Yemen,15,Wheat,1984,764.600000,X,52252.000000,X,68337.000000,X
249,887,Yemen,15,Wheat,1990,1582.600000,A,154937.000000,A,97900.000000,A
248,890,Yugoslav SFR,15,Wheat,1968,2168.500000,A,4363000.000000,A,2012000.000000,A
251,894,Zambia,15,Wheat,1999,6977.700000,A,69226.000000,A,9921.000000,A
251,894,Zambia,15,Wheat,2014,7155.900000,A,201504.000000,A,28159.000000,A
251,894,Zambia,15,Wheat,2010,6311.800000,A,172256.000000,A,27291.000000,A
251,894,Zambia,15,Wheat,1986,4999.400000,A,17998.000000,A,3600.000000,A
2,4,Afghanistan,15,Wheat,1999,1232.900000,A,2499000.000000,A,2027000.000000,A
2,4,Afghanistan,15,Wheat,2004,1265.900000,A,2390000.000000,A,1888000.000000,A
2,4,Afghanistan,15,Wheat,1970,956.300000,A,2081000.000000,A,2176000.000000,A
3,8,Albania,15,Wheat,1979,2490.000000,A,490530.000000,A,197000.000000,A
3,8,Albania,15,Wheat,1974,2062.500000,E,330000.000000,E,160000.000000,E
3,8,Albania,15,Wheat,1976,2552.600000,E,485000.000000,X,190000.000000,E
3,8,Albania,15,Wheat,1987,3103.100000,A,593000.000000,A,191100.000000,A
4,12,Algeria,15,Wheat,1993,809.700000,A,1016500.000000,A,1255420.000000,A
4,12,Algeria,15,Wheat,2014,1475.300000,A,2436197.000000,A,1651311.000000,A
4,12,Algeria,15,Wheat,2003,1448.000000,A,2964852.000000,A,2047570.000000,A
4,12,Algeria,15,Wheat,2017,1150.100000,A,2436503.000000,A,2118469.000000,A
4,12,Algeria,15,Wheat,1989,782.100000,A,1152100.000000,A,1473000.000000,A
4,12,Algeria,15,Wheat,2012,1763.900000,A,3432231.000000,A,1945776.000000,A
4,12,Algeria,15,Wheat,1994,799.900000,A,713964.000000,A,892600.000000,A
7,24,Angola,15,Wheat,1966,1100.000000,X,22000.000000,X,20000.000000,X
7,24,Angola,15,Wheat,2011,1095.900000,E,4000.000000,X,3650.000000,E
7,24,Angola,15,Wheat,2024,1724.700000,A,37301.000000,A,21627.000000,A
7,24,Angola,15,Wheat,2018,915.300000,E,4430.930000,I,4841.000000,I
7,24,Angola,15,Wheat,2022,591.000000,A,8097.000000,A,13700.000000,A
9,32,Argentina,15,Wheat,1992,2320.800000,A,9874400.000000,A,4254700.000000,A
9,32,Argentina,15,Wheat,1967,1259.500000,A,7320000.000000,A,5811600.000000,A
9,32,Argentina,15,Wheat,1976,1704.500000,A,11582000.000000,A,6794900.000000,A
9,32,Argentina,15,Wheat,1961,1295.000000,A,5725000.000000,A,4420900.000000,A
10,36,Australia,15,Wheat,1969,1111.800000,A,10546200.000000,A,9485958.000000,A
10,36,Australia,15,Wheat,1986,1447.600000,A,16119000.000000,A,11135000.000000,A
10,36,Australia,15,Wheat,2015,1974.300000,A,22274514.000000,A,11282202.000000,A
10,36,Australia,15,Wheat,2018,1691.700000,A,17597560.790000,A,10402271.000000,A
10,36,Australia,15,Wheat,1965,997.000000,A,7067060.000000,A,7087977.000000,A
11,40,Austria,15,Wheat,1991,5073.500000,A,1375253.000000,A,271068.000000,A
11,40,Austria,15,Wheat,1980,4467.300000,A,1200599.000000,A,268753.000000,A
15,58,Belgium-Luxembourg,15,Wheat,1969,3830.600000,A,826494.000000,A,215759.000000,A
15,58,Belgium-Luxembourg,15,Wheat,1968,4083.900000,A,899885.000000,A,220347.000000,A
16,50,Bangladesh,15,Wheat,1988,1754.200000,A,1048015.000000,A,597422.000000,A
18,64,Bhutan,15,Wheat,2019,1313.000000,A,1318.540000,A,1004.000000,A
18,64,Bhutan,15,Wheat,1981,1094.100000,X,9300.000000,X,8500.000000,X
19,68,Bolivia (Plurinational State of),15,Wheat,2017,884.800000,A,154293.000000,A,174386.000000,A
19,68,Bolivia (Plurinational State of),15,Wheat,1973,827.800000,A,57000.000000,A,68860.000000,A
20,72,Botswana,15,Wheat,1986,2000.000000,E,1000.000000,E,500.000000,E
20,72,Botswana,15,Wheat,2004,1268.600000,E,259.730000,I,205.000000,I
20,72,Botswana,15,Wheat,1996,1892.900000,E,701.910000,I,371.000000,I
20,72,Botswana,15,Wheat,2021,1502.300000,A,1280.000000,A,852.000000,A
21,76,Brazil,15,Wheat,2003,2403.500000,A,6153500.000000,A,2560230.000000,A
21,76,Brazil,15,Wheat,1965,763.600000,A,585384.000000,A,766640.000000,A
21,76,Brazil,15,Wheat,2000,1515.600000,A,1725792.000000,A,1138687.000000,A
27,100,Bulgaria,15,Wheat,2012,3759.600000,A,4455104.000000,A,1185007.000000,A
27,100,Bulgaria,15,Wheat,1979,3503.400000,A,3354760.000000,A,957563.000000,A
27,100,Bulgaria,15,Wheat,2013,4188.500000,A,5504941.000000,A,1314288.000000,A
28,104,Myanmar,15,Wheat,2005,1393.400000,A,156200.000000,A,112098.000000,A
28,104,Myanmar,15,Wheat,2012,1784.000000,A,177600.000000,A,99553.000000,A
28,104,Myanmar,15,Wheat,1974,455.500000,A,24654.000000,A,54126.000000,A
28,104,Myanmar,15,Wheat,2001,1190.200000,A,94400.000000,A,79315.000000,A
29,108,Burundi,15,Wheat,1989,817.700000,A,8300.000000,A,10150.000000,A
29,108,Burundi,15,Wheat,1962,714.300000,A,6500.000000,A,9100.000000,A
29,108,Burundi,15,Wheat,1984,888.900000,E,8000.000000,A,9000.000000,E
29,108,Burundi,15,Wheat,1963,698.100000,A,7400.000000,A,10600.000000,A
29,108,Burundi,15,Wheat,2022,734.000000,E,9608.000000,A,13089.000000,I
29,108,Burundi,15,Wheat,2000,677.400000,E,6097.000000,A,9000.000000,E
32,120,Cameroon,15,Wheat,2010,1384.600000,E,900.000000,E,650.000000,E
32,120,Cameroon,15,Wheat,2024,1337.000000,E,615.640000,E,460.000000,E
32,120,Cameroon,15,Wheat,1988,1333.300000,E,400.000000,E,300.000000,E
32,120,Cameroon,15,Wheat,2012,1230.800000,E,800.000000,E,650.000000,E
33,124,Canada,15,Wheat,2000,2444.600000,A,26535500.000000,A,10854800.000000,A
33,124,Canada,15,Wheat,2012,2874.300000,A,27246000.000000,A,9479100.000000,A
33,124,Canada,15,Wheat,1998,2255.000000,A,24082300.000000,A,10679700.000000,A
33,124,Canada,15,Wheat,1991,2255.900000,A,31945600.000000,A,14160900.000000,A
33,124,Canada,15,Wheat,2005,2738.100000,A,25748100.000000,A,9403800.000000,A
39,148,Chad,15,Wheat,1985,1191.000000,A,5300.000000,A,4450.000000,A
39,148,Chad,15,Wheat,2019,1871.200000,A,1613.000000,A,862.000000,A
39,148,Chad,15,Wheat,1999,1434.000000,A,3585.000000,A,2500.000000,A
39,148,Chad,15,Wheat,1977,1333.300000,E,4000.000000,E,3000.000000,E
39,148,Chad,15,Wheat,2018,2244.000000,A,1798.020000,A,801.000000,A
41,156,"China, mainland",15,Wheat,1976,1775.400000,A,50385008.000000,A,28380000.000000,A
41,156,"China, mainland",15,Wheat,1995,3541.500000,A,102207000.000000,A,28860000.000000,A
41,156,"China, mainland",15,Wheat,1998,3685.200000,A,109726000.000000,A,29775140.000000,A
41,156,"China, mainland",15,Wheat,2000,3738.200000,A,99636000.000000,A,26653290.000000,A
41,156,"China, mainland",15,Wheat,1990,3194.100000,A,98229008.000000,A,30753200.000000,A
44,170,Colombia,15,Wheat,1986,1768.400000,A,81700.000000,A,46200.000000,A
44,170,Colombia,15,Wheat,1990,1848.300000,A,104800.000000,A,56700.000000,A
44,170,Colombia,15,Wheat,2019,2079.400000,A,5684.020000,A,2733.000000,A
50,196,Cyprus,15,Wheat,2018,1502.900000,A,15330.000000,A,10200.000000,A
50,196,Cyprus,15,Wheat,2001,1944.400000,A,10500.000000,A,5400.000000,A
50,196,Cyprus,15,Wheat,1992,2100.000000,A,10500.000000,A,5000.000000,A
51,200,Czechoslovakia,15,Wheat,1974,3994.200000,A,5059080.000000,A,1266604.000000,A
51,200,Czechoslovakia,15,Wheat,1964,2218.100000,A,1828890.000000,A,824537.000000,A
52,31,Azerbaijan,15,Wheat,1999,1999.200000,A,846030.000000,A,423194.000000,A
54,208,Denmark,15,Wheat,1982,6673.000000,A,1206971.000000,A,180874.000000,A
54,208,Denmark,15,Wheat,1975,5101.700000,A,519381.000000,A,101806.000000,A
54,208,Denmark,15,Wheat,2007,6561.000000,A,4519200.000000,A,688800.000000,A
54,208,Denmark,15,Wheat,1963,3669.800000,A,494060.000000,A,134630.000000,A
54,208,Denmark,15,Wheat,1977,5220.700000,A,605645.000000,A,116008.000000,A
57,112,Belarus,15,Wheat,2006,2819.100000,A,1075238.000000,A,381417.000000,A
57,112,Belarus,15,Wheat,1999,1732.200000,A,711400.000000,A,410700.000000,A
57,112,Belarus,15,Wheat,2023,3702.200000,E,2400000.000000,X,648265.000000,I
57,112,Belarus,15,Wheat,2024,3819.400000,X,2750000.000000,X,720000.000000,X
58,218,Ecuador,15,Wheat,2001,610.000000,A,13631.000000,A,22346.000000,A
58,218,Ecuador,15,Wheat,2024,2395.500000,A,7323.100000,A,3057.000000,A
58,218,Ecuador,15,Wheat,2020,2186.800000,A,14647.000000,A,6698.000000,A
59,818,Egypt,15,Wheat,2023,6776.900000,A,9065380.000000,A,1337698.000000,A
59,818,Egypt,15,Wheat,1984,3666.800000,A,1815176.000000,A,495034.000000,A
59,818,Egypt,15,Wheat,2016,6631.100000,A,9342538.000000,A,1408887.000000,A
62,230,Ethiopia PDR,15,Wheat,1969,745.300000,A,782000.000000,A,1049200.000000,A
62,230,Ethiopia PDR,15,Wheat,1964,710.000000,A,653800.000000,A,920800.000000,A
62,230,Ethiopia PDR,15,Wheat,1991,1411.500000,A,785878.000000,A,556750.000000,A
63,233,Estonia,15,Wheat,1997,2185.000000,A,111186.000000,A,50887.000000,A
63,233,Estonia,15,Wheat,2013,3275.400000,A,406800.000000,A,124200.000000,A
63,233,Estonia,15,Wheat,2017,4201.800000,A,713263.000000,A,169753.000000,A
67,246,Finland,15,Wheat,2014,4069.600000,A,1088200.000000,A,267400.000000,A
67,246,Finland,15,Wheat,2024,3536.100000,A,759380.000000,A,214750.000000,A
67,246,Finland,15,Wheat,1978,2081.300000,A,240600.000000,A,115600.000000,A
67,246,Finland,15,Wheat,2004,3473.800000,A,782300.000000,A,225200.000000,A
67,246,Finland,15,Wheat,2018,2821.100000,A,501600.000000,A,177800.000000,A
73,268,Georgia,15,Wheat,1993,1425.000000,A,114000.000000,A,80000.000000,A
73,268,Georgia,15,Wheat,2010,1018.900000,A,48400.000000,A,47500.000000,A
73,268,Georgia,15,Wheat,2024,2850.900000,A,149100.000000,A,52300.000000,A
79,276,Germany,15,Wheat,1971,4422.900000,A,9631772.000000,A,2177684.000000,A
79,276,Germany,15,Wheat,1983,5208.400000,A,12548219.000000,A,2409210.000000,A
79,276,Germany,15,Wheat,2020,7819.500000,A,22172100.000000,A,2835500.000000,A
79,276,Germany,15,Wheat,1991,6771.200000,A,16611967.000000,A,2453332.000000,A
79,276,Germany,15,Wheat,1963,3393.400000,A,6135981.000000,A,1808211.000000,A
79,276,Germany,15,Wheat,2010,7212.000000,A,23782955.000000,A,3297699.000000,A
80,70,Bosnia and Herzegovina,15,Wheat,2010,2662.100000,A,145412.000000,A,54623.000000,A
84,300,Greece,15,Wheat,2023,2919.300000,A,1309180.000000,A,448460.000000,A
84,300,Greece,15,Wheat,2005,2405.800000,A,2018523.550000,A,839009.000000,A
84,300,Greece,15,Wheat,2020,3077.300000,A,1095150.000000,A,355880.000000,A
89,320,Guatemala,15,Wheat,2014,2177.100000,A,1673.760000,A,769.000000,A
89,320,Guatemala,15,Wheat,1986,1998.600000,A,52744.000000,A,26390.000000,A
89,320,Guatemala,15,Wheat,2008,2401.300000,A,1846.120000,A,769.000000,A
89,320,Guatemala,15,Wheat,1978,1137.700000,A,59616.000000,A,52400.000000,A
95,340,Honduras,15,Wheat,2023,534.100000,E,1277.970000,E,2393.000000,E
95,340,Honduras,15,Wheat,1967,874.200000,A,549.000000,A,628.000000,A
95,340,Honduras,15,Wheat,2002,530.400000,E,1060.720000,I,2000.000000,X
95,340,Honduras,15,Wheat,1992,592.600000,E,800.000000,E,1350.000000,E
95,340,Honduras,15,Wheat,1995,594.700000,E,900.000000,E,1513.000000,I
97,348,Hungary,15,Wheat,2015,5179.600000,A,5331426.000000,A,1029318.000000,A
97,348,Hungary,15,Wheat,1964,1855.700000,A,2142857.000000,A,1154747.000000,A
98,191,Croatia,15,Wheat,2007,4640.800000,A,812347.000000,A,175045.000000,A
100,356,India,15,Wheat,1996,2482.800000,A,62097400.000000,A,25011000.000000,A
100,356,India,15,Wheat,2000,2778.500000,A,76368896.000000,A,27486000.000000,A
102,364,Iran (Islamic Republic of),15,Wheat,1964,708.800000,E,2622578.000000,A,3700000.000000,E
102,364,Iran (Islamic Republic of),15,Wheat,2006,2131.700000,A,14663745.000000,A,6878919.000000,A
102,364,Iran (Islamic Republic of),15,Wheat,2000,1585.600000,A,8087756.000000,A,5100717.000000,A
102,364,Iran (Islamic Republic of),15,Wheat,1986,1198.700000,A,7556390.000000,A,6304020.000000,A
102,364,Iran (Islamic Republic of),15,Wheat,1988,1108.000000,A,7260230.000000,A,6552570.000000,A
102,364,Iran (Islamic Republic of),15,Wheat,2020,2255.000000,A,13540500.000000,A,6004700.000000,A
102,364,Iran (Islamic Republic of),15,Wheat,1991,1419.900000,A,8792666.000000,A,6192659.000000,A
103,368,Iraq,15,Wheat,1967,637.000000,E,860000.000000,A,1350000.000000,E
104,372,Ireland,15,Wheat,1979,5159.100000,A,252000.000000,A,48846.000000,A
105,376,Israel,15,Wheat,1992,2892.300000,A,254100.000000,A,87855.000000,A
105,376,Israel,15,Wheat,1970,1163.700000,A,125000.000000,A,107420.000000,A
105,376,Israel,15,Wheat,1997,1405.500000,A,116000.000000,A,82530.000000,A
105,376,Israel,15,Wheat,1982,1640.800000,A,147000.000000,A,89590.000000,A
105,376,Israel,15,Wheat,1996,2284.800000,A,185000.000000,A,80970.000000,A
106,380,Italy,15,Wheat,2004,3669.800000,A,8638721.000000,A,2353972.000000,A
106,380,Italy,15,Wheat,2001,2801.300000,A,6413300.000000,A,2289372.000000,A
106,380,Italy,15,Wheat,2020,3924.800000,A,6716180.000000,A,1711220.000000,A
106,380,Italy,15,Wheat,1991,3509.400000,A,9415660.000000,A,2683014.000000,A
110,392,Japan,15,Wheat,2024,4439.200000,A,1029000.000000,A,231800.000000,A
110,392,Japan,15,Wheat,1980,3049.700000,A,582800.000000,A,191100.000000,A
110,392,Japan,15,Wheat,1973,2700.900000,A,202300.000000,A,74900.000000,A
110,392,Japan,15,Wheat,2002,4001.000000,A,827800.000000,A,206900.000000,A
110,392,Japan,15,Wheat,2001,3554.600000,A,699900.000000,A,196900.000000,A
112,400,Jordan,15,Wheat,2024,2204.500000,A,34428.590000,A,15617.000000,A
112,400,Jordan,15,Wheat,1983,910.900000,A,100800.000000,A,110659.000000,A
112,400,Jordan,15,Wheat,2004,1227.300000,A,13166.000000,A,10728.000000,A
112,400,Jordan,15,Wheat,1964,993.400000,A,294702.000000,A,296672.000000,A
112,400,Jordan,15,Wheat,2019,2392.500000,A,26361.000000,A,11018.000000,A
112,400,Jordan,15,Wheat,1990,1446.100000,A,82870.000000,A,57306.000000,A
113,417,Kyrgyzstan,15,Wheat,2017,2405.300000,A,600997.200000,A,249860.000000,A
114,404,Kenya,15,Wheat,1976,1673.100000,A,200274.000000,A,119704.000000,A
114,404,Kenya,15,Wheat,1964,1197.300000,A,134700.000000,A,112500.000000,A
114,404,Kenya,15,Wheat,2000,1549.200000,A,204232.000000,A,131834.000000,A
114,404,Kenya,15,Wheat,2002,2121.700000,A,307215.000000,A,144794.000000,A
114,404,Kenya,15,Wheat,2003,2505.500000,A,378665.000000,A,151135.000000,A
116,408,Democratic People's Republic of Korea,15,Wheat,1985,1494.100000,E,127000.000000,X,85000.000000,E
116,408,Democratic People's Republic of Korea,15,Wheat,1984,1552.900000,E,132000.000000,X,85000.000000,E
116,408,Democratic People's Republic of Korea,15,Wheat,1979,1352.900000,E,115000.000000,X,85000.000000,E
116,408,Democratic People's Republic of Korea,15,Wheat,2005,2506.500000,X,193000.000000,X,77000.000000,X
116,408,Democratic People's Republic of Korea,15,Wheat,2017,1203.800000,E,43800.000000,E,36385.000000,E
117,410,Republic of Korea,15,Wheat,2002,3226.800000,A,5834.000000,A,1808.000000,A
117,410,Republic of Korea,15,Wheat,2007,3812.800000,A,7351.000000,A,1928.000000,A
117,410,Republic of Korea,15,Wheat,1978,2089.100000,A,35705.000000,A,17091.000000,A
117,410,Republic of Korea,15,Wheat,2024,3919.500000,A,37376.000000,A,9536.000000,A
117,410,Republic of Korea,15,Wheat,1979,3207.000000,A,41980.000000,A,13090.000000,A
118,414,Kuwait,15,Wheat,1963,,,0.000000,A,0.000000,A
118,414,Kuwait,15,Wheat,2009,2333.300000,A,84.000000,A,36.000000,A
118,414,Kuwait,15,Wheat,2024,4807.300000,E,55.230000,I,11.000000,I
118,414,Kuwait,15,Wheat,1981,,,0.000000,A,0.000000,A
118,414,Kuwait,15,Wheat,1986,333.300000,A,7.000000,A,21.000000,A
119,428,Latvia,15,Wheat,2006,2781.500000,A,598300.000000,A,215100.000000,A
121,422,Lebanon,15,Wheat,1975,1250.000000,X,65000.000000,X,52000.000000,X
121,422,Lebanon,15,Wheat,1990,1970.400000,E,52000.000000,E,26390.000000,A
122,426,Lesotho,15,Wheat,2021,461.400000,A,2395.000000,A,5191.000000,A
122,426,Lesotho,15,Wheat,1972,225.600000,A,24000.000000,A,106392.000000,A
122,426,Lesotho,15,Wheat,2006,360.200000,A,6607.000000,A,18345.000000,A
124,434,Libya,15,Wheat,1981,570.700000,A,123110.000000,A,215700.000000,A
124,434,Libya,15,Wheat,1983,845.700000,A,209737.000000,A,248000.000000,A
124,434,Libya,15,Wheat,1996,729.400000,A,124000.000000,A,170000.000000,A
126,440,Lithuania,15,Wheat,2007,3921.900000,A,1390700.000000,A,354600.000000,A
129,450,Madagascar,15,Wheat,1980,1615.000000,E,323.000000,A,200.000000,E
129,450,Madagascar,15,Wheat,1969,,,0.000000,A,0.000000,A
129,450,Madagascar,15,Wheat,1985,1500.000000,E,300.000000,E,200.000000,E
129,450,Madagascar,15,Wheat,1967,,,0.000000,A,0.000000,A
130,454,Malawi,15,Wheat,2005,870.700000,A,1730.000000,A,1987.000000,A
134,470,Malta,15,Wheat,1977,3443.700000,A,3454.000000,A,1003.000000,A
134,470,Malta,15,Wheat,2010,4801.100000,E,13038.070000,I,2716.000000,I
136,478,Mauritania,15,Wheat,1971,645.200000,E,200.000000,E,310.000000,E
136,478,Mauritania,15,Wheat,1986,1000.000000,E,500.000000,E,500.000000,E
136,478,Mauritania,15,Wheat,2023,2186.300000,E,2000.000000,X,915.000000,I
136,478,Mauritania,15,Wheat,2011,1601.800000,A,2888.000000,A,1803.000000,A
136,478,Mauritania,15,Wheat,2010,2082.000000,A,2413.000000,A,1159.000000,A
138,484,Mexico,15,Wheat,1962,1946.200000,A,1455256.000000,A,747728.000000,A
138,484,Mexico,15,Wheat,2023,6203.100000,A,3476026.800000,A,560369.000000,A
141,496,Mongolia,15,Wheat,2015,571.700000,A,206508.000000,A,361219.000000,A
143,504,Morocco,15,Wheat,1986,1713.800000,A,3809100.000000,A,2222620.000000,A
143,504,Morocco,15,Wheat,1976,1139.100000,A,2188940.000000,A,1921600.000000,A
147,516,Namibia,15,Wheat,1987,2755.600000,E,4960.000000,A,1800.000000,E
147,516,Namibia,15,Wheat,2009,6721.400000,A,12448.000000,A,1852.000000,A
149,524,Nepal,15,Wheat,2022,2991.100000,A,2144568.000000,A,716978.000000,A
149,524,Nepal,15,Wheat,2020,3088.700000,A,2185289.000000,A,707505.000000,A
149,524,Nepal,15,Wheat,1980,1199.300000,A,439990.000000,A,366860.000000,A
149,524,Nepal,15,Wheat,1998,1546.300000,A,1000770.000000,A,647210.000000,A
150,528,Netherlands (Kingdom of the),15,Wheat,1979,5938.200000,A,835600.000000,A,140716.000000,A
150,528,Netherlands (Kingdom of the),15,Wheat,1975,4935.800000,A,527793.000000,A,106932.000000,A
150,528,Netherlands (Kingdom of the),15,Wheat,1966,4044.700000,A,598000.000000,A,147849.000000,A
150,528,Netherlands (Kingdom of the),15,Wheat,1999,8331.100000,A,851400.000000,A,102195.000000,A
153,540,New Caledonia,15,Wheat,2003,1900.000000,E,19.000000,A,10.000000,E
153,540,New Caledonia,15,Wheat,1992,2027.300000,A,223.000000,A,110.000000,A
153,540,New Caledonia,15,Wheat,2021,584.600000,E,84.500000,A,145.000000,I
154,807,North Macedonia,15,Wheat,2022,3204.100000,A,224632.000000,A,70107.000000,A
154,807,North Macedonia,15,Wheat,2006,3009.800000,A,293326.000000,A,97458.000000,A
156,554,New Zealand,15,Wheat,1979,3385.100000,A,295028.000000,A,87156.000000,A
156,554,New Zealand,15,Wheat,1993,5369.800000,A,219414.000000,A,40861.000000,A
156,554,New Zealand,15,Wheat,1968,3492.600000,A,442334.000000,A,126649.000000,A
156,554,New Zealand,15,Wheat,1984,4580.000000,A,314556.000000,A,68680.000000,A
156,554,New Zealand,15,Wheat,1967,3727.200000,A,347760.000000,A,93304.000000,A
158,562,Niger,15,Wheat,2018,2961.500000,A,4807.080000,A,1623.000000,A
158,562,Niger,15,Wheat,2009,1891.700000,E,6179.580000,I,3267.000000,I
158,562,Niger,15,Wheat,1980,1000.000000,E,1000.000000,E,1000.000000,E
158,562,Niger,15,Wheat,1982,1047.600000,E,2200.000000,E,2100.000000,E
158,562,Niger,15,Wheat,2001,1878.300000,E,6300.000000,A,3354.000000,I
158,562,Niger,15,Wheat,1968,666.700000,A,400.000000,A,600.000000,A
159,566,Nigeria,15,Wheat,1981,2600.000000,E,26000.000000,A,10000.000000,X
159,566,Nigeria,15,Wheat,2014,1304.300000,E,91300.000000,A,70000.000000,X
159,566,Nigeria,15,Wheat,2004,1069.000000,A,62000.000000,A,58000.000000,A
159,566,Nigeria,15,Wheat,1985,2054.500000,A,113000.000000,A,55000.000000,A
159,566,Nigeria,15,Wheat,2008,1656.300000,A,53000.000000,A,32000.000000,A
162,578,Norway,15,Wheat,1995,4746.800000,A,312200.000000,A,65770.000000,A
162,578,Norway,15,Wheat,2024,3886.200000,A,230000.000000,A,59184.000000,A
162,578,Norway,15,Wheat,1994,2836.200000,A,195100.000000,A,68790.000000,A
165,586,Pakistan,15,Wheat,2009,2656.800000,A,24033000.000000,A,9046000.000000,A
165,586,Pakistan,15,Wheat,1995,2081.100000,A,17002400.000000,A,8169800.000000,A
165,586,Pakistan,15,Wheat,1989,1865.500000,A,14419200.000000,A,7729600.000000,A
167,203,Czechia,15,Wheat,1996,4667.100000,A,3727203.000000,A,798610.000000,A
169,600,Paraguay,15,Wheat,2010,2500.000000,A,1401987.000000,A,560800.000000,A
169,600,Paraguay,15,Wheat,1979,1239.400000,A,58253.000000,A,47000.000000,A
169,600,Paraguay,15,Wheat,2017,2000.000000,A,1020000.000000,A,510000.000000,A
169,600,Paraguay,15,Wheat,2024,1706.000000,A,767700.000000,A,450000.000000,A
169,600,Paraguay,15,Wheat,1988,1899.200000,E,452006.000000,A,238000.000000,X
169,600,Paraguay,15,Wheat,2013,2600.000000,A,1430000.000000,A,550000.000000,A
170,604,Peru,15,Wheat,2012,1489.100000,A,226218.460000,A,151915.000000,A
170,604,Peru,15,Wheat,1964,958.800000,A,143150.000000,A,149300.000000,A
170,604,Peru,15,Wheat,1973,901.100000,A,122635.000000,A,136095.000000,A
170,604,Peru,15,Wheat,2009,1431.500000,A,226265.000000,A,158062.000000,A
173,616,Poland,15,Wheat,2021,4975.300000,A,11893550.000000,A,2390520.000000,A
173,616,Poland,15,Wheat,1962,1938.300000,A,2700000.000000,A,1393000.000000,A
173,616,Poland,15,Wheat,2010,4429.000000,A,9408110.000000,A,2124222.000000,A
173,616,Poland,15,Wheat,1989,3854.200000,A,8461619.000000,A,2195450.000000,A
173,616,Poland,15,Wheat,1983,3359.800000,A,5165083.000000,A,1537317.000000,A
173,616,Poland,15,Wheat,2000,3226.800000,A,8502865.000000,A,2635097.000000,A
173,616,Poland,15,Wheat,2015,4574.400000,A,10957787.000000,A,2395451.000000,A
174,620,Portugal,15,Wheat,2010,1430.500000,A,82577.000000,A,57727.000000,A
174,620,Portugal,15,Wheat,2018,2593.800000,A,70110.000000,A,27030.000000,A
174,620,Portugal,15,Wheat,2004,1562.500000,A,292866.000000,A,187432.000000,A
174,620,Portugal,15,Wheat,2013,1763.500000,A,92014.000000,A,52176.000000,A
174,620,Portugal,15,Wheat,1999,1598.600000,A,352148.000000,A,220281.000000,A
174,620,Portugal,15,Wheat,2014,2065.700000,A,98794.000000,A,47826.000000,A
174,620,Portugal,15,Wheat,1972,1214.500000,A,620975.000000,A,511300.000000,A
174,620,Portugal,15,Wheat,1991,2098.200000,A,618697.000000,A,294874.000000,A
178,232,Eritrea,15,Wheat,2023,1000.000000,X,25000.000000,X,25000.000000,X
178,232,Eritrea,15,Wheat,1994,744.900000,A,13520.000000,A,18150.000000,A
179,634,Qatar,15,Wheat,1971,1400.000000,E,14.000000,A,10.000000,E
179,634,Qatar,15,Wheat,1969,,,0.000000,A,0.000000,A
179,634,Qatar,15,Wheat,2010,2250.000000,A,36.000000,A,16.000000,A
179,634,Qatar,15,Wheat,1987,2340.900000,A,206.000000,A,88.000000,A
181,716,Zimbabwe,15,Wheat,2016,1901.300000,A,42008.000000,A,22094.000000,A
181,716,Zimbabwe,15,Wheat,1995,5036.000000,A,70000.000000,A,13900.000000,A
181,716,Zimbabwe,15,Wheat,1996,5499.900000,A,263134.000000,A,47843.000000,A
181,716,Zimbabwe,15,Wheat,2011,2660.400000,E,23000.000000,X,8645.000000,I
181,716,Zimbabwe,15,Wheat,1997,5600.000000,A,254772.000000,A,45495.000000,A
181,716,Zimbabwe,15,Wheat,1977,3897.500000,A,164540.000000,A,42217.000000,A
183,642,Romania,15,Wheat,1995,3090.300000,A,7666538.000000,A,2480832.000000,A
184,646,Rwanda,15,Wheat,1966,800.000000,A,100.000000,A,125.000000,A
184,646,Rwanda,15,Wheat,2004,798.700000,E,16772.000000,A,21000.000000,E
184,646,Rwanda,15,Wheat,1991,892.900000,E,14800.000000,A,16575.000000,I
184,646,Rwanda,15,Wheat,1965,849.600000,A,480.000000,A,565.000000,A
184,646,Rwanda,15,Wheat,2015,960.700000,E,7995.000000,A,8322.000000,I
184,646,Rwanda,15,Wheat,1962,799.700000,A,1385.000000,A,1732.000000,A
184,646,Rwanda,15,Wheat,2014,940.700000,E,7886.000000,A,8383.000000,I
184,646,Rwanda,15,Wheat,1968,849.500000,A,621.000000,A,731.000000,A
186,891,Serbia and Montenegro,15,Wheat,1998,3726.900000,A,2967000.000000,A,796100.000000,A
186,891,Serbia and Montenegro,15,Wheat,2000,2950.800000,A,1927200.000000,A,653100.000000,A
194,682,Saudi Arabia,15,Wheat,2007,5684.400000,A,2558000.000000,A,450000.000000,A
194,682,Saudi Arabia,15,Wheat,1975,2126.200000,A,132038.000000,A,62101.000000,A
194,682,Saudi Arabia,15,Wheat,1979,2090.700000,A,150426.000000,A,71949.000000,A
194,682,Saudi Arabia,15,Wheat,1972,1006.000000,A,38954.000000,A,38721.000000,A
198,705,Slovenia,15,Wheat,2012,5437.600000,A,188065.000000,A,34586.000000,A
198,705,Slovenia,15,Wheat,1995,4230.000000,A,155575.000000,A,36779.000000,A
198,705,Slovenia,15,Wheat,1993,3843.000000,A,142856.000000,A,37173.000000,A
198,705,Slovenia,15,Wheat,2009,3964.300000,A,136904.000000,A,34534.000000,A
199,703,Slovakia,15,Wheat,2001,4010.200000,A,1800086.000000,A,448875.000000,A
201,706,Somalia,15,Wheat,1961,,,0.000000,A,0.000000,A
201,706,Somalia,15,Wheat,1964,,,0.000000,A,0.000000,A
201,706,Somalia,15,Wheat,2002,373.600000,E,957.380000,I,2563.000000,I
201,706,Somalia,15,Wheat,1970,0.000000,E,0.000000,A,900.000000,E
201,706,Somalia,15,Wheat,2016,395.800000,E,1038.680000,I,2624.000000,I
202,710,South Africa,15,Wheat,2024,3809.400000,A,1924890.000000,A,505300.000000,A
202,710,South Africa,15,Wheat,1963,579.300000,A,880000.000000,A,1519000.000000,A
202,710,South Africa,15,Wheat,2019,2842.600000,A,1535000.000000,A,540000.000000,A
202,710,South Africa,15,Wheat,1998,2529.500000,A,1892080.000000,A,748000.000000,A
202,710,South Africa,15,Wheat,2022,3722.700000,A,2110000.000000,A,566800.000000,A
203,724,Spain,15,Wheat,2017,2326.300000,A,4875957.000000,A,2096058.000000,A
206,736,Sudan (former),15,Wheat,1972,1024.900000,A,124000.000000,A,120983.000000,A
206,736,Sudan (former),15,Wheat,1992,2211.100000,A,838000.000000,A,379000.000000,A
206,736,Sudan (former),15,Wheat,1968,979.300000,A,87535.000000,A,89389.000000,A
208,762,Tajikistan,15,Wheat,2015,3032.000000,A,896362.000000,A,295632.000000,A
208,762,Tajikistan,15,Wheat,2014,2968.000000,A,868368.000000,A,292573.000000,A
209,748,Eswatini,15,Wheat,2018,1858.700000,E,701.500000,I,377.000000,I
209,748,Eswatini,15,Wheat,1971,4534.500000,A,789.000000,A,174.000000,A
209,748,Eswatini,15,Wheat,2023,1858.100000,E,721.330000,E,388.000000,I
210,752,Sweden,15,Wheat,1970,3634.100000,A,962130.000000,A,264753.000000,A
210,752,Sweden,15,Wheat,1978,4489.100000,A,1290060.000000,A,287375.000000,A
210,752,Sweden,15,Wheat,2013,5779.200000,A,1868600.000000,A,323330.000000,A
210,752,Sweden,15,Wheat,1977,4070.200000,A,1522330.000000,A,374014.000000,A
210,752,Sweden,15,Wheat,2014,6806.000000,A,3086400.000000,A,453480.000000,A
211,756,Switzerland,15,Wheat,1983,4892.400000,A,445600.000000,A,91080.000000,A
211,756,Switzerland,15,Wheat,1994,5492.500000,A,567322.000000,A,103290.000000,A
211,756,Switzerland,15,Wheat,1973,3785.200000,A,345100.000000,A,91170.000000,A
211,756,Switzerland,15,Wheat,2006,5813.000000,A,543800.000000,A,93549.000000,A
211,756,Switzerland,15,Wheat,2004,6117.700000,A,539400.000000,A,88170.000000,A
213,795,Turkmenistan,15,Wheat,2022,1719.200000,E,1250000.000000,E,727075.000000,I
213,795,Turkmenistan,15,Wheat,2003,2925.900000,E,2487000.000000,X,850000.000000,A
213,795,Turkmenistan,15,Wheat,2009,1600.000000,A,1405600.000000,A,878500.000000,A
214,158,"China, Taiwan Province of",15,Wheat,1970,1829.300000,A,3664.000000,A,2003.000000,A
214,158,"China, Taiwan Province of",15,Wheat,2011,2163.000000,A,4034.000000,A,1865.000000,A
214,158,"China, Taiwan Province of",15,Wheat,1977,2306.500000,A,1287.000000,A,558.000000,A
214,158,"China, Taiwan Province of",15,Wheat,1992,3085.600000,A,4326.000000,A,1402.000000,A
214,158,"China, Taiwan Province of",15,Wheat,1997,4250.000000,A,85.000000,A,20.000000,A
214,158,"China, Taiwan Province of",15,Wheat,2010,2725.300000,A,5178.000000,A,1900.000000,A
214,158,"China, Taiwan Province of",15,Wheat,1963,1134.900000,A,18739.000000,A,16512.000000,A
215,834,United Republic of Tanzania,15,Wheat,2004,1948.800000,A,67000.000000,A,34380.000000,A
215,834,United Republic of Tanzania,15,Wheat,2022,1100.000000,E,66000.000000,A,60000.000000,X
215,834,United Republic of Tanzania,15,Wheat,1962,976.600000,E,17578.000000,A,18000.000000,E
215,834,United Republic of Tanzania,15,Wheat,2000,456.100000,A,32700.000000,A,71700.000000,A
215,834,United Republic of Tanzania,15,Wheat,1973,1535.100000,A,85000.000000,A,55372.000000,A
215,834,United Republic of Tanzania,15,Wheat,1980,1406.300000,E,90000.000000,A,64000.000000,E
215,834,United Republic of Tanzania,15,Wheat,1979,1596.300000,E,87000.000000,A,54500.000000,E
216,764,Thailand,15,Wheat,2010,878.600000,E,1107.410000,I,1260.000000,I
216,764,Thailand,15,Wheat,1983,,,0.000000,A,0.000000,A
216,764,Thailand,15,Wheat,1986,1193.200000,A,210.000000,A,176.000000,A
221,512,Oman,15,Wheat,1969,1541.700000,E,1850.000000,E,1200.000000,E
221,512,Oman,15,Wheat,1994,2366.100000,E,1325.000000,E,560.000000,E
221,512,Oman,15,Wheat,1970,1666.700000,E,2000.000000,E,1200.000000,E
222,788,Tunisia,15,Wheat,1970,576.700000,E,519000.000000,A,900000.000000,E
223,792,Türkiye,15,Wheat,1992,2040.500000,A,19300000.000000,A,9458687.000000,A
223,792,Türkiye,15,Wheat,1999,1940.900000,A,18000000.000000,A,9273996.000000,A
223,792,Türkiye,15,Wheat,2018,2744.000000,A,20000000.000000,A,7288622.000000,A
223,792,Türkiye,15,Wheat,1964,1053.800000,A,8440000.000000,A,8009000.000000,A
223,792,Türkiye,15,Wheat,2015,2880.300000,A,22600000.000000,A,7846481.000000,A
223,792,Türkiye,15,Wheat,1988,2186.100000,A,20523008.000000,A,9387855.000000,A
223,792,Türkiye,15,Wheat,1967,1246.300000,A,10110000.000000,A,8112000.000000,A
225,784,United Arab Emirates,15,Wheat,2004,2000.000000,A,20.000000,A,10.000000,A
225,784,United Arab Emirates,15,Wheat,1984,1613.400000,A,1536.000000,A,952.000000,A
225,784,United Arab Emirates,15,Wheat,2010,,,,M,,M
225,784,United Arab Emirates,15,Wheat,1979,2242.900000,A,785.000000,A,350.000000,A
226,800,Uganda,15,Wheat,2017,1561.300000,E,22100.000000,A,14155.000000,I
226,800,Uganda,15,Wheat,2009,1666.700000,A,20000.000000,A,12000.000000,A
226,800,Uganda,15,Wheat,1965,,,0.000000,A,0.000000,A
226,800,Uganda,15,Wheat,2015,1600.000000,A,22078.000000,A,13799.000000,A
226,800,Uganda,15,Wheat,2004,1666.700000,A,15000.000000,A,9000.000000,A
229,826,United Kingdom of Great Britain and Northern Ireland,15,Wheat,2002,8002.800000,A,15972556.000000,A,1995868.000000,A
229,826,United Kingdom of Great Britain and Northern Ireland,15,Wheat,1997,7377.600000,A,15018248.000000,A,2035646.000000,A
230,804,Ukraine,15,Wheat,2024,4595.000000,A,22441110.000000,A,4883800.000000,A
230,804,Ukraine,15,Wheat,2003,2938.500000,E,11430883.590000,I,3890000.000000,A
231,840,United States of America,15,Wheat,2010,3116.700000,A,60062408.000000,A,19270930.000000,A
231,840,United States of America,15,Wheat,1979,2298.000000,A,58080576.000000,A,25274512.000000,A
231,840,United States of America,15,Wheat,1994,2527.000000,A,63168000.000000,A,24997000.000000,A
231,840,United States of America,15,Wheat,2019,3474.600000,A,52580890.000000,A,15132980.000000,A
231,840,United States of America,15,Wheat,1992,2643.300000,A,67136000.000000,A,25398800.000000,A
231,840,United States of America,15,Wheat,1975,2058.200000,A,57886448.000000,A,28124848.000000,A
234,858,Uruguay,15,Wheat,2008,2842.000000,A,697143.000000,A,245300.000000,A
234,858,Uruguay,15,Wheat,2015,2696.700000,A,1076000.000000,A,399000.000000,A
234,858,Uruguay,15,Wheat,2021,4182.200000,A,936400.000000,A,223900.000000,A
234,858,Uruguay,15,Wheat,2001,1148.800000,A,143600.000000,A,125000.000000,A
234,858,Uruguay,15,Wheat,1965,1134.200000,A,619905.000000,A,546570.000000,A
234,858,Uruguay,15,Wheat,1967,647.500000,A,143776.000000,A,222060.000000,A
234,858,Uruguay,15,Wheat,2024,4277.200000,E,1295414.680000,I,302863.000000,I
235,860,Uzbekistan,15,Wheat,2008,4477.100000,A,6147100.000000,A,1373000.000000,A
235,860,Uzbekistan,15,Wheat,2013,4739.300000,A,6841977.000000,A,1443672.000000,A
236,862,Venezuela (Bolivarian Republic of),15,Wheat,1971,432.800000,A,609.000000,A,1407.000000,A
238,231,Ethiopia,15,Wheat,1998,1373.800000,A,1142710.000000,A,831770.000000,A
238,231,Ethiopia,15,Wheat,1995,1310.600000,A,1083680.000000,A,826840.000000,A
238,231,Ethiopia,15,Wheat,2014,2543.300000,A,4231589.000000,A,1663845.000000,A
248,890,Yugoslav SFR,15,Wheat,1963,1932.400000,A,4143000.000000,A,2144000.000000,A
248,890,Yugoslav SFR,15,Wheat,1979,2960.100000,A,4512400.000000,A,1524400.000000,A
249,887,Yemen,15,Wheat,1976,1177.000000,A,85674.000000,A,72788.000000,A
249,887,Yemen,15,Wheat,2008,1384.600000,A,170446.000000,A,123103.000000,A
250,180,Democratic Republic of the Congo,15,Wheat,2018,1225.800000,E,11500.000000,E,9382.000000,I
251,894,Zambia,15,Wheat,2002,6250.000000,X,75000.000000,X,12000.000000,X
255,56,Belgium,15,Wheat,2019,9336.400000,A,1902380.000000,A,203760.000000,A
276,729,Sudan,15,Wheat,2017,2688.700000,A,463000.000000,A,172200.000000,A
2,4,Afghanistan,15,Wheat,1990,1051.000000,A,1650000.000000,A,1570000.000000,A
2,4,Afghanistan,15,Wheat,1997,1276.400000,A,2711000.000000,A,2124000.000000,A
2,4,Afghanistan,15,Wheat,1981,1235.000000,E,2470000.000000,E,2000000.000000,E
3,8,Albania,15,Wheat,2008,4016.800000,A,335000.000000,A,83400.000000,A
3,8,Albania,15,Wheat,1980,2519.800000,A,495900.000000,A,196800.000000,A
3,8,Albania,15,Wheat,2014,4000.100000,A,280000.000000,A,69998.000000,A
4,12,Algeria,15,Wheat,1963,832.600000,A,1589664.000000,A,1909203.000000,A
4,12,Algeria,15,Wheat,1998,884.700000,A,2280000.000000,A,2577150.000000,A
4,12,Algeria,15,Wheat,1968,689.900000,A,1533794.000000,A,2223200.000000,A
7,24,Angola,15,Wheat,1984,625.000000,E,3000.000000,E,4800.000000,E
9,32,Argentina,15,Wheat,1979,1693.400000,A,8317800.000000,A,4911800.000000,A
9,32,Argentina,15,Wheat,1980,1559.600000,A,7974700.000000,A,5113400.000000,A
9,32,Argentina,15,Wheat,2004,2627.100000,A,15925025.000000,A,6061930.000000,A
9,32,Argentina,15,Wheat,2012,2658.400000,A,8023996.000000,A,3018403.000000,A
1,51,Armenia,15,Wheat,2019,1956.500000,A,112621.000000,A,57563.000000,A
1,51,Armenia,15,Wheat,2022,2450.900000,A,138612.800000,A,56555.000000,A
10,36,Australia,15,Wheat,1966,1507.000000,A,12699257.000000,A,8426760.000000,A
10,36,Australia,15,Wheat,1963,1338.700000,A,8924460.000000,A,6666676.000000,A
10,36,Australia,15,Wheat,2009,1572.900000,A,21834010.000000,A,13881030.000000,A
10,36,Australia,15,Wheat,1989,1578.700000,A,14214495.000000,A,9003872.000000,A
11,40,Austria,15,Wheat,2004,5923.400000,A,1718825.230000,A,290174.000000,A
52,31,Azerbaijan,15,Wheat,2016,3047.500000,A,1799858.500000,A,590603.000000,A
15,58,Belgium-Luxembourg,15,Wheat,1996,8918.400000,A,1908529.000000,A,214000.000000,A
15,58,Belgium-Luxembourg,15,Wheat,1997,7933.700000,A,1717654.000000,A,216500.000000,A
18,64,Bhutan,15,Wheat,1996,1416.700000,E,17000.000000,E,12000.000000,E
18,64,Bhutan,15,Wheat,2018,1267.700000,A,1445.190000,A,1140.000000,A
18,64,Bhutan,15,Wheat,2010,2163.700000,A,4873.000000,A,2252.000000,A
18,64,Bhutan,15,Wheat,2013,2339.200000,A,5310.000000,A,2270.000000,A
18,64,Bhutan,15,Wheat,2004,1365.600000,A,4191.000000,A,3069.000000,A
19,68,Bolivia (Plurinational State of),15,Wheat,1980,599.200000,A,60140.000000,A,100370.000000,A
19,68,Bolivia (Plurinational State of),15,Wheat,2016,1433.400000,A,329437.000000,A,229822.000000,A
19,68,Bolivia (Plurinational State of),15,Wheat,2013,1116.700000,A,208735.260000,A,186919.000000,A
19,68,Bolivia (Plurinational State of),15,Wheat,1968,600.000000,A,45000.000000,A,75000.000000,A
80,70,Bosnia and Herzegovina,15,Wheat,2011,3596.000000,A,210004.000000,A,58400.000000,A
80,70,Bosnia and Herzegovina,15,Wheat,2022,5460.000000,A,281414.000000,A,51541.000000,A
20,72,Botswana,15,Wheat,1984,2000.000000,E,1000.000000,E,500.000000,E
20,72,Botswana,15,Wheat,1989,2000.000000,E,1000.000000,A,500.000000,E
20,72,Botswana,15,Wheat,1981,2000.000000,E,1000.000000,E,500.000000,E
21,76,Brazil,15,Wheat,2005,1973.500000,A,4658790.000000,A,2360696.000000,A
21,76,Brazil,15,Wheat,1987,1765.400000,A,6099111.000000,A,3454844.000000,A
27,100,Bulgaria,15,Wheat,1992,3107.100000,A,3442555.000000,A,1107961.000000,A
27,100,Bulgaria,15,Wheat,2019,5272.200000,A,6319630.000000,A,1198680.000000,A
27,100,Bulgaria,15,Wheat,1982,4636.800000,A,4912580.000000,A,1059481.000000,A
27,100,Bulgaria,15,Wheat,2021,6087.800000,A,7342990.000000,A,1206190.000000,A
29,108,Burundi,15,Wheat,1997,777.400000,E,9739.000000,X,12528.000000,I
32,120,Cameroon,15,Wheat,1981,793.100000,A,1518.000000,A,1914.000000,A
33,124,Canada,15,Wheat,1966,1873.900000,A,22516832.000000,A,12015961.000000,A
39,148,Chad,15,Wheat,1986,743.300000,A,640.000000,A,861.000000,A
39,148,Chad,15,Wheat,1965,1793.000000,A,3500.000000,A,1952.000000,A
40,152,Chile,15,Wheat,2016,6070.600000,A,1731935.000000,A,285297.000000,A
214,158,"China, Taiwan Province of",15,Wheat,2008,4424.200000,A,292.000000,A,66.000000,A
214,158,"China, Taiwan Province of",15,Wheat,1999,4631.600000,A,88.000000,A,19.000000,A
41,156,"China, mainland",15,Wheat,1968,1114.600000,A,27455008.000000,A,24633008.000000,A
41,156,"China, mainland",15,Wheat,1997,4101.900000,A,123290000.000000,A,30057000.000000,A
41,156,"China, mainland",15,Wheat,1972,1369.500000,A,35985008.000000,A,26276000.000000,A
44,170,Colombia,15,Wheat,2022,2821.300000,A,12930.000000,A,4583.000000,A
44,170,Colombia,15,Wheat,1972,1140.000000,A,69200.000000,A,60700.000000,A
44,170,Colombia,15,Wheat,2004,1887.900000,A,43471.000000,A,23026.000000,A
44,170,Colombia,15,Wheat,1974,1303.800000,A,58800.000000,A,45100.000000,A
44,170,Colombia,15,Wheat,1993,1877.300000,A,96303.000000,A,51298.000000,A
44,170,Colombia,15,Wheat,1962,1080.000000,A,162000.000000,A,150000.000000,A
44,170,Colombia,15,Wheat,1998,2049.700000,A,39064.000000,A,19058.000000,A
98,191,Croatia,15,Wheat,2015,5380.900000,A,758638.000000,A,140986.000000,A
116,408,Democratic People's Republic of Korea,15,Wheat,1983,1458.800000,E,124000.000000,X,85000.000000,E
116,408,Democratic People's Republic of Korea,15,Wheat,2000,847.500000,X,50000.000000,X,59000.000000,X
250,180,Democratic Republic of the Congo,15,Wheat,2024,1125.000000,X,9000.000000,X,8000.000000,X
250,180,Democratic Republic of the Congo,15,Wheat,1963,964.000000,E,2892.000000,A,3000.000000,E
250,180,Democratic Republic of the Congo,15,Wheat,1979,591.800000,A,2900.000000,A,4900.000000,A
54,208,Denmark,15,Wheat,1990,7418.000000,A,3953412.000000,A,532949.000000,A
59,818,Egypt,15,Wheat,1982,3496.200000,A,2016992.000000,A,576917.000000,A
59,818,Egypt,15,Wheat,1972,3091.200000,A,1618000.000000,A,523420.000000,A
59,818,Egypt,15,Wheat,1978,3334.400000,A,1933000.000000,A,579710.000000,A
178,232,Eritrea,15,Wheat,2020,1000.000000,X,25000.000000,X,25000.000000,X
63,233,Estonia,15,Wheat,2019,5069.900000,A,846580.000000,A,166980.000000,A
63,233,Estonia,15,Wheat,2001,2230.200000,A,133003.000000,A,59638.000000,A
63,233,Estonia,15,Wheat,1992,2056.200000,A,89400.000000,A,43479.000000,A
209,748,Eswatini,15,Wheat,1961,,,0.000000,A,0.000000,A
209,748,Eswatini,15,Wheat,1977,3250.000000,E,1300.000000,E,400.000000,E
209,748,Eswatini,15,Wheat,1986,3250.000000,E,1300.000000,E,400.000000,E
62,230,Ethiopia PDR,15,Wheat,1992,1349.700000,A,798467.000000,A,591590.000000,A
67,246,Finland,15,Wheat,2023,3268.600000,A,749030.000000,A,229160.000000,A
67,246,Finland,15,Wheat,2005,3730.400000,A,801300.000000,A,214800.000000,A
67,246,Finland,15,Wheat,2019,4626.400000,A,914180.000000,A,197600.000000,A
68,250,France,15,Wheat,2009,7447.800000,A,38336864.700000,A,5147394.000000,A
68,250,France,15,Wheat,1975,3873.400000,A,15013000.000000,A,3875900.000000,A
79,276,Germany,15,Wheat,2006,7200.700000,A,22427900.000000,A,3114700.000000,A
79,276,Germany,15,Wheat,2002,6905.600000,A,20817740.000000,A,3014620.000000,A
79,276,Germany,15,Wheat,1999,7541.100000,A,19615366.000000,A,2601122.000000,A
84,300,Greece,15,Wheat,1963,1314.200000,A,1416932.000000,A,1078200.000000,A
84,300,Greece,15,Wheat,1972,1997.700000,A,1768000.000000,A,885000.000000,A
84,300,Greece,15,Wheat,1967,1841.900000,A,1935922.000000,A,1051050.000000,A
89,320,Guatemala,15,Wheat,2012,2167.700000,A,1515.000000,A,699.000000,A
89,320,Guatemala,15,Wheat,2010,2057.400000,A,1437.890000,A,699.000000,A
89,320,Guatemala,15,Wheat,1993,1992.400000,A,24267.000000,A,12180.000000,A
95,340,Honduras,15,Wheat,1972,875.000000,X,700.000000,X,800.000000,X
97,348,Hungary,15,Wheat,2011,4199.400000,A,4107000.000000,A,978000.000000,A
97,348,Hungary,15,Wheat,2007,3587.500000,A,3986708.000000,A,1111269.000000,A
100,356,India,15,Wheat,2005,2601.600000,A,68636896.000000,A,26382900.000000,A
100,356,India,15,Wheat,1984,1843.200000,A,45476000.000000,A,24672000.000000,A
100,356,India,15,Wheat,2012,3177.500000,A,94880000.000000,A,29860000.000000,A
100,356,India,15,Wheat,1987,1916.200000,A,44322896.000000,A,23131200.000000,A
102,364,Iran (Islamic Republic of),15,Wheat,1963,725.900000,E,2468140.000000,A,3400000.000000,E
102,364,Iran (Islamic Republic of),15,Wheat,1989,960.500000,A,6010024.000000,A,6256892.000000,A
103,368,Iraq,15,Wheat,1988,892.500000,A,929200.000000,A,1041125.000000,A
103,368,Iraq,15,Wheat,2006,1378.300000,A,2086000.000000,A,1513500.000000,A
103,368,Iraq,15,Wheat,2016,3318.100000,A,3052939.000000,A,920096.000000,A
104,372,Ireland,15,Wheat,1975,4374.600000,A,195000.000000,A,44575.000000,A
104,372,Ireland,15,Wheat,1982,7005.300000,A,400000.000000,A,57100.000000,A
105,376,Israel,15,Wheat,1980,2593.500000,A,253200.000000,A,97630.000000,A
106,380,Italy,15,Wheat,1996,3317.000000,A,7987241.000000,A,2407992.000000,A
106,380,Italy,15,Wheat,2010,3742.100000,A,6849858.000000,A,1830475.000000,A
106,380,Italy,15,Wheat,2011,3833.500000,A,6641806.500000,A,1732580.000000,A
110,392,Japan,15,Wheat,2005,4097.000000,A,874700.000000,A,213500.000000,A
110,392,Japan,15,Wheat,2006,3835.100000,A,837200.000000,A,218300.000000,A
108,398,Kazakhstan,15,Wheat,2015,1188.200000,A,13746967.000000,A,11569536.000000,A
108,398,Kazakhstan,15,Wheat,2004,843.200000,A,9936970.000000,A,11785200.000000,A
114,404,Kenya,15,Wheat,1984,1377.000000,A,144590.000000,A,105000.000000,A
114,404,Kenya,15,Wheat,1998,1895.100000,A,270810.000000,A,142902.000000,A
114,404,Kenya,15,Wheat,1973,1362.800000,E,136284.000000,A,100000.000000,X
114,404,Kenya,15,Wheat,2023,2963.300000,A,309492.000000,A,104440.000000,A
114,404,Kenya,15,Wheat,1970,1613.200000,A,221486.000000,A,137300.000000,A
114,404,Kenya,15,Wheat,1997,1613.200000,A,252000.000000,A,156214.000000,A
113,417,Kyrgyzstan,15,Wheat,2010,2167.400000,A,813300.000000,A,375238.000000,A
121,422,Lebanon,15,Wheat,1973,1100.000000,A,55138.000000,A,50125.000000,A
121,422,Lebanon,15,Wheat,2020,2986.400000,X,147508.000000,X,49393.000000,X
121,422,Lebanon,15,Wheat,1982,1277.800000,A,23000.000000,A,18000.000000,A
122,426,Lesotho,15,Wheat,2011,996.500000,A,20065.000000,A,20136.000000,A
122,426,Lesotho,15,Wheat,1964,771.400000,E,54000.000000,E,70000.000000,E
122,426,Lesotho,15,Wheat,1987,671.900000,A,18547.000000,A,27603.000000,A
122,426,Lesotho,15,Wheat,1983,510.600000,A,14810.000000,A,29004.000000,A
122,426,Lesotho,15,Wheat,1994,419.900000,A,11955.000000,A,28472.000000,A
122,426,Lesotho,15,Wheat,2022,810.700000,A,5704.000000,A,7036.000000,A
124,434,Libya,15,Wheat,2022,765.800000,E,130000.000000,X,169762.000000,I
126,440,Lithuania,15,Wheat,1999,2609.800000,A,870900.000000,A,333700.000000,A
126,440,Lithuania,15,Wheat,2005,3733.200000,A,1379400.000000,A,369500.000000,A
126,440,Lithuania,15,Wheat,1995,2445.500000,A,637300.000000,A,260600.000000,A
256,442,Luxembourg,15,Wheat,2015,6282.500000,A,91058.000000,A,14494.000000,A
129,450,Madagascar,15,Wheat,1987,1783.100000,A,337.000000,A,189.000000,A
129,450,Madagascar,15,Wheat,1981,1648.400000,E,300.000000,E,182.000000,A
129,450,Madagascar,15,Wheat,2011,2388.900000,E,10000.000000,X,4186.000000,I
130,454,Malawi,15,Wheat,2016,1111.600000,A,797.000000,A,717.000000,A
130,454,Malawi,15,Wheat,1992,423.900000,A,613.000000,A,1446.000000,A
133,466,Mali,15,Wheat,1988,1510.800000,A,1115.000000,A,738.000000,A
134,470,Malta,15,Wheat,1982,4331.500000,A,7814.000000,A,1804.000000,A
134,470,Malta,15,Wheat,1999,3957.600000,E,8889.970000,I,2246.000000,I
134,470,Malta,15,Wheat,2024,,,0.000000,A,0.000000,A
136,478,Mauritania,15,Wheat,1963,211.100000,E,95.000000,E,450.000000,E
136,478,Mauritania,15,Wheat,1975,483.900000,E,150.000000,A,310.000000,E
138,484,Mexico,15,Wheat,1977,3464.400000,A,2455774.000000,A,708863.000000,A
141,496,Mongolia,15,Wheat,2023,1320.400000,A,443415.590000,A,335807.000000,A
273,499,Montenegro,15,Wheat,2023,2790.500000,A,2111.300000,A,757.000000,A
143,504,Morocco,15,Wheat,1965,951.800000,A,1580000.000000,A,1660000.000000,A
143,504,Morocco,15,Wheat,1963,872.700000,A,1440000.000000,A,1650000.000000,A
143,504,Morocco,15,Wheat,2017,2095.300000,A,7090817.000000,A,3384225.000000,A
143,504,Morocco,15,Wheat,1978,1070.100000,A,1876450.000000,A,1753600.000000,A
143,504,Morocco,15,Wheat,1989,1493.400000,A,3926960.000000,A,2629500.000000,A
144,508,Mozambique,15,Wheat,2012,995.800000,A,17653.000000,A,17727.000000,A
144,508,Mozambique,15,Wheat,2023,1000.000000,X,16000.000000,X,16000.000000,X
144,508,Mozambique,15,Wheat,1967,862.400000,E,8624.000000,A,10000.000000,E
28,104,Myanmar,15,Wheat,1973,547.900000,A,26695.000000,A,48721.000000,A
28,104,Myanmar,15,Wheat,1986,1713.000000,A,189934.000000,A,110880.000000,A
147,516,Namibia,15,Wheat,2013,6215.500000,E,15000.000000,X,2413.000000,I
147,516,Namibia,15,Wheat,1968,1500.000000,E,600.000000,E,400.000000,E
147,516,Namibia,15,Wheat,1994,5250.000000,A,6300.000000,A,1200.000000,A
149,524,Nepal,15,Wheat,1985,1181.100000,A,533720.000000,A,451890.000000,A
149,524,Nepal,15,Wheat,1973,1204.500000,A,312494.000000,A,259438.000000,A
149,524,Nepal,15,Wheat,2019,2849.000000,A,2005665.000000,A,703992.000000,A
149,524,Nepal,15,Wheat,2014,2496.000000,A,1883147.000000,A,754474.000000,A
149,524,Nepal,15,Wheat,1987,1309.100000,A,701040.000000,A,535530.000000,A
149,524,Nepal,15,Wheat,2001,1806.300000,A,1157865.000000,A,641030.000000,A
149,524,Nepal,15,Wheat,1962,1232.100000,A,138000.000000,A,112000.000000,A
150,528,Netherlands (Kingdom of the),15,Wheat,2019,9378.100000,A,1130530.000000,A,120550.000000,A
150,528,Netherlands (Kingdom of the),15,Wheat,1970,4545.700000,A,643219.000000,A,141502.000000,A
150,528,Netherlands (Kingdom of the),15,Wheat,1976,5437.400000,A,709585.000000,A,130501.000000,A
150,528,Netherlands (Kingdom of the),15,Wheat,2024,6971.000000,A,668170.000000,A,95850.000000,A
150,528,Netherlands (Kingdom of the),15,Wheat,1992,8015.400000,A,1016791.000000,A,126854.000000,A
153,540,New Caledonia,15,Wheat,2000,,,0.000000,A,0.000000,E
153,540,New Caledonia,15,Wheat,1981,1397.800000,A,260.000000,A,186.000000,A
153,540,New Caledonia,15,Wheat,2019,592.800000,E,109.000000,A,184.000000,E
153,540,New Caledonia,15,Wheat,2015,702.200000,E,6.580000,I,9.000000,I
153,540,New Caledonia,15,Wheat,1991,1381.200000,A,308.000000,A,223.000000,A
153,540,New Caledonia,15,Wheat,2005,1893.200000,E,36.000000,A,19.000000,I
156,554,New Zealand,15,Wheat,2016,9197.100000,A,459349.000000,A,49945.000000,A
156,554,New Zealand,15,Wheat,1985,4309.300000,A,309591.000000,A,71843.000000,A
156,554,New Zealand,15,Wheat,2012,8924.500000,A,488614.000000,A,54750.000000,A
158,562,Niger,15,Wheat,2016,2008.500000,A,8234.180000,A,4100.000000,A
158,562,Niger,15,Wheat,2010,1990.900000,E,5165.270000,I,2594.000000,I
159,566,Nigeria,15,Wheat,1977,2000.000000,E,20000.000000,A,10000.000000,E
159,566,Nigeria,15,Wheat,1996,2043.500000,A,47000.000000,A,23000.000000,A
159,566,Nigeria,15,Wheat,2003,1035.700000,A,58000.000000,A,56000.000000,A
154,807,North Macedonia,15,Wheat,2024,3411.000000,A,229309.000000,A,67226.000000,A
154,807,North Macedonia,15,Wheat,1992,2675.200000,A,299522.000000,A,111961.000000,A
154,807,North Macedonia,15,Wheat,2005,3081.100000,A,333888.000000,A,108367.000000,A
162,578,Norway,15,Wheat,1986,4002.500000,A,158500.000000,A,39600.000000,A
162,578,Norway,15,Wheat,2003,4613.500000,A,349500.000000,A,75756.000000,A
162,578,Norway,15,Wheat,1962,2052.500000,A,20000.000000,A,9744.000000,A
221,512,Oman,15,Wheat,2024,3131.500000,A,11740.000000,A,3749.000000,A
221,512,Oman,15,Wheat,2019,3849.800000,A,3615.000000,A,939.000000,A
221,512,Oman,15,Wheat,1962,1400.000000,E,1400.000000,E,1000.000000,E
221,512,Oman,15,Wheat,2012,4651.200000,A,2000.000000,A,430.000000,A
165,586,Pakistan,15,Wheat,1969,1074.400000,A,6618000.000000,A,6160000.000000,A
165,586,Pakistan,15,Wheat,2010,2552.800000,A,23310800.000000,A,9131600.000000,A
165,586,Pakistan,15,Wheat,1979,1487.900000,A,9950000.000000,A,6687100.000000,A
165,586,Pakistan,15,Wheat,2001,2325.400000,A,19023700.000000,A,8180800.000000,A
165,586,Pakistan,15,Wheat,1976,1422.200000,A,8690713.000000,A,6110599.000000,A
299,275,Palestine,15,Wheat,2010,1789.200000,A,17380.000000,A,9714.000000,A
169,600,Paraguay,15,Wheat,1987,2097.100000,E,270528.000000,A,129000.000000,X
170,604,Peru,15,Wheat,2014,1555.400000,A,218904.000000,A,140737.000000,A
173,616,Poland,15,Wheat,1973,2959.900000,A,5806500.000000,A,1961700.000000,A
174,620,Portugal,15,Wheat,2002,1790.400000,A,413031.000000,A,230686.000000,A
174,620,Portugal,15,Wheat,1992,1291.400000,A,361963.000000,A,280293.000000,A
179,634,Qatar,15,Wheat,1961,,,0.000000,A,0.000000,A
179,634,Qatar,15,Wheat,2001,2333.300000,A,28.000000,A,12.000000,A
117,410,Republic of Korea,15,Wheat,1976,2222.700000,A,81621.000000,A,36721.000000,A
117,410,Republic of Korea,15,Wheat,2017,4031.600000,A,37425.000000,A,9283.000000,A
146,498,Republic of Moldova,15,Wheat,2000,1951.200000,A,727721.000000,A,372967.000000,A
146,498,Republic of Moldova,15,Wheat,2007,1292.500000,A,406484.000000,A,314487.000000,A
146,498,Republic of Moldova,15,Wheat,2018,3125.100000,A,1162778.000000,A,372076.000000,A
183,642,Romania,15,Wheat,1975,2072.900000,A,4860190.000000,A,2344674.000000,A
183,642,Romania,15,Wheat,2003,1757.000000,A,2479052.000000,A,1410944.000000,A
183,642,Romania,15,Wheat,1964,1292.300000,A,3823700.000000,A,2958800.000000,A
183,642,Romania,15,Wheat,1982,2839.900000,A,6122000.000000,A,2155699.000000,A
183,642,Romania,15,Wheat,2011,3665.000000,A,7131590.000000,A,1945849.000000,A
183,642,Romania,15,Wheat,1986,2511.200000,A,6278000.000000,A,2500000.000000,A
185,643,Russian Federation,15,Wheat,2017,3125.400000,A,86002542.000000,A,27517354.000000,A
184,646,Rwanda,15,Wheat,2012,956.000000,E,8528.120000,I,8921.000000,I
184,646,Rwanda,15,Wheat,1967,800.000000,A,300.000000,A,375.000000,A
184,646,Rwanda,15,Wheat,2001,769.400000,A,8269.000000,A,10748.000000,A
194,682,Saudi Arabia,15,Wheat,1988,4498.200000,A,3267391.000000,A,726370.000000,A
194,682,Saudi Arabia,15,Wheat,1969,1857.100000,E,130000.000000,E,70000.000000,E
194,682,Saudi Arabia,15,Wheat,1980,2108.300000,A,141732.000000,A,67226.000000,A
186,891,Serbia and Montenegro,15,Wheat,1997,3640.900000,A,2920000.000000,A,802000.000000,A
199,703,Slovakia,15,Wheat,1995,4437.900000,A,1937937.000000,A,436680.000000,A
198,705,Slovenia,15,Wheat,2015,5110.200000,A,157058.000000,A,30734.000000,A
198,705,Slovenia,15,Wheat,2023,5065.100000,A,145420.000000,A,28710.000000,A
198,705,Slovenia,15,Wheat,2005,4700.500000,A,141293.000000,A,30059.000000,A
198,705,Slovenia,15,Wheat,2018,4381.700000,A,121900.000000,A,27820.000000,A
201,706,Somalia,15,Wheat,1987,370.300000,E,1370.000000,E,3700.000000,E
201,706,Somalia,15,Wheat,1978,0.000000,E,0.000000,A,3500.000000,E
201,706,Somalia,15,Wheat,2009,383.400000,E,950.000000,E,2478.000000,I
202,710,South Africa,15,Wheat,1968,746.700000,A,1247000.000000,A,1670000.000000,A
202,710,South Africa,15,Wheat,2017,3122.500000,A,1535000.000000,A,491600.000000,A
202,710,South Africa,15,Wheat,1976,1147.500000,A,2248000.000000,A,1959000.000000,A
203,724,Spain,15,Wheat,2002,2834.700000,A,6822160.000000,A,2406643.000000,A
276,729,Sudan,15,Wheat,2015,3439.300000,A,778600.000000,A,226380.000000,A
206,736,Sudan (former),15,Wheat,2009,1604.200000,A,641695.000000,A,400000.000000,A
206,736,Sudan (former),15,Wheat,1975,1083.500000,A,269000.000000,A,248267.000000,A
206,736,Sudan (former),15,Wheat,1985,1635.600000,A,79000.000000,A,48300.000000,A
210,752,Sweden,15,Wheat,1966,3037.200000,A,591030.000000,A,194599.000000,A
210,752,Sweden,15,Wheat,2019,7405.500000,A,3476800.000000,A,469490.000000,A
211,756,Switzerland,15,Wheat,1964,3643.500000,A,388400.000000,A,106602.000000,A
212,760,Syrian Arab Republic,15,Wheat,1990,1543.600000,A,2070000.000000,A,1341000.000000,A
208,762,Tajikistan,15,Wheat,2010,3015.900000,A,1033144.000000,A,342566.000000,A
216,764,Thailand,15,Wheat,1982,,,0.000000,A,0.000000,A
216,764,Thailand,15,Wheat,2019,1021.100000,E,1320.270000,E,1293.000000,I
216,764,Thailand,15,Wheat,1979,,,0.000000,A,0.000000,A
222,788,Tunisia,15,Wheat,2022,1960.300000,A,1135000.000000,A,579000.000000,A
222,788,Tunisia,15,Wheat,1966,812.500000,E,650000.000000,E,800000.000000,E
222,788,Tunisia,15,Wheat,1988,1247.000000,E,360000.000000,E,288700.000000,A
222,788,Tunisia,15,Wheat,1987,1400.500000,A,1359900.000000,A,971000.000000,A
222,788,Tunisia,15,Wheat,2023,1428.600000,X,470000.000000,X,329000.000000,X
222,788,Tunisia,15,Wheat,1981,1229.900000,A,963000.000000,A,783000.000000,A
222,788,Tunisia,15,Wheat,1990,1272.100000,A,1122000.000000,A,882000.000000,A
213,795,Turkmenistan,15,Wheat,2023,1658.200000,E,1100000.000000,E,663377.000000,I
223,792,Türkiye,15,Wheat,1963,1270.000000,A,10137000.000000,A,7982000.000000,A
223,792,Türkiye,15,Wheat,1997,2017.400000,A,18650000.000000,A,9244655.000000,A
223,792,Türkiye,15,Wheat,2021,2664.900000,A,17650000.000000,A,6623061.000000,A
226,800,Uganda,15,Wheat,2008,1727.300000,A,19000.000000,A,11000.000000,A
226,800,Uganda,15,Wheat,2018,1598.800000,E,23206.000000,A,14514.000000,I
230,804,Ukraine,15,Wheat,2015,3879.200000,A,26532100.000000,A,6839500.000000,A
225,784,United Arab Emirates,15,Wheat,1980,2409.600000,E,906.000000,A,376.000000,E
229,826,United Kingdom of Great Britain and Northern Ireland,15,Wheat,1982,6205.700000,A,10320000.000000,A,1663000.000000,A
229,826,United Kingdom of Great Britain and Northern Ireland,15,Wheat,1967,4183.200000,A,3903807.000000,A,933214.000000,A
215,834,United Republic of Tanzania,15,Wheat,1993,1342.000000,A,59000.000000,A,43965.000000,A
215,834,United Republic of Tanzania,15,Wheat,2019,1502.900000,A,63388.000000,A,42177.000000,A
215,834,United Republic of Tanzania,15,Wheat,1969,1078.900000,E,41000.000000,A,38000.000000,E
231,840,United States of America,15,Wheat,1961,1607.000000,A,33539008.000000,A,20870000.000000,A
231,840,United States of America,15,Wheat,1982,2385.900000,A,75251296.000000,A,31540304.000000,A
231,840,United States of America,15,Wheat,2015,2929.900000,A,55839540.000000,A,19058470.000000,A
231,840,United States of America,15,Wheat,1991,2303.800000,A,53890000.000000,A,23392000.000000,A
234,858,Uruguay,15,Wheat,2019,3667.300000,A,727600.000000,A,198400.000000,A
234,858,Uruguay,15,Wheat,1995,2335.900000,A,392900.000000,A,168200.000000,A
234,858,Uruguay,15,Wheat,2002,2000.000000,A,270000.000000,A,135000.000000,A
234,858,Uruguay,15,Wheat,2003,1501.100000,A,205800.000000,A,137100.000000,A
234,858,Uruguay,15,Wheat,1987,1842.500000,A,307824.000000,A,167068.000000,A
235,860,Uzbekistan,15,Wheat,2003,3731.500000,A,5625600.000000,A,1507600.000000,A
236,862,Venezuela (Bolivarian Republic of),15,Wheat,2008,2987.000000,E,230.000000,A,77.000000,E
236,862,Venezuela (Bolivarian Republic of),15,Wheat,1974,398.100000,A,627.000000,A,1575.000000,A
236,862,Venezuela (Bolivarian Republic of),15,Wheat,1999,2003.700000,E,517.000000,A,258.000000,I
236,862,Venezuela (Bolivarian Republic of),15,Wheat,1966,500.000000,A,1427.000000,A,2854.000000,A
249,887,Yemen,15,Wheat,1988,1734.400000,A,142452.000000,A,82132.000000,A
249,887,Yemen,15,Wheat,2010,1784.300000,A,265432.000000,A,148757.000000,A
249,887,Yemen,15,Wheat,1985,1028.200000,A,73000.000000,A,71000.000000,A
248,890,Yugoslav SFR,15,Wheat,1977,3488.900000,A,5595100.000000,A,1603700.000000,A
248,890,Yugoslav SFR,15,Wheat,1981,3080.800000,A,4270000.000000,A,1386000.000000,A
251,894,Zambia,15,Wheat,1972,990.000000,E,99.000000,A,100.000000,E
251,894,Zambia,15,Wheat,1989,4721.900000,A,46610.000000,A,9871.000000,A
181,716,Zimbabwe,15,Wheat,2021,5075.900000,A,337212.000000,A,66434.000000,A
181,716,Zimbabwe,15,Wheat,2019,3914.900000,A,94685.000000,A,24186.000000,A
1,51,Armenia,15,Wheat,2006,1462.700000,A,146544.000000,A,100188.000000,A
3,8,Albania,15,Wheat,2009,4022.900000,A,333100.000000,A,82800.000000,A
3,8,Albania,15,Wheat,1996,2174.100000,A,271150.000000,A,124721.000000,A
4,12,Algeria,15,Wheat,1973,493.400000,A,1158077.000000,A,2346900.000000,A
4,12,Algeria,15,Wheat,1976,710.100000,A,1629687.000000,A,2295100.000000,A
4,12,Algeria,15,Wheat,2021,1584.300000,A,2168386.000000,A,1368702.000000,A
7,24,Angola,15,Wheat,2005,1086.000000,E,4000.000000,X,3683.000000,I
7,24,Angola,15,Wheat,2021,474.200000,E,9368.000000,A,19756.000000,I
9,32,Argentina,15,Wheat,1966,1198.200000,A,6247000.000000,A,5213600.000000,A
9,32,Argentina,15,Wheat,1973,1657.400000,A,6560000.000000,A,3957900.000000,A
9,32,Argentina,15,Wheat,2024,2919.000000,A,18510280.000000,A,6341303.000000,A
9,32,Argentina,15,Wheat,1977,1361.200000,A,5653100.000000,A,4153000.000000,A
10,36,Australia,15,Wheat,2013,2006.100000,A,25303037.000000,A,12613226.000000,A
10,36,Australia,15,Wheat,2016,2610.000000,A,31818743.540000,A,12191153.000000,A
11,40,Austria,15,Wheat,2010,5011.700000,A,1517805.000000,A,302852.000000,A
11,40,Austria,15,Wheat,1972,3146.100000,A,863310.000000,A,274404.000000,A
11,40,Austria,15,Wheat,1971,3557.700000,A,974281.000000,A,273849.000000,A
11,40,Austria,15,Wheat,1986,4360.500000,A,1414599.000000,A,324415.000000,A
15,58,Belgium-Luxembourg,15,Wheat,1984,6843.600000,A,1329992.000000,A,194340.000000,A
15,58,Belgium-Luxembourg,15,Wheat,1976,4432.500000,A,939250.000000,A,211899.000000,A
16,50,Bangladesh,15,Wheat,1979,1866.000000,A,494031.000000,A,264753.000000,A
16,50,Bangladesh,15,Wheat,2009,2151.600000,A,849046.000000,A,394612.000000,A
16,50,Bangladesh,15,Wheat,1964,601.100000,A,34544.000000,A,57466.000000,A
20,72,Botswana,15,Wheat,1998,1666.700000,E,500.000000,E,300.000000,E
20,72,Botswana,15,Wheat,1968,2384.200000,E,453.000000,A,190.000000,E
20,72,Botswana,15,Wheat,1961,2500.000000,E,400.000000,E,160.000000,E
20,72,Botswana,15,Wheat,1999,1632.300000,E,488.280000,I,299.000000,I
20,72,Botswana,15,Wheat,2010,,,0.000000,I,0.000000,E
21,76,Brazil,15,Wheat,1979,764.100000,A,2926764.000000,A,3830544.000000,A
21,76,Brazil,15,Wheat,2007,2219.900000,A,4114057.000000,A,1853224.000000,A
27,100,Bulgaria,15,Wheat,1993,2858.000000,A,3618220.000000,A,1265981.000000,A
28,104,Myanmar,15,Wheat,1992,938.900000,A,136400.000000,A,145282.000000,A
28,104,Myanmar,15,Wheat,1998,959.200000,A,92000.000000,A,95911.000000,A
29,108,Burundi,15,Wheat,2001,866.700000,E,8667.000000,A,10000.000000,E
29,108,Burundi,15,Wheat,1967,688.500000,A,8400.000000,A,12200.000000,A
29,108,Burundi,15,Wheat,1983,600.000000,E,6000.000000,A,10000.000000,E
32,120,Cameroon,15,Wheat,1961,,,0.000000,A,0.000000,A
32,120,Cameroon,15,Wheat,1984,1000.000000,A,270.000000,A,270.000000,A
33,124,Canada,15,Wheat,2024,3373.900000,A,35938839.000000,A,10652000.000000,A
39,148,Chad,15,Wheat,2001,1493.300000,A,2800.000000,A,1875.000000,A
40,152,Chile,15,Wheat,1985,2300.900000,A,1164690.000000,A,506190.000000,A
40,152,Chile,15,Wheat,2022,5891.700000,A,1106926.470000,A,187878.000000,A
40,152,Chile,15,Wheat,2010,5765.800000,A,1523921.200000,A,264304.000000,A
41,156,"China, mainland",15,Wheat,2023,5781.100000,A,136590100.000000,A,23627200.000000,A
41,156,"China, mainland",15,Wheat,1980,1891.400000,A,55210000.000000,A,29190000.000000,A
44,170,Colombia,15,Wheat,1976,1381.100000,A,45300.000000,A,32800.000000,A
44,170,Colombia,15,Wheat,2018,1888.700000,A,6399.280000,A,3388.000000,A
44,170,Colombia,15,Wheat,1967,1176.500000,A,80000.000000,A,68000.000000,A
50,196,Cyprus,15,Wheat,1987,2402.600000,A,13500.000000,A,5619.000000,A
50,196,Cyprus,15,Wheat,1977,852.100000,A,23368.000000,A,27425.000000,A
50,196,Cyprus,15,Wheat,1964,683.500000,A,45720.000000,A,66890.000000,A
50,196,Cyprus,15,Wheat,2007,2026.100000,A,10712.000000,A,5287.000000,A
51,200,Czechoslovakia,15,Wheat,1970,2945.600000,A,3173936.000000,A,1077512.000000,A
51,200,Czechoslovakia,15,Wheat,1968,3161.000000,A,3153160.000000,A,997524.000000,A
52,31,Azerbaijan,15,Wheat,2012,2614.400000,A,1797028.000000,A,687349.000000,A
54,208,Denmark,15,Wheat,1983,6400.400000,A,1547845.000000,A,241834.000000,A
54,208,Denmark,15,Wheat,1994,6494.800000,A,3725194.000000,A,573568.000000,A
57,112,Belarus,15,Wheat,2017,3654.000000,A,2620230.000000,A,717081.000000,A
58,218,Ecuador,15,Wheat,1973,971.700000,A,45189.000000,A,46504.000000,A
58,218,Ecuador,15,Wheat,1985,1019.200000,A,18464.000000,A,18116.000000,A
58,218,Ecuador,15,Wheat,1967,986.900000,A,78543.000000,A,79585.000000,A
59,818,Egypt,15,Wheat,2018,6294.200000,A,8348629.000000,A,1326401.000000,A
59,818,Egypt,15,Wheat,2024,6777.700000,E,9400000.000000,X,1386892.000000,I
59,818,Egypt,15,Wheat,1976,3344.700000,A,1960000.000000,A,586000.000000,A
59,818,Egypt,15,Wheat,2002,6434.500000,A,6624868.000000,A,1029592.000000,A
63,233,Estonia,15,Wheat,2014,3986.400000,A,615500.000000,A,154400.000000,A
67,246,Finland,15,Wheat,1997,3718.800000,A,464100.000000,A,124800.000000,A
67,246,Finland,15,Wheat,2000,3600.700000,A,538300.000000,A,149500.000000,A
68,250,France,15,Wheat,1969,3580.900000,A,14446000.000000,A,4034200.000000,A
68,250,France,15,Wheat,2007,6254.200000,A,32763445.900000,A,5238602.000000,A
68,250,France,15,Wheat,2016,5289.600000,A,29316331.000000,A,5542247.000000,A
68,250,France,15,Wheat,1967,3636.500000,A,14287540.000000,A,3928900.000000,A
79,276,Germany,15,Wheat,2019,7396.400000,A,23062600.000000,A,3118100.000000,A
79,276,Germany,15,Wheat,2003,6498.500000,A,19259811.000000,A,2963731.000000,A
80,70,Bosnia and Herzegovina,15,Wheat,2019,3839.200000,A,264769.000000,A,68965.000000,A
80,70,Bosnia and Herzegovina,15,Wheat,2003,2261.700000,A,160734.000000,A,71067.000000,A
84,300,Greece,15,Wheat,1991,3118.300000,A,3162000.000000,A,1014000.000000,A
89,320,Guatemala,15,Wheat,1998,1972.100000,A,14633.000000,A,7420.000000,A
89,320,Guatemala,15,Wheat,2009,2213.100000,A,1546.750000,A,699.000000,A
89,320,Guatemala,15,Wheat,1976,1305.500000,A,47864.000000,A,36663.000000,A
95,340,Honduras,15,Wheat,1966,876.200000,A,538.000000,A,614.000000,A
95,340,Honduras,15,Wheat,1969,829.500000,A,681.000000,A,821.000000,A
95,340,Honduras,15,Wheat,1987,590.900000,E,650.000000,E,1100.000000,E
95,340,Honduras,15,Wheat,2014,542.100000,E,1193.600000,I,2202.000000,I
97,348,Hungary,15,Wheat,1965,2170.300000,A,2453283.000000,A,1130414.000000,A
97,348,Hungary,15,Wheat,1980,4764.300000,A,6077330.000000,A,1275598.000000,A
97,348,Hungary,15,Wheat,2016,5365.400000,A,5603184.000000,A,1044314.000000,A
98,191,Croatia,15,Wheat,1993,4186.700000,A,886921.000000,A,211845.000000,A
100,356,India,15,Wheat,1993,2326.700000,A,57210100.000000,A,24588900.000000,A
100,356,India,15,Wheat,2004,2713.200000,A,72156200.000000,A,26594700.000000,A
100,356,India,15,Wheat,1976,1410.300000,A,28846304.000000,A,20453808.000000,A
100,356,India,15,Wheat,1989,2244.400000,A,54110208.000000,A,24109104.000000,A
102,364,Iran (Islamic Republic of),15,Wheat,2019,2338.700000,A,13715300.000000,A,5864600.000000,A
102,364,Iran (Islamic Republic of),15,Wheat,2012,1348.200000,A,8816001.000000,A,6539006.000000,A
103,368,Iraq,15,Wheat,1991,805.600000,A,1476400.000000,A,1832775.000000,A
103,368,Iraq,15,Wheat,1975,600.600000,A,845400.000000,A,1407650.000000,A
103,368,Iraq,15,Wheat,2017,2839.200000,A,2974136.000000,A,1047531.000000,A
103,368,Iraq,15,Wheat,1982,826.000000,A,965100.000000,A,1168450.000000,A
104,372,Ireland,15,Wheat,1987,7065.000000,A,402000.000000,A,56900.000000,A
104,372,Ireland,15,Wheat,1991,7864.600000,A,674000.000000,A,85700.000000,A
105,376,Israel,15,Wheat,2018,1332.700000,A,70500.000000,A,52900.000000,A
106,380,Italy,15,Wheat,1998,3581.800000,A,8338301.000000,A,2327950.000000,A
106,380,Italy,15,Wheat,1965,2279.600000,A,9775900.000000,A,4288403.000000,A
106,380,Italy,15,Wheat,2006,3729.500000,A,7181720.000000,A,1925651.000000,A
108,398,Kazakhstan,15,Wheat,1993,917.800000,A,11585000.000000,A,12622000.000000,A
108,398,Kazakhstan,15,Wheat,2019,1013.700000,A,11451648.710000,A,11296643.000000,A
110,392,Japan,15,Wheat,2004,4046.600000,A,860300.000000,A,212600.000000,A
110,392,Japan,15,Wheat,1992,3537.100000,A,758700.000000,A,214500.000000,A
112,400,Jordan,15,Wheat,2016,1293.200000,A,31150.000000,A,24088.000000,A
112,400,Jordan,15,Wheat,1961,505.800000,A,138200.000000,A,273230.000000,A
112,400,Jordan,15,Wheat,2011,1381.800000,A,19801.000000,A,14330.000000,A
112,400,Jordan,15,Wheat,2017,1483.700000,A,12110.000000,A,8162.000000,A
113,417,Kyrgyzstan,15,Wheat,2019,2509.300000,A,601216.200000,A,239594.000000,A
113,417,Kyrgyzstan,15,Wheat,1996,2135.300000,A,964100.000000,A,451500.000000,A
113,417,Kyrgyzstan,15,Wheat,2021,1453.100000,A,362711.000000,A,249607.000000,A
114,404,Kenya,15,Wheat,2015,1984.100000,A,238600.000000,A,120256.000000,A
114,404,Kenya,15,Wheat,1987,1482.400000,A,233645.000000,A,157611.000000,A
114,404,Kenya,15,Wheat,1994,2216.400000,A,297000.000000,A,134000.000000,A
114,404,Kenya,15,Wheat,1999,1653.400000,A,211788.000000,A,128092.000000,A
114,404,Kenya,15,Wheat,2014,1554.900000,A,228900.000000,A,147210.000000,A
116,408,Democratic People's Republic of Korea,15,Wheat,1990,1288.900000,E,116000.000000,X,90000.000000,E
116,408,Democratic People's Republic of Korea,15,Wheat,1978,1305.900000,E,111000.000000,X,85000.000000,E
117,410,Republic of Korea,15,Wheat,1974,2034.100000,A,74198.000000,A,36477.000000,A
118,414,Kuwait,15,Wheat,2003,2389.700000,A,509.000000,A,213.000000,A
118,414,Kuwait,15,Wheat,1993,3130.400000,A,72.000000,A,23.000000,A
118,414,Kuwait,15,Wheat,1983,,,0.000000,A,0.000000,A
119,428,Latvia,15,Wheat,2011,3061.300000,A,939500.000000,A,306900.000000,A
121,422,Lebanon,15,Wheat,2019,2175.500000,X,102679.000000,X,47198.000000,X
121,422,Lebanon,15,Wheat,2016,3149.000000,A,129037.000000,A,40977.000000,A
122,426,Lesotho,15,Wheat,1968,650.300000,A,53780.000000,A,82700.000000,A
124,434,Libya,15,Wheat,2021,770.300000,A,130000.000000,A,168770.000000,A
124,434,Libya,15,Wheat,1971,331.400000,A,17726.000000,A,53490.000000,A
126,440,Lithuania,15,Wheat,1998,2867.100000,A,1031000.000000,A,359600.000000,A
129,450,Madagascar,15,Wheat,1965,,,0.000000,A,0.000000,A
129,450,Madagascar,15,Wheat,1964,,,0.000000,A,0.000000,A
129,450,Madagascar,15,Wheat,1997,2500.000000,E,5000.000000,X,2000.000000,E
130,454,Malawi,15,Wheat,2021,1212.900000,A,302.000000,A,249.000000,A
133,466,Mali,15,Wheat,1994,1627.800000,A,2650.000000,A,1628.000000,A
133,466,Mali,15,Wheat,1969,1333.300000,E,2000.000000,A,1500.000000,E
136,478,Mauritania,15,Wheat,2007,2000.000000,E,2000.000000,E,1000.000000,E
136,478,Mauritania,15,Wheat,2017,2128.800000,E,7577.160000,I,3559.000000,I
138,484,Mexico,15,Wheat,2007,5082.400000,A,3515392.000000,A,691679.000000,A
138,484,Mexico,15,Wheat,1976,3761.500000,A,3363299.000000,A,894140.000000,A
141,496,Mongolia,15,Wheat,2007,939.200000,A,109560.000000,A,116651.000000,A
143,504,Morocco,15,Wheat,1981,541.600000,A,892000.000000,A,1647000.000000,A
143,504,Morocco,15,Wheat,1988,1735.200000,A,4019340.000000,A,2316400.000000,A
143,504,Morocco,15,Wheat,1968,1321.400000,A,2550000.000000,A,1929800.000000,A
144,508,Mozambique,15,Wheat,1982,1600.000000,E,8000.000000,E,5000.000000,E
144,508,Mozambique,15,Wheat,1979,630.800000,E,2523.000000,A,4000.000000,E
147,516,Namibia,15,Wheat,1991,5900.000000,A,5900.000000,A,1000.000000,A
149,524,Nepal,15,Wheat,1990,1414.900000,A,854960.000000,A,604240.000000,A
150,528,Netherlands (Kingdom of the),15,Wheat,1986,7998.000000,A,940129.000000,A,117546.000000,A
150,528,Netherlands (Kingdom of the),15,Wheat,1996,8961.200000,A,1268900.000000,A,141600.000000,A
150,528,Netherlands (Kingdom of the),15,Wheat,1977,5230.400000,A,661173.000000,A,126409.000000,A
154,807,North Macedonia,15,Wheat,1993,2135.200000,A,249789.000000,A,116987.000000,A
156,554,New Zealand,15,Wheat,1972,3646.100000,A,388663.000000,A,106596.000000,A
156,554,New Zealand,15,Wheat,1992,5054.300000,A,191039.000000,A,37797.000000,A
158,562,Niger,15,Wheat,1975,1285.700000,A,1800.000000,A,1400.000000,A
159,566,Nigeria,15,Wheat,1974,1500.000000,E,18000.000000,A,12000.000000,E
159,566,Nigeria,15,Wheat,2012,1018.900000,E,100000.000000,X,98148.000000,I
165,586,Pakistan,15,Wheat,1988,1734.300000,A,12675100.000000,A,7308400.000000,A
165,586,Pakistan,15,Wheat,1991,1841.000000,A,14565000.000000,A,7911400.000000,A
167,203,Czechia,15,Wheat,1999,4645.700000,A,4028271.000000,A,867102.000000,A
169,600,Paraguay,15,Wheat,2012,2601.000000,A,1560600.000000,A,600000.000000,A
169,600,Paraguay,15,Wheat,1967,1201.000000,A,25100.000000,A,20900.000000,A
169,600,Paraguay,15,Wheat,2006,1698.600000,A,620000.000000,A,365000.000000,A
169,600,Paraguay,15,Wheat,2001,1833.400000,A,532155.000000,A,290248.000000,A
169,600,Paraguay,15,Wheat,2015,1898.600000,A,1139147.000000,A,600000.000000,A
169,600,Paraguay,15,Wheat,2000,1810.100000,A,231119.000000,A,127680.000000,A
170,604,Peru,15,Wheat,1985,1138.800000,A,92303.000000,A,81052.000000,A
170,604,Peru,15,Wheat,1980,939.400000,A,77148.000000,A,82129.000000,A
173,616,Poland,15,Wheat,1979,2703.200000,A,4187394.000000,A,1549071.000000,A
173,616,Poland,15,Wheat,1980,2595.700000,A,4175486.000000,A,1608623.000000,A
174,620,Portugal,15,Wheat,2005,664.400000,A,81530.000000,A,122708.000000,A
178,232,Eritrea,15,Wheat,1999,770.000000,A,27518.000000,A,35739.000000,A
179,634,Qatar,15,Wheat,2020,2300.000000,A,2.300000,A,1.000000,A
181,716,Zimbabwe,15,Wheat,1981,4980.800000,A,183516.000000,A,36845.000000,A
181,716,Zimbabwe,15,Wheat,1990,5821.100000,A,325983.000000,A,56000.000000,A
181,716,Zimbabwe,15,Wheat,2022,5145.600000,E,250000.000000,X,48586.000000,I
183,642,Romania,15,Wheat,1979,2170.100000,A,4569000.000000,A,2105423.000000,A
184,646,Rwanda,15,Wheat,1993,880.800000,E,4800.000000,A,5449.000000,I
185,643,Russian Federation,15,Wheat,2003,1703.000000,A,34069788.000000,A,20005600.000000,A
185,643,Russian Federation,15,Wheat,2010,1918.100000,A,41507581.000000,A,21639828.000000,A
186,891,Serbia and Montenegro,15,Wheat,1992,3103.400000,A,2101000.000000,A,677000.000000,A
186,891,Serbia and Montenegro,15,Wheat,1995,3417.100000,A,2949000.000000,A,863000.000000,A
186,891,Serbia and Montenegro,15,Wheat,2002,3229.300000,A,2245200.000000,A,695251.000000,A
194,682,Saudi Arabia,15,Wheat,2002,4887.500000,A,2436443.000000,A,498507.000000,A
199,703,Slovakia,15,Wheat,2015,5509.800000,A,2082134.000000,A,377899.000000,A
202,710,South Africa,15,Wheat,1981,1300.200000,A,2356000.000000,A,1812000.000000,A
202,710,South Africa,15,Wheat,1994,1756.100000,A,1840380.000000,A,1048000.000000,A
203,724,Spain,15,Wheat,1984,2624.900000,A,6052300.000000,A,2305700.000000,A
203,724,Spain,15,Wheat,1981,1293.400000,A,3408500.000000,A,2635400.000000,A
206,736,Sudan (former),15,Wheat,1996,1769.800000,A,527000.000000,A,297780.000000,A
206,736,Sudan (former),15,Wheat,2001,2522.500000,A,303000.000000,A,120120.000000,A
206,736,Sudan (former),15,Wheat,1965,983.300000,A,56008.000000,A,56957.000000,A
206,736,Sudan (former),15,Wheat,2005,2461.500000,E,416000.000000,A,169000.000000,X
208,762,Tajikistan,15,Wheat,2024,3254.300000,E,880734.000000,A,270641.000000,I
209,748,Eswatini,15,Wheat,1981,3250.000000,E,1300.000000,E,400.000000,E
209,748,Eswatini,15,Wheat,1991,2000.000000,E,400.000000,E,200.000000,E
210,752,Sweden,15,Wheat,2008,6108.700000,A,2202200.000000,A,360500.000000,A
210,752,Sweden,15,Wheat,1998,5649.400000,A,2248700.000000,A,398040.000000,A
210,752,Sweden,15,Wheat,2004,5979.800000,A,2412300.000000,A,403408.000000,A
210,752,Sweden,15,Wheat,1965,3750.000000,A,1038000.000000,A,276800.000000,A
211,756,Switzerland,15,Wheat,1967,4025.700000,A,425600.000000,A,105720.000000,A
211,756,Switzerland,15,Wheat,2003,5055.000000,A,436900.000000,A,86429.000000,A
211,756,Switzerland,15,Wheat,1987,4845.700000,A,461500.000000,A,95240.000000,A
212,760,Syrian Arab Republic,15,Wheat,1967,873.400000,A,1049000.000000,A,1201000.000000,A
212,760,Syrian Arab Republic,15,Wheat,2019,2292.700000,A,3085097.000000,A,1345607.000000,A
212,760,Syrian Arab Republic,15,Wheat,2012,2251.700000,A,3609096.000000,A,1602814.000000,A
212,760,Syrian Arab Republic,15,Wheat,2024,1904.700000,A,2431225.000000,A,1276409.000000,A
214,158,"China, Taiwan Province of",15,Wheat,2000,3527.800000,A,127.000000,A,36.000000,A
214,158,"China, Taiwan Province of",15,Wheat,1979,2580.300000,A,2521.000000,A,977.000000,A
214,158,"China, Taiwan Province of",15,Wheat,2023,2000.000000,X,4000.000000,X,2000.000000,X
214,158,"China, Taiwan Province of",15,Wheat,2006,4044.800000,A,271.000000,A,67.000000,A
215,834,United Republic of Tanzania,15,Wheat,2001,1707.600000,A,89000.000000,A,52120.000000,A
216,764,Thailand,15,Wheat,2017,1071.900000,E,1350.350000,I,1260.000000,I
216,764,Thailand,15,Wheat,1962,,,0.000000,A,0.000000,A
216,764,Thailand,15,Wheat,2013,1250.000000,E,1500.000000,E,1200.000000,E
216,764,Thailand,15,Wheat,1998,689.400000,E,827.250000,I,1200.000000,E
221,512,Oman,15,Wheat,2013,3674.500000,A,1095.000000,A,298.000000,A
221,512,Oman,15,Wheat,2022,2008.500000,A,3547.000000,A,1766.000000,A
221,512,Oman,15,Wheat,2015,2988.200000,A,2525.000000,A,845.000000,A
221,512,Oman,15,Wheat,2016,4284.200000,A,3980.000000,A,929.000000,A
222,788,Tunisia,15,Wheat,1986,1166.700000,E,630000.000000,E,540000.000000,A
222,788,Tunisia,15,Wheat,1993,1370.000000,A,1412600.000000,A,1031100.000000,A
222,788,Tunisia,15,Wheat,1998,1424.800000,E,1353520.000000,A,950000.000000,E
223,792,Türkiye,15,Wheat,2008,2345.100000,A,17782000.000000,A,7582531.000000,A
223,792,Türkiye,15,Wheat,1979,1873.000000,A,17569008.000000,A,9380000.000000,A
223,792,Türkiye,15,Wheat,2023,3219.900000,A,22000000.000000,A,6832602.000000,A
223,792,Türkiye,15,Wheat,2004,2265.800000,A,21000000.000000,A,9268240.000000,A
225,784,United Arab Emirates,15,Wheat,2011,,,,M,,M
225,784,United Arab Emirates,15,Wheat,1978,1466.700000,A,242.000000,A,165.000000,A
225,784,United Arab Emirates,15,Wheat,1976,,,0.000000,A,0.000000,A
228,810,USSR,15,Wheat,1991,1569.300000,A,71991008.000000,A,45874000.000000,A
228,810,USSR,15,Wheat,1982,1392.500000,A,79757008.000000,A,57278000.000000,A
228,810,USSR,15,Wheat,1970,1437.200000,A,93750000.000000,A,65230000.000000,A
228,810,USSR,15,Wheat,1966,1350.400000,A,94469008.000000,A,69958000.000000,A
229,826,United Kingdom of Great Britain and Northern Ireland,15,Wheat,2003,7779.800000,A,14281852.000000,A,1835762.000000,A
229,826,United Kingdom of Great Britain and Northern Ireland,15,Wheat,2001,7082.700000,A,11580107.000000,A,1634996.000000,A
229,826,United Kingdom of Great Britain and Northern Ireland,15,Wheat,2017,8279.600000,A,14837000.000000,A,1792000.000000,A
230,804,Ukraine,15,Wheat,2009,3093.000000,A,20886400.000000,A,6752900.000000,A
230,804,Ukraine,15,Wheat,2002,3045.500000,A,20556000.000000,A,6749600.000000,A
230,804,Ukraine,15,Wheat,1995,2969.900000,A,16273300.000000,A,5479400.000000,A
231,840,United States of America,15,Wheat,1989,2202.400000,A,55428000.000000,A,25167008.000000,A
231,840,United States of America,15,Wheat,1988,2291.300000,A,49320000.000000,A,21525008.000000,A
231,840,United States of America,15,Wheat,1974,1833.300000,A,48496688.000000,A,26453120.000000,A
234,858,Uruguay,15,Wheat,1994,2565.300000,A,486900.000000,A,189800.000000,A
235,860,Uzbekistan,15,Wheat,1992,1662.500000,A,1042400.000000,A,626990.000000,A
236,862,Venezuela (Bolivarian Republic of),15,Wheat,1970,377.500000,A,510.000000,A,1351.000000,A
236,862,Venezuela (Bolivarian Republic of),15,Wheat,2023,3109.400000,A,995.000000,A,320.000000,A
248,890,Yugoslav SFR,15,Wheat,1985,3605.100000,A,4858535.000000,A,1347673.000000,A
248,890,Yugoslav SFR,15,Wheat,1990,4253.000000,A,6358604.000000,A,1495080.000000,A
248,890,Yugoslav SFR,15,Wheat,1969,2415.600000,A,4882000.000000,A,2021000.000000,A
249,887,Yemen,15,Wheat,2012,1809.500000,A,250264.000000,A,138308.000000,A
250,180,Democratic Republic of the Congo,15,Wheat,2000,1284.900000,A,9385.000000,A,7304.000000,A
250,180,Democratic Republic of the Congo,15,Wheat,1978,666.700000,A,3600.000000,A,5400.000000,A
250,180,Democratic Republic of the Congo,15,Wheat,1965,1000.000000,E,3000.000000,A,3000.000000,E
250,180,Democratic Republic of the Congo,15,Wheat,1990,925.900000,A,6750.000000,A,7290.000000,A
250,180,Democratic Republic of the Congo,15,Wheat,1980,607.800000,A,3100.000000,A,5100.000000,A
251,894,Zambia,15,Wheat,1995,4870.500000,A,38019.000000,A,7806.000000,A
251,894,Zambia,15,Wheat,1962,1685.900000,A,934.000000,A,554.000000,A
251,894,Zambia,15,Wheat,1973,1000.000000,E,100.000000,E,100.000000,E
251,894,Zambia,15,Wheat,2018,5280.800000,A,114462.730000,A,21675.000000,A
256,442,Luxembourg,15,Wheat,2009,6567.700000,A,90903.000000,A,13841.000000,A
272,688,Serbia,15,Wheat,2013,4259.200000,A,2690266.000000,A,631640.000000,A
273,499,Montenegro,15,Wheat,2018,3208.800000,A,2466.900000,A,769.000000,A
299,275,Palestine,15,Wheat,1998,1743.800000,A,36523.000000,A,20944.000000,A
299,275,Palestine,15,Wheat,2011,1621.800000,A,17840.000000,A,11000.000000,A
299,275,Palestine,15,Wheat,1991,,,,M,,M
1,51,Armenia,15,Wheat,2010,2119.200000,A,183464.000000,A,86574.000000,A
2,4,Afghanistan,15,Wheat,2011,1517.900000,A,3388000.000000,A,2232000.000000,A
3,8,Albania,15,Wheat,1986,2894.500000,A,576000.000000,A,199000.000000,A
4,12,Algeria,15,Wheat,1984,573.000000,A,886469.000000,A,1547000.000000,A
7,24,Angola,15,Wheat,2008,1000.000000,E,4000.000000,X,4000.000000,E
9,32,Argentina,15,Wheat,1975,1626.000000,A,8570000.000000,A,5270600.000000,A
10,36,Australia,15,Wheat,1975,1400.600000,A,11982000.000000,A,8555202.000000,A
10,36,Australia,15,Wheat,1967,831.000000,A,7546691.000000,A,9081640.000000,A
11,40,Austria,15,Wheat,2022,5795.200000,A,1712530.000000,A,295510.000000,A
11,40,Austria,15,Wheat,2018,4645.300000,A,1367060.000000,A,294290.000000,A
16,50,Bangladesh,15,Wheat,1983,2109.000000,A,1095370.000000,A,519385.000000,A
16,50,Bangladesh,15,Wheat,2003,2132.700000,A,1506710.000000,A,706475.000000,A
19,68,Bolivia (Plurinational State of),15,Wheat,1986,764.200000,A,81200.000000,A,106250.000000,A
19,68,Bolivia (Plurinational State of),15,Wheat,2022,1445.500000,A,310729.650000,A,214962.000000,A
20,72,Botswana,15,Wheat,1987,2000.000000,E,1000.000000,E,500.000000,E
28,104,Myanmar,15,Wheat,2014,1847.200000,A,182400.000000,A,98743.000000,A
28,104,Myanmar,15,Wheat,1962,412.400000,A,14811.000000,A,35917.000000,A
29,108,Burundi,15,Wheat,1991,733.300000,A,8800.000000,A,12000.000000,A
29,108,Burundi,15,Wheat,1972,541.100000,E,4599.000000,A,8500.000000,E
32,120,Cameroon,15,Wheat,1973,,,0.000000,A,0.000000,A
32,120,Cameroon,15,Wheat,1985,1424.600000,A,359.000000,A,252.000000,A
32,120,Cameroon,15,Wheat,2009,1346.700000,E,801.570000,I,595.000000,I
32,120,Cameroon,15,Wheat,1971,,,0.000000,A,0.000000,A
33,124,Canada,15,Wheat,2006,2609.600000,A,25265400.000000,A,9681800.000000,A
33,124,Canada,15,Wheat,1988,1229.300000,A,15913000.000000,A,12944300.000000,A
33,124,Canada,15,Wheat,1987,1927.900000,A,25945000.000000,A,13457700.000000,A
33,124,Canada,15,Wheat,2021,2437.500000,A,22422100.000000,A,9198900.000000,A
39,148,Chad,15,Wheat,1987,1000.000000,A,1071.000000,A,1071.000000,A
39,148,Chad,15,Wheat,2024,1628.200000,A,1353.000000,A,831.000000,A
39,148,Chad,15,Wheat,1969,1571.400000,A,7700.000000,A,4900.000000,A
39,148,Chad,15,Wheat,1973,2333.300000,A,7000.000000,A,3000.000000,A
40,152,Chile,15,Wheat,1994,3515.700000,A,1271200.000000,A,361580.000000,A
40,152,Chile,15,Wheat,1999,3534.200000,A,1196626.000000,A,338583.000000,A
44,170,Colombia,15,Wheat,1977,875.000000,A,29400.000000,A,33600.000000,A
50,196,Cyprus,15,Wheat,1968,1084.900000,A,66040.000000,A,60870.000000,A
50,196,Cyprus,15,Wheat,1988,2429.000000,A,13000.000000,A,5352.000000,A
51,200,Czechoslovakia,15,Wheat,1973,3776.900000,A,4645797.000000,A,1230071.000000,A
51,200,Czechoslovakia,15,Wheat,1987,5078.400000,A,6154228.000000,A,1211845.000000,A
54,208,Denmark,15,Wheat,1991,7074.900000,A,3669852.000000,A,518715.000000,A
54,208,Denmark,15,Wheat,1995,7563.300000,A,4598500.000000,A,608000.000000,A
57,112,Belarus,15,Wheat,2005,3281.200000,A,1174763.000000,A,358030.000000,A
57,112,Belarus,15,Wheat,2018,2749.600000,A,1814765.000000,A,660001.000000,A
58,218,Ecuador,15,Wheat,1996,617.600000,A,20431.400000,A,33080.000000,A
58,218,Ecuador,15,Wheat,1975,920.500000,A,64647.000000,A,70233.000000,A
58,218,Ecuador,15,Wheat,2005,722.000000,A,8429.000000,A,11674.000000,A
58,218,Ecuador,15,Wheat,1979,1029.000000,A,31248.000000,A,30366.000000,A
62,230,Ethiopia PDR,15,Wheat,1970,754.900000,A,808000.000000,A,1070300.000000,A
62,230,Ethiopia PDR,15,Wheat,1987,1166.500000,A,780210.000000,A,668820.000000,A
63,233,Estonia,15,Wheat,1998,1766.600000,A,118011.000000,A,66800.000000,A
67,246,Finland,15,Wheat,1965,1874.600000,A,500700.000000,A,267100.000000,A
67,246,Finland,15,Wheat,1995,3768.600000,A,379500.000000,A,100700.000000,A
67,246,Finland,15,Wheat,1990,3484.700000,A,626900.000000,A,179900.000000,A
67,246,Finland,15,Wheat,2013,3821.500000,A,869400.000000,A,227500.000000,A
68,250,France,15,Wheat,1976,3772.200000,A,16126000.000000,A,4275000.000000,A
73,268,Georgia,15,Wheat,1996,1403.900000,A,107400.000000,A,76500.000000,A
73,268,Georgia,15,Wheat,2007,1668.200000,A,74900.000000,A,44900.000000,A
79,276,Germany,15,Wheat,1982,5243.300000,A,11370906.000000,A,2168642.000000,A
79,276,Germany,15,Wheat,2005,7465.100000,A,23692700.000000,A,3173800.000000,A
80,70,Bosnia and Herzegovina,15,Wheat,2005,3056.800000,A,248332.000000,A,81239.000000,A
89,320,Guatemala,15,Wheat,2022,4713.200000,A,641.000000,A,136.000000,A
89,320,Guatemala,15,Wheat,2007,2222.900000,A,1864.260000,A,839.000000,A
97,348,Hungary,15,Wheat,1989,5264.300000,A,6539521.000000,A,1242233.000000,A
97,348,Hungary,15,Wheat,2001,4310.500000,A,5196760.000000,A,1205610.000000,A
100,356,India,15,Wheat,2003,2610.000000,A,65760800.000000,A,25195700.000000,A
102,364,Iran (Islamic Republic of),15,Wheat,2016,2461.200000,A,14592003.000000,A,5928728.000000,A
102,364,Iran (Islamic Republic of),15,Wheat,2015,2015.900000,A,11522318.000000,A,5715616.000000,A
103,368,Iraq,15,Wheat,2008,1367.800000,A,1255000.000000,A,917546.000000,A
105,376,Israel,15,Wheat,1968,1714.800000,A,175000.000000,A,102050.000000,A
105,376,Israel,15,Wheat,1984,1505.200000,A,130000.000000,A,86370.000000,A
106,380,Italy,15,Wheat,1971,2556.000000,A,9993900.000000,A,3910000.000000,A
110,392,Japan,15,Wheat,2022,4370.900000,A,993500.000000,A,227300.000000,A
110,392,Japan,15,Wheat,1976,2496.100000,A,222400.000000,A,89100.000000,A
112,400,Jordan,15,Wheat,1962,392.900000,A,111900.000000,A,284810.000000,A
112,400,Jordan,15,Wheat,1995,1441.400000,A,58457.000000,A,40555.000000,A
113,417,Kyrgyzstan,15,Wheat,2002,2301.700000,A,1162567.000000,A,505100.000000,A
113,417,Kyrgyzstan,15,Wheat,2014,1689.300000,A,572734.000000,A,339027.000000,A
113,417,Kyrgyzstan,15,Wheat,1997,2317.400000,A,1273660.000000,A,549600.000000,A
114,404,Kenya,15,Wheat,2012,2972.000000,A,441944.000000,A,148703.000000,A
114,404,Kenya,15,Wheat,1972,1444.900000,A,164383.000000,A,113766.000000,A
114,404,Kenya,15,Wheat,1996,2011.200000,A,315000.000000,A,156626.000000,A
117,410,Republic of Korea,15,Wheat,1968,2190.000000,A,211345.000000,A,96505.000000,A
117,410,Republic of Korea,15,Wheat,2000,2545.200000,A,2339.000000,A,919.000000,A
117,410,Republic of Korea,15,Wheat,1995,4438.600000,A,10262.000000,A,2312.000000,A
117,410,Republic of Korea,15,Wheat,1999,3669.900000,A,5626.000000,A,1533.000000,A
118,414,Kuwait,15,Wheat,2015,3750.000000,A,45.000000,A,12.000000,A
118,414,Kuwait,15,Wheat,1964,,,0.000000,A,0.000000,A
118,414,Kuwait,15,Wheat,1976,,,0.000000,A,0.000000,A
121,422,Lebanon,15,Wheat,2023,2867.300000,X,158754.000000,X,55368.000000,X
122,426,Lesotho,15,Wheat,1962,785.700000,E,55000.000000,E,70000.000000,E
124,434,Libya,15,Wheat,1997,1009.000000,A,156400.000000,A,155000.000000,A
129,450,Madagascar,15,Wheat,1970,,,0.000000,A,0.000000,A
129,450,Madagascar,15,Wheat,1968,,,0.000000,A,0.000000,A
129,450,Madagascar,15,Wheat,1995,2000.000000,X,14000.000000,X,7000.000000,X
129,450,Madagascar,15,Wheat,1994,2000.000000,E,4000.000000,A,2000.000000,E
130,454,Malawi,15,Wheat,2002,558.800000,A,1520.000000,A,2720.000000,A
130,454,Malawi,15,Wheat,1991,587.000000,A,877.000000,A,1494.000000,A
130,454,Malawi,15,Wheat,1998,741.800000,A,1842.000000,A,2483.000000,A
130,454,Malawi,15,Wheat,2020,1265.000000,A,697.000000,A,551.000000,A
133,466,Mali,15,Wheat,1980,1333.300000,E,2000.000000,E,1500.000000,E
133,466,Mali,15,Wheat,2020,5303.400000,A,37124.000000,A,7000.000000,A
133,466,Mali,15,Wheat,2006,2402.500000,A,8565.000000,A,3565.000000,A
134,470,Malta,15,Wheat,1985,3770.700000,X,5000.000000,X,1326.000000,X
134,470,Malta,15,Wheat,1972,2289.300000,A,2390.000000,A,1044.000000,A
138,484,Mexico,15,Wheat,2011,5477.800000,A,3627511.000000,A,662221.000000,A
141,496,Mongolia,15,Wheat,1982,1021.100000,A,440100.000000,A,431000.000000,A
141,496,Mongolia,15,Wheat,2006,1083.000000,A,127757.000000,A,117965.000000,A
141,496,Mongolia,15,Wheat,1987,1161.500000,A,543332.000000,A,467777.000000,A
141,496,Mongolia,15,Wheat,2003,791.400000,A,160362.000000,A,202638.000000,A
143,504,Morocco,15,Wheat,2003,1722.000000,A,5146840.000000,A,2988900.000000,A
143,504,Morocco,15,Wheat,2012,1234.200000,A,3878000.000000,A,3142000.000000,A
144,508,Mozambique,15,Wheat,2016,1093.800000,A,17088.000000,A,15623.000000,A
149,524,Nepal,15,Wheat,2005,2134.400000,A,1442442.000000,A,675807.000000,A
149,524,Nepal,15,Wheat,2004,2087.300000,A,1387191.000000,A,664589.000000,A
153,540,New Caledonia,15,Wheat,2009,,,0.000000,A,0.000000,I
153,540,New Caledonia,15,Wheat,1971,1333.300000,E,20.000000,A,15.000000,E
156,554,New Zealand,15,Wheat,1976,3741.800000,A,388178.000000,A,103742.000000,A
156,554,New Zealand,15,Wheat,1977,3678.800000,A,354035.000000,A,96236.000000,A
156,554,New Zealand,15,Wheat,1998,6216.000000,A,302100.000000,A,48600.000000,A
156,554,New Zealand,15,Wheat,1963,2727.700000,A,249188.000000,A,91356.000000,A
158,562,Niger,15,Wheat,1991,2600.000000,A,10400.000000,A,4000.000000,A
159,566,Nigeria,15,Wheat,2005,1100.000000,A,66000.000000,A,60000.000000,A
159,566,Nigeria,15,Wheat,2019,1682.600000,A,86900.000000,A,51646.000000,A
162,578,Norway,15,Wheat,2015,5774.500000,A,495200.000000,A,85757.000000,A
162,578,Norway,15,Wheat,1985,4356.400000,A,169900.000000,A,39000.000000,A
167,203,Czechia,15,Wheat,2014,6510.400000,A,5442349.000000,A,835941.000000,A
170,604,Peru,15,Wheat,1971,882.300000,A,122225.000000,A,138535.000000,A
170,604,Peru,15,Wheat,2010,1422.400000,A,219454.000000,A,154285.000000,A
170,604,Peru,15,Wheat,2000,1279.700000,A,187746.000000,A,146709.000000,A
173,616,Poland,15,Wheat,1969,2396.900000,A,4709700.000000,A,1964900.000000,A
173,616,Poland,15,Wheat,1963,1989.000000,A,3067000.000000,A,1542000.000000,A
179,634,Qatar,15,Wheat,2004,2444.400000,A,22.000000,A,9.000000,A
179,634,Qatar,15,Wheat,1966,,,0.000000,A,0.000000,A
183,642,Romania,15,Wheat,2002,2058.000000,A,4420995.000000,A,2148196.000000,A
184,646,Rwanda,15,Wheat,1976,835.100000,A,3008.000000,A,3602.000000,A
194,682,Saudi Arabia,15,Wheat,2000,4264.000000,A,1787542.000000,A,419220.000000,A
194,682,Saudi Arabia,15,Wheat,2016,5925.000000,A,618653.000000,A,104414.000000,A
198,705,Slovenia,15,Wheat,2000,4249.200000,A,162559.000000,A,38256.000000,A
198,705,Slovenia,15,Wheat,1994,4330.000000,A,155343.000000,A,35876.000000,A
201,706,Somalia,15,Wheat,1985,361.100000,E,1300.000000,E,3600.000000,E
201,706,Somalia,15,Wheat,1997,372.400000,E,920.280000,I,2471.000000,I
202,710,South Africa,15,Wheat,2004,2032.500000,A,1687000.000000,A,830000.000000,A
203,724,Spain,15,Wheat,2006,2875.500000,A,5521582.000000,A,1920233.000000,A
206,736,Sudan (former),15,Wheat,1978,1261.000000,A,312000.000000,A,247427.000000,A
206,736,Sudan (former),15,Wheat,1982,1027.500000,A,142000.000000,A,138206.000000,A
206,736,Sudan (former),15,Wheat,1998,2294.100000,A,585000.000000,A,255000.000000,A
206,736,Sudan (former),15,Wheat,1995,1611.300000,A,448000.000000,A,278040.000000,A
208,762,Tajikistan,15,Wheat,2023,3129.100000,A,860489.000000,A,275000.000000,A
209,748,Eswatini,15,Wheat,2019,1869.800000,E,714.650000,I,382.000000,I
210,752,Sweden,15,Wheat,1995,5944.100000,A,1553800.000000,A,261400.000000,A
211,756,Switzerland,15,Wheat,2017,6094.000000,A,530552.000000,A,87061.000000,A
211,756,Switzerland,15,Wheat,2024,3668.600000,A,311807.000000,A,84993.000000,A
211,756,Switzerland,15,Wheat,2005,5731.600000,A,531300.000000,A,92696.000000,A
211,756,Switzerland,15,Wheat,1999,5260.900000,A,495094.000000,A,94109.000000,A
212,760,Syrian Arab Republic,15,Wheat,2014,1571.800000,A,2024332.330000,A,1287886.000000,A
212,760,Syrian Arab Republic,15,Wheat,2004,2477.800000,A,4537459.000000,A,1831226.000000,A
212,760,Syrian Arab Republic,15,Wheat,1994,2383.800000,A,3702985.000000,A,1553365.000000,A
213,795,Turkmenistan,15,Wheat,1995,1590.400000,A,695000.000000,A,437000.000000,A
214,158,"China, Taiwan Province of",15,Wheat,1972,2300.600000,A,1546.000000,A,672.000000,A
214,158,"China, Taiwan Province of",15,Wheat,2002,3638.900000,A,262.000000,A,72.000000,A
214,158,"China, Taiwan Province of",15,Wheat,2024,2500.000000,X,5000.000000,X,2000.000000,X
215,834,United Republic of Tanzania,15,Wheat,1974,1782.600000,A,82000.000000,A,46000.000000,A
215,834,United Republic of Tanzania,15,Wheat,1983,1554.000000,A,74000.000000,A,47620.000000,A
215,834,United Republic of Tanzania,15,Wheat,1991,1670.000000,A,84000.000000,A,50300.000000,A
216,764,Thailand,15,Wheat,1966,,,0.000000,A,0.000000,A
216,764,Thailand,15,Wheat,1963,,,0.000000,A,0.000000,A
216,764,Thailand,15,Wheat,1995,678.200000,E,639.000000,A,942.000000,I
221,512,Oman,15,Wheat,2003,3270.300000,A,1210.000000,A,370.000000,A
223,792,Türkiye,15,Wheat,1982,1942.400000,A,17542000.000000,A,9031000.000000,A
225,784,United Arab Emirates,15,Wheat,2014,,,,M,,M
226,800,Uganda,15,Wheat,2012,1428.600000,A,20000.000000,A,14000.000000,A
226,800,Uganda,15,Wheat,1964,,,0.000000,A,0.000000,A
228,810,USSR,15,Wheat,1978,1805.300000,A,113552000.000000,A,62898000.000000,A
228,810,USSR,15,Wheat,1963,722.800000,A,46700000.000000,A,64609008.000000,A
228,810,USSR,15,Wheat,1979,1472.100000,A,84886000.000000,A,57662000.000000,A
228,810,USSR,15,Wheat,1980,1505.300000,A,92500000.000000,A,61450000.000000,A
230,804,Ukraine,15,Wheat,2010,2681.600000,A,16851300.000000,A,6284100.000000,A
231,840,United States of America,15,Wheat,2012,3115.400000,A,61677384.000000,A,19797644.000000,A
231,840,United States of America,15,Wheat,1983,2650.900000,A,65857904.000000,A,24843296.000000,A
231,840,United States of America,15,Wheat,1976,2037.500000,A,58481200.000000,A,28702736.000000,A
234,858,Uruguay,15,Wheat,2012,3397.900000,A,2016300.000000,A,593400.000000,A
234,858,Uruguay,15,Wheat,1971,888.100000,A,301599.000000,A,339600.000000,A
234,858,Uruguay,15,Wheat,1970,1153.300000,A,388328.000000,A,336700.000000,A
234,858,Uruguay,15,Wheat,1997,1984.300000,A,504800.000000,A,254400.000000,A
235,860,Uzbekistan,15,Wheat,1999,2646.000000,A,3757100.000000,A,1419900.000000,A
235,860,Uzbekistan,15,Wheat,2017,4316.500000,A,6079164.000000,A,1408343.000000,A
236,862,Venezuela (Bolivarian Republic of),15,Wheat,2005,2960.500000,E,517.000000,A,175.000000,I
236,862,Venezuela (Bolivarian Republic of),15,Wheat,1996,870.900000,E,517.000000,A,594.000000,I
236,862,Venezuela (Bolivarian Republic of),15,Wheat,1965,580.600000,A,1308.000000,A,2253.000000,A
238,231,Ethiopia,15,Wheat,2000,1163.100000,A,1235270.000000,A,1062010.000000,A
248,890,Yugoslav SFR,15,Wheat,1986,3547.400000,A,4776213.000000,A,1346381.000000,A
249,887,Yemen,15,Wheat,1981,1107.400000,X,84581.000000,X,76381.000000,X
251,894,Zambia,15,Wheat,1966,1975.600000,A,81.000000,A,41.000000,A
256,442,Luxembourg,15,Wheat,2005,6015.300000,A,71745.000000,A,11927.000000,A
2,4,Afghanistan,15,Wheat,1983,1258.000000,X,2306000.000000,X,1833000.000000,X
3,8,Albania,15,Wheat,1989,2930.200000,A,613000.000000,A,209200.000000,A
3,8,Albania,15,Wheat,2005,3158.200000,A,260000.000000,A,82325.000000,A
3,8,Albania,15,Wheat,1985,3140.600000,A,603000.000000,A,192000.000000,A
3,8,Albania,15,Wheat,1969,1638.900000,A,240177.000000,A,146547.000000,A
3,8,Albania,15,Wheat,1962,1052.200000,A,146407.000000,A,139144.000000,A
4,12,Algeria,15,Wheat,1975,831.300000,A,1847793.000000,A,2222780.000000,A
16,50,Bangladesh,15,Wheat,2021,3299.600000,A,1085368.000000,A,328938.000000,A
15,58,Belgium-Luxembourg,15,Wheat,1983,5226.200000,A,1062000.000000,A,203207.000000,A
18,64,Bhutan,15,Wheat,1974,1014.100000,E,7200.000000,E,7100.000000,E
19,68,Bolivia (Plurinational State of),15,Wheat,1981,694.300000,A,66620.000000,A,95955.000000,A
20,72,Botswana,15,Wheat,1969,2236.700000,E,671.000000,A,300.000000,E
21,76,Brazil,15,Wheat,1989,1692.500000,A,5555184.000000,A,3282319.000000,A
27,100,Bulgaria,15,Wheat,1995,2908.500000,A,3435250.000000,A,1181120.000000,A
28,104,Myanmar,15,Wheat,1964,676.200000,A,54168.000000,A,80107.000000,A
28,104,Myanmar,15,Wheat,2011,1777.900000,A,169800.000000,A,95506.000000,A
28,104,Myanmar,15,Wheat,1981,1110.000000,A,116763.000000,A,105196.000000,A
29,108,Burundi,15,Wheat,2012,444.800000,A,4196.000000,A,9434.000000,A
57,112,Belarus,15,Wheat,2004,3304.000000,A,1120912.000000,A,339254.000000,A
57,112,Belarus,15,Wheat,2012,3582.200000,A,2553570.000000,A,712858.000000,A
33,124,Canada,15,Wheat,1974,1488.400000,A,13303500.000000,A,8938000.000000,A
39,148,Chad,15,Wheat,2020,1809.600000,A,1815.000000,A,1003.000000,A
39,148,Chad,15,Wheat,2016,2000.000000,A,1742.000000,A,871.000000,A
39,148,Chad,15,Wheat,2021,1922.500000,A,1539.530000,A,801.000000,A
40,152,Chile,15,Wheat,1972,1679.000000,A,1195135.000000,A,711820.000000,A
41,156,"China, mainland",15,Wheat,2021,5810.600000,A,136946000.000000,A,23568400.000000,A
41,156,"China, mainland",15,Wheat,1978,1844.900000,A,53840000.000000,A,29183008.000000,A
214,158,"China, Taiwan Province of",15,Wheat,1965,2112.800000,A,23492.000000,A,11119.000000,A
250,180,Democratic Republic of the Congo,15,Wheat,1994,1281.300000,E,10250.000000,A,8000.000000,E
98,191,Croatia,15,Wheat,2013,4884.600000,A,998940.000000,A,204506.000000,A
50,196,Cyprus,15,Wheat,2014,724.500000,A,4445.000000,A,6135.000000,A
50,196,Cyprus,15,Wheat,1976,1201.000000,A,34544.000000,A,28763.000000,A
167,203,Czechia,15,Wheat,2022,6072.700000,A,5188690.000000,A,854430.000000,A
167,203,Czechia,15,Wheat,2007,4857.000000,A,3938924.000000,A,810987.000000,A
54,208,Denmark,15,Wheat,1993,6979.100000,A,4334000.000000,A,621000.000000,A
54,208,Denmark,15,Wheat,2006,6996.400000,A,4801600.000000,A,686300.000000,A
58,218,Ecuador,15,Wheat,2006,777.400000,A,7577.000000,A,9747.000000,A
238,231,Ethiopia,15,Wheat,2009,1826.900000,E,3167913.320000,E,1734072.000000,E
63,233,Estonia,15,Wheat,2016,2768.500000,A,455543.000000,A,164544.000000,A
67,246,Finland,15,Wheat,2001,3381.100000,A,488900.000000,A,144600.000000,A
67,246,Finland,15,Wheat,2007,3932.900000,A,796800.000000,A,202600.000000,A
67,246,Finland,15,Wheat,1991,3639.100000,A,430500.000000,A,118300.000000,A
67,246,Finland,15,Wheat,1983,3443.000000,A,549500.000000,A,159600.000000,A
67,246,Finland,15,Wheat,1989,3348.700000,A,507000.000000,A,151400.000000,A
67,246,Finland,15,Wheat,1980,2869.700000,A,356700.000000,A,124300.000000,A
68,250,France,15,Wheat,1989,6348.000000,A,31822304.000000,A,5013000.000000,A
68,250,France,15,Wheat,1981,5011.000000,A,23762000.000000,A,4742000.000000,A
79,276,Germany,15,Wheat,1990,6273.400000,A,15241870.000000,A,2429610.000000,A
79,276,Germany,15,Wheat,1961,2860.700000,A,5076707.000000,A,1774628.000000,A
79,276,Germany,15,Wheat,2018,6673.700000,A,20263500.000000,A,3036300.000000,A
79,276,Germany,15,Wheat,1972,4038.000000,A,9351589.000000,A,2315879.000000,A
79,276,Germany,15,Wheat,1992,5981.100000,A,15541661.000000,A,2598471.000000,A
84,300,Greece,15,Wheat,1973,1990.500000,A,1682000.000000,A,845000.000000,A
95,340,Honduras,15,Wheat,2007,539.500000,E,1099.490000,I,2038.000000,I
95,340,Honduras,15,Wheat,1975,833.300000,X,500.000000,X,600.000000,X
97,348,Hungary,15,Wheat,2023,5642.300000,A,5941990.000000,A,1053120.000000,A
97,348,Hungary,15,Wheat,1978,4287.100000,A,5677255.000000,A,1324270.000000,A
100,356,India,15,Wheat,1983,1815.800000,A,42793904.000000,A,23567408.000000,A
102,364,Iran (Islamic Republic of),15,Wheat,1970,800.100000,A,4262000.000000,A,5327000.000000,A
103,368,Iraq,15,Wheat,2013,2306.800000,A,4178379.000000,A,1811295.000000,A
105,376,Israel,15,Wheat,2024,1675.900000,A,90350.000000,A,53910.000000,A
105,376,Israel,15,Wheat,2009,2064.600000,A,132963.000000,A,64400.000000,A
106,380,Italy,15,Wheat,2021,4224.800000,A,7294570.000000,A,1726610.000000,A
110,392,Japan,15,Wheat,2012,4100.400000,A,857800.000000,A,209200.000000,A
108,398,Kazakhstan,15,Wheat,2013,1076.200000,A,13940809.270000,A,12953532.000000,A
112,400,Jordan,15,Wheat,1977,494.100000,A,62485.000000,A,126452.000000,A
114,404,Kenya,15,Wheat,1981,2146.100000,A,214400.000000,A,99900.000000,A
114,404,Kenya,15,Wheat,2024,3044.100000,A,312200.000000,A,102560.000000,A
116,408,Democratic People's Republic of Korea,15,Wheat,1970,606.900000,E,88000.000000,X,145000.000000,E
116,408,Democratic People's Republic of Korea,15,Wheat,1981,1341.200000,E,114000.000000,X,85000.000000,E
117,410,Republic of Korea,15,Wheat,1967,2054.800000,A,191000.000000,A,92955.000000,A
118,414,Kuwait,15,Wheat,1995,3363.600000,A,37.000000,A,11.000000,A
121,422,Lebanon,15,Wheat,1991,2229.900000,A,58594.000000,A,26276.000000,A
122,426,Lesotho,15,Wheat,1973,480.000000,A,36000.000000,A,75000.000000,A
124,434,Libya,15,Wheat,1991,1238.100000,E,130000.000000,E,105000.000000,E
126,440,Lithuania,15,Wheat,2004,4027.600000,A,1430200.000000,A,355100.000000,A
126,440,Lithuania,15,Wheat,2021,4500.100000,A,4248850.000000,A,944170.000000,A
126,440,Lithuania,15,Wheat,2012,4782.900000,A,2998900.000000,A,627000.000000,A
126,440,Lithuania,15,Wheat,1996,2692.600000,A,936200.000000,A,347700.000000,A
256,442,Luxembourg,15,Wheat,2020,6068.700000,A,72400.000000,A,11930.000000,A
134,470,Malta,15,Wheat,1988,3615.400000,A,4700.000000,A,1300.000000,A
134,470,Malta,15,Wheat,1992,3437.500000,E,5500.000000,E,1600.000000,E
136,478,Mauritania,15,Wheat,1996,1318.800000,E,369.840000,I,280.000000,I
136,478,Mauritania,15,Wheat,1973,500.000000,E,150.000000,A,300.000000,E
138,484,Mexico,15,Wheat,1995,3732.000000,A,3468220.000000,A,929331.000000,A
146,498,Republic of Moldova,15,Wheat,1994,2193.000000,A,658780.000000,A,300400.000000,A
144,508,Mozambique,15,Wheat,2021,1153.800000,X,15000.000000,X,13000.000000,X
144,508,Mozambique,15,Wheat,2008,1250.000000,E,12500.000000,E,10000.000000,E
147,516,Namibia,15,Wheat,1985,2666.700000,E,4000.000000,E,1500.000000,E
147,516,Namibia,15,Wheat,1969,1750.000000,E,700.000000,E,400.000000,E
149,524,Nepal,15,Wheat,1977,1039.000000,A,361853.000000,A,348280.000000,A
149,524,Nepal,15,Wheat,2018,2757.300000,A,1949001.000000,A,706843.000000,A
150,528,Netherlands (Kingdom of the),15,Wheat,1965,4442.900000,A,704000.000000,A,158454.000000,A
156,554,New Zealand,15,Wheat,2003,7486.300000,A,318916.000000,A,42600.000000,A
159,566,Nigeria,15,Wheat,1969,1818.200000,A,20000.000000,A,11000.000000,A
159,566,Nigeria,15,Wheat,1992,1333.300000,X,40000.000000,X,30000.000000,X
165,586,Pakistan,15,Wheat,2011,2832.800000,A,25213800.000000,A,8900700.000000,A
165,586,Pakistan,15,Wheat,2024,3268.300000,A,31814444.000000,A,9734249.000000,A
165,586,Pakistan,15,Wheat,1978,1315.600000,A,8367200.000000,A,6360000.000000,A
169,600,Paraguay,15,Wheat,2009,2100.000000,A,1066800.000000,A,508000.000000,A
170,604,Peru,15,Wheat,2018,1540.300000,A,195245.820000,A,126762.000000,A
173,616,Poland,15,Wheat,2005,3954.500000,A,8771434.000000,A,2218093.000000,A
183,642,Romania,15,Wheat,1968,1720.900000,A,4847900.000000,A,2817000.000000,A
183,642,Romania,15,Wheat,2006,2773.700000,A,5526190.000000,A,1992358.000000,A
183,642,Romania,15,Wheat,2019,4748.800000,A,10297110.000000,A,2168370.000000,A
185,643,Russian Federation,15,Wheat,2004,1982.300000,A,45433661.000000,A,22919900.000000,A
184,646,Rwanda,15,Wheat,1986,1034.800000,A,5504.000000,A,5319.000000,A
194,682,Saudi Arabia,15,Wheat,2012,5925.400000,A,854256.000000,A,144169.000000,A
272,688,Serbia,15,Wheat,2015,4116.100000,A,2428203.000000,A,589922.000000,A
199,703,Slovakia,15,Wheat,1999,4013.300000,A,1187264.000000,A,295832.000000,A
199,703,Slovakia,15,Wheat,1996,4130.200000,A,1713061.000000,A,414767.000000,A
201,706,Somalia,15,Wheat,1966,,,0.000000,A,0.000000,A
201,706,Somalia,15,Wheat,2008,380.600000,E,1000.000000,E,2627.000000,I
201,706,Somalia,15,Wheat,2017,396.400000,E,1044.660000,I,2635.000000,I
201,706,Somalia,15,Wheat,1971,0.000000,E,0.000000,A,600.000000,E
202,710,South Africa,15,Wheat,1980,904.700000,A,1472000.000000,A,1627000.000000,A
210,752,Sweden,15,Wheat,2010,5396.600000,A,2143000.000000,A,397100.000000,A
211,756,Switzerland,15,Wheat,1977,3621.200000,A,323300.000000,A,89280.000000,A
208,762,Tajikistan,15,Wheat,2006,1996.700000,A,640339.000000,A,320700.000000,A
216,764,Thailand,15,Wheat,1993,616.700000,E,740.000000,X,1200.000000,E
225,784,United Arab Emirates,15,Wheat,1970,,,0.000000,A,0.000000,A
225,784,United Arab Emirates,15,Wheat,2021,,,,M,,M
222,788,Tunisia,15,Wheat,1980,1018.800000,A,869000.000000,A,853000.000000,A
223,792,Türkiye,15,Wheat,1984,1918.700000,A,17235008.000000,A,8982570.000000,A
213,795,Turkmenistan,15,Wheat,2016,1834.300000,A,1604641.570000,A,874806.000000,A
226,800,Uganda,15,Wheat,1995,1800.000000,A,9000.000000,A,5000.000000,A
228,810,USSR,15,Wheat,1984,1272.200000,A,64960000.000000,A,51061008.000000,A
59,818,Egypt,15,Wheat,1998,5989.600000,A,6093151.000000,A,1017282.000000,A
59,818,Egypt,15,Wheat,1990,5196.700000,A,4268049.000000,A,821301.000000,A
231,840,United States of America,15,Wheat,1972,2198.300000,A,42081632.000000,A,19142576.000000,A
231,840,United States of America,15,Wheat,1984,2607.300000,A,70618000.000000,A,27085008.000000,A
235,860,Uzbekistan,15,Wheat,1998,2633.400000,A,3719400.000000,A,1412400.000000,A
249,887,Yemen,15,Wheat,1962,1296.300000,E,35000.000000,E,27000.000000,E
249,887,Yemen,15,Wheat,2018,1433.200000,A,92210.000000,A,64339.000000,A
249,887,Yemen,15,Wheat,2006,1347.400000,A,149173.000000,A,110709.000000,A
249,887,Yemen,15,Wheat,1968,1205.900000,X,41000.000000,X,34000.000000,X
249,887,Yemen,15,Wheat,1971,1138.600000,A,51700.000000,A,45406.000000,A
248,890,Yugoslav SFR,15,Wheat,1988,4181.900000,A,6300470.000000,A,1506620.000000,A
248,890,Yugoslav SFR,15,Wheat,1987,3568.100000,A,5345000.000000,A,1498000.000000,A
1,51,Armenia,15,Wheat,2023,2526.500000,A,177859.600000,A,70398.000000,A
1,51,Armenia,15,Wheat,1994,1784.200000,A,152900.000000,A,85697.000000,A
2,4,Afghanistan,15,Wheat,2012,2010.400000,A,5050000.000000,A,2512000.000000,A
4,12,Algeria,15,Wheat,1977,433.700000,A,827123.000000,A,1907170.000000,A
4,12,Algeria,15,Wheat,1969,603.400000,A,1326190.000000,A,2197700.000000,A
7,24,Angola,15,Wheat,1986,800.000000,A,2400.000000,A,3000.000000,A
9,32,Argentina,15,Wheat,1982,2050.100000,A,15097700.000000,A,7364200.000000,A
10,36,Australia,15,Wheat,2017,1917.800000,A,20941134.000000,A,10919180.000000,A
16,50,Bangladesh,15,Wheat,1994,1839.000000,A,1131000.000000,A,615000.000000,A
18,64,Bhutan,15,Wheat,1967,1017.500000,E,5800.000000,E,5700.000000,E
19,68,Bolivia (Plurinational State of),15,Wheat,2002,885.000000,A,119102.000000,A,134579.000000,A
19,68,Bolivia (Plurinational State of),15,Wheat,1976,863.900000,A,69815.000000,A,80815.000000,A
19,68,Bolivia (Plurinational State of),15,Wheat,2000,849.200000,A,101510.000000,A,119538.000000,A
21,76,Brazil,15,Wheat,2017,2279.000000,A,4342812.000000,A,1905617.000000,A
28,104,Myanmar,15,Wheat,1996,946.300000,A,85400.000000,A,90245.000000,A
39,148,Chad,15,Wheat,1963,1500.000000,E,2700.000000,A,1800.000000,E
40,152,Chile,15,Wheat,1966,1726.200000,A,1346410.000000,A,779966.000000,A
40,152,Chile,15,Wheat,2015,5632.600000,A,1482310.100000,A,263164.000000,A
41,156,"China, mainland",15,Wheat,2001,3806.100000,A,93873000.000000,A,24664000.000000,A
41,156,"China, mainland",15,Wheat,1971,1271.800000,A,32575008.000000,A,25614000.000000,A
41,156,"China, mainland",15,Wheat,2016,5396.500000,A,133271000.000000,A,24696000.000000,A
41,156,"China, mainland",15,Wheat,1996,3734.100000,A,110569000.000000,A,29611000.000000,A
50,196,Cyprus,15,Wheat,2002,2186.400000,A,12900.000000,A,5900.000000,A
52,31,Azerbaijan,15,Wheat,2007,2672.200000,A,1305458.000000,A,488542.000000,A
58,218,Ecuador,15,Wheat,2000,620.800000,A,12958.000000,A,20873.000000,A
58,218,Ecuador,15,Wheat,1980,969.300000,A,31113.000000,A,32100.000000,A
63,233,Estonia,15,Wheat,2006,2417.300000,A,219590.000000,A,90842.000000,A
67,246,Finland,15,Wheat,1971,2563.000000,A,443400.000000,A,173000.000000,A
68,250,France,15,Wheat,2018,6768.000000,A,35424140.000000,A,5234090.000000,A
68,250,France,15,Wheat,2012,7151.200000,A,37885741.800000,A,5297826.000000,A
80,70,Bosnia and Herzegovina,15,Wheat,2013,3920.600000,A,265152.000000,A,67630.000000,A
84,300,Greece,15,Wheat,2007,2235.300000,A,1629072.000000,A,728791.000000,A
89,320,Guatemala,15,Wheat,1999,1963.300000,A,8246.000000,A,4200.000000,A
95,340,Honduras,15,Wheat,1965,877.100000,A,528.000000,A,602.000000,A
97,348,Hungary,15,Wheat,1990,5077.100000,A,6198256.000000,A,1220818.000000,A
100,356,India,15,Wheat,1988,2001.900000,A,46169408.000000,A,23062704.000000,A
102,364,Iran (Islamic Republic of),15,Wheat,1977,1012.200000,A,5517200.000000,A,5450710.000000,A
102,364,Iran (Islamic Republic of),15,Wheat,1994,1602.800000,A,10869560.000000,A,6781766.000000,A
104,372,Ireland,15,Wheat,2006,9154.300000,A,801000.000000,A,87500.000000,A
105,376,Israel,15,Wheat,1989,2197.200000,A,201700.000000,A,91800.000000,A
105,376,Israel,15,Wheat,1974,2454.500000,A,274000.000000,A,111630.000000,A
105,376,Israel,15,Wheat,1972,2773.400000,A,301400.000000,A,108675.000000,A
106,380,Italy,15,Wheat,1993,3553.300000,A,8169800.000000,A,2299228.000000,A
110,392,Japan,15,Wheat,1984,3193.200000,A,740500.000000,A,231900.000000,A
114,404,Kenya,15,Wheat,2018,2528.000000,A,336600.000000,A,133147.000000,A
116,408,Democratic People's Republic of Korea,15,Wheat,2024,1201.000000,E,90073.240000,I,75001.000000,I
118,414,Kuwait,15,Wheat,1977,,,0.000000,A,0.000000,A
122,426,Lesotho,15,Wheat,1980,973.800000,A,28194.000000,A,28952.000000,A
124,434,Libya,15,Wheat,2002,782.300000,E,125000.000000,X,159795.000000,I
129,450,Madagascar,15,Wheat,1978,1615.400000,A,420.000000,A,260.000000,A
133,466,Mali,15,Wheat,1978,1333.300000,E,2000.000000,E,1500.000000,E
133,466,Mali,15,Wheat,1991,2000.000000,A,2540.000000,A,1270.000000,A
134,470,Malta,15,Wheat,2016,4982.600000,E,10595.530000,I,2127.000000,I
134,470,Malta,15,Wheat,1983,3970.200000,A,7738.000000,A,1949.000000,A
134,470,Malta,15,Wheat,2018,,,0.000000,A,0.000000,A
134,470,Malta,15,Wheat,2023,,,0.000000,A,0.000000,A
143,504,Morocco,15,Wheat,2023,1708.300000,A,4158471.490000,A,2434223.000000,A
146,498,Republic of Moldova,15,Wheat,2022,2580.200000,A,855007.000000,A,331367.000000,A
149,524,Nepal,15,Wheat,1969,1119.600000,A,232780.000000,A,207915.000000,A
149,524,Nepal,15,Wheat,2024,2985.300000,A,2035559.000000,A,681851.000000,A
150,528,Netherlands (Kingdom of the),15,Wheat,2002,7814.500000,A,1056640.000000,A,135215.000000,A
159,566,Nigeria,15,Wheat,2002,981.800000,A,54000.000000,A,55000.000000,A
165,586,Pakistan,15,Wheat,1984,1481.900000,A,10881900.000000,A,7343200.000000,A
170,604,Peru,15,Wheat,1996,1249.900000,A,146152.000000,A,116930.000000,A
174,620,Portugal,15,Wheat,1977,873.500000,A,229477.000000,A,262704.000000,A
179,634,Qatar,15,Wheat,2021,2311.900000,A,252.000000,A,109.000000,A
179,634,Qatar,15,Wheat,1996,2288.100000,A,135.000000,A,59.000000,A
184,646,Rwanda,15,Wheat,2016,982.700000,E,9923.000000,A,10098.000000,I
194,682,Saudi Arabia,15,Wheat,2008,6087.700000,A,1985556.000000,A,326161.000000,A
203,724,Spain,15,Wheat,2016,3488.600000,A,7873135.000000,A,2256848.000000,A
209,748,Eswatini,15,Wheat,2004,1543.800000,E,334.520000,I,217.000000,I
209,748,Eswatini,15,Wheat,1964,,,0.000000,A,0.000000,A
209,748,Eswatini,15,Wheat,1962,,,0.000000,A,0.000000,A
212,760,Syrian Arab Republic,15,Wheat,1996,2520.000000,A,4080357.000000,A,1619188.000000,A
212,760,Syrian Arab Republic,15,Wheat,1995,2545.700000,A,4184144.000000,A,1643609.000000,A
213,795,Turkmenistan,15,Wheat,2001,2514.300000,X,1760000.000000,X,700000.000000,X
215,834,United Republic of Tanzania,15,Wheat,2007,1098.600000,A,82800.000000,A,75369.000000,A
216,764,Thailand,15,Wheat,1989,725.400000,A,354.000000,A,488.000000,A
216,764,Thailand,15,Wheat,1969,,,0.000000,A,0.000000,A
225,784,United Arab Emirates,15,Wheat,1992,2315.400000,A,3179.000000,A,1373.000000,A
225,784,United Arab Emirates,15,Wheat,1966,,,0.000000,A,0.000000,A
229,826,United Kingdom of Great Britain and Northern Ireland,15,Wheat,1963,3905.100000,A,3046000.000000,A,780000.000000,A
231,840,United States of America,15,Wheat,1962,1680.900000,A,29718000.000000,A,17680000.000000,A
231,840,United States of America,15,Wheat,1969,2058.000000,A,39263952.000000,A,19079040.000000,A
231,840,United States of America,15,Wheat,1996,2438.900000,A,61982000.000000,A,25414000.000000,A
236,862,Venezuela (Bolivarian Republic of),15,Wheat,1968,475.700000,A,821.000000,A,1726.000000,A
238,231,Ethiopia,15,Wheat,2012,2110.200000,A,3434706.000000,A,1627647.000000,A
249,887,Yemen,15,Wheat,1965,1339.300000,X,44600.000000,X,33300.000000,X
249,887,Yemen,15,Wheat,1993,1609.200000,A,159707.000000,A,99244.000000,A
250,180,Democratic Republic of the Congo,15,Wheat,1991,925.500000,A,6830.000000,A,7380.000000,A
250,180,Democratic Republic of the Congo,15,Wheat,2021,1125.000000,X,9000.000000,X,8000.000000,X
256,442,Luxembourg,15,Wheat,2019,6157.200000,A,82260.000000,A,13360.000000,A
299,275,Palestine,15,Wheat,2022,2571.300000,E,32811.000000,A,12761.000000,I
2,4,Afghanistan,15,Wheat,1967,1123.200000,A,2280000.000000,A,2030000.000000,A
4,12,Algeria,15,Wheat,1983,563.500000,A,789786.000000,A,1401500.000000,A
9,32,Argentina,15,Wheat,2023,2843.400000,A,15853154.000000,A,5575352.000000,A
16,50,Bangladesh,15,Wheat,1991,1676.700000,A,1004290.000000,A,598955.000000,A
18,64,Bhutan,15,Wheat,1965,1018.900000,E,5400.000000,E,5300.000000,E
19,68,Bolivia (Plurinational State of),15,Wheat,1969,695.400000,A,53200.000000,A,76500.000000,A
20,72,Botswana,15,Wheat,1966,2368.400000,E,450.000000,E,190.000000,E
20,72,Botswana,15,Wheat,1967,2368.400000,E,450.000000,E,190.000000,E
21,76,Brazil,15,Wheat,2022,3265.800000,A,10343182.000000,A,3167112.000000,A
28,104,Myanmar,15,Wheat,1961,307.800000,A,7436.000000,A,24156.000000,A
28,104,Myanmar,15,Wheat,1976,652.600000,A,56556.000000,A,86669.000000,A
40,152,Chile,15,Wheat,1989,3267.700000,A,1765525.000000,A,540290.000000,A
40,152,Chile,15,Wheat,2013,5814.300000,A,1474663.000000,A,253627.000000,A
41,156,"China, mainland",15,Wheat,1965,1021.700000,A,25220000.000000,A,24685008.000000,A
50,196,Cyprus,15,Wheat,2019,2782.800000,A,29470.000000,A,10590.000000,A
54,208,Denmark,15,Wheat,2000,7479.700000,A,4693422.000000,A,627486.000000,A
80,70,Bosnia and Herzegovina,15,Wheat,2014,2864.000000,A,170550.000000,A,59550.000000,A
89,320,Guatemala,15,Wheat,1962,820.000000,A,32079.000000,A,39119.000000,A
95,340,Honduras,15,Wheat,2024,533.600000,E,1280.930000,E,2401.000000,E
97,348,Hungary,15,Wheat,1987,4419.200000,A,5747761.000000,A,1300639.000000,A
97,348,Hungary,15,Wheat,1961,1909.500000,A,1935700.000000,A,1013700.000000,A
102,364,Iran (Islamic Republic of),15,Wheat,2004,2205.600000,A,14568481.000000,A,6605320.000000,A
103,368,Iraq,15,Wheat,1994,743.100000,E,1342000.000000,A,1806000.000000,X
110,392,Japan,15,Wheat,1996,3016.400000,A,478100.000000,A,158500.000000,A
110,392,Japan,15,Wheat,1963,1225.800000,A,715500.000000,A,583700.000000,A
112,400,Jordan,15,Wheat,1969,971.300000,A,159332.000000,A,164042.000000,A
112,400,Jordan,15,Wheat,1989,1008.000000,A,54520.000000,A,54085.000000,A
114,404,Kenya,15,Wheat,1985,1890.000000,A,250735.000000,A,132664.000000,A
116,408,Democratic People's Republic of Korea,15,Wheat,1996,1333.300000,E,100000.000000,E,75000.000000,E
118,414,Kuwait,15,Wheat,2002,2391.400000,A,727.000000,A,304.000000,A
118,414,Kuwait,15,Wheat,1968,,,0.000000,A,0.000000,A
118,414,Kuwait,15,Wheat,1975,,,0.000000,A,0.000000,A
122,426,Lesotho,15,Wheat,1975,822.500000,A,45337.000000,A,55118.000000,A
129,450,Madagascar,15,Wheat,2007,2444.400000,E,11000.000000,E,4500.000000,E
129,450,Madagascar,15,Wheat,1989,1666.700000,E,3000.000000,X,1800.000000,E
130,454,Malawi,15,Wheat,1976,2088.600000,E,919.000000,A,440.000000,E
133,466,Mali,15,Wheat,2018,3541.900000,A,29185.000000,A,8240.000000,A
133,466,Mali,15,Wheat,2007,2502.900000,A,8585.000000,A,3430.000000,A
134,470,Malta,15,Wheat,1964,1478.900000,A,2770.000000,A,1873.000000,A
138,484,Mexico,15,Wheat,1966,2254.200000,A,1647368.000000,A,730793.000000,A
143,504,Morocco,15,Wheat,2018,2575.200000,A,7320620.110000,A,2842748.000000,A
143,504,Morocco,15,Wheat,1993,680.800000,A,1573020.000000,A,2310400.000000,A
144,508,Mozambique,15,Wheat,2018,1132.700000,E,17000.000000,A,15008.000000,I
146,498,Republic of Moldova,15,Wheat,2006,2319.600000,A,691417.000000,A,298078.000000,A
147,516,Namibia,15,Wheat,1986,2961.000000,E,5922.000000,A,2000.000000,E
149,524,Nepal,15,Wheat,1984,1343.300000,A,633700.000000,A,471750.000000,A
149,524,Nepal,15,Wheat,2009,1933.800000,A,1343862.000000,A,694950.000000,A
153,540,New Caledonia,15,Wheat,2007,,,0.000000,A,0.000000,E
153,540,New Caledonia,15,Wheat,2014,,,0.000000,A,0.000000,E
156,554,New Zealand,15,Wheat,1987,4059.900000,A,336823.000000,A,82963.000000,A
156,554,New Zealand,15,Wheat,1982,4084.300000,A,292052.000000,A,71506.000000,A
158,562,Niger,15,Wheat,1997,2000.000000,A,600.000000,A,300.000000,A
159,566,Nigeria,15,Wheat,1999,2012.000000,A,101000.000000,A,50200.000000,A
170,604,Peru,15,Wheat,1965,958.000000,A,146720.000000,A,153150.000000,A
170,604,Peru,15,Wheat,1963,1015.700000,A,155500.000000,A,153100.000000,A
173,616,Poland,15,Wheat,2007,3938.100000,A,8317265.000000,A,2111982.000000,A
173,616,Poland,15,Wheat,1982,3073.400000,A,4475712.000000,A,1456271.000000,A
178,232,Eritrea,15,Wheat,2002,170.600000,A,4365.000000,A,25592.000000,A
181,716,Zimbabwe,15,Wheat,1992,5089.300000,A,57000.000000,A,11200.000000,A
183,642,Romania,15,Wheat,1984,3130.500000,A,7388000.000000,A,2360000.000000,A
183,642,Romania,15,Wheat,1998,2596.300000,A,5181823.000000,A,1995862.000000,A
184,646,Rwanda,15,Wheat,2006,851.000000,A,19549.000000,A,22972.000000,A
198,705,Slovenia,15,Wheat,2001,4603.600000,A,181083.000000,A,39335.000000,A
202,710,South Africa,15,Wheat,2011,3315.700000,A,2005000.000000,A,604700.000000,A
202,710,South Africa,15,Wheat,1999,2413.700000,A,1733030.000000,A,718000.000000,A
210,752,Sweden,15,Wheat,1975,4831.300000,A,1454630.000000,A,301085.000000,A
211,756,Switzerland,15,Wheat,1974,4637.100000,A,411400.000000,A,88720.000000,A
212,760,Syrian Arab Republic,15,Wheat,1966,655.300000,A,559000.000000,A,853000.000000,A
214,158,"China, Taiwan Province of",15,Wheat,1998,2444.400000,A,66.000000,A,27.000000,A
215,834,United Republic of Tanzania,15,Wheat,2014,1657.300000,A,167000.000000,A,100764.000000,A
215,834,United Republic of Tanzania,15,Wheat,1987,1822.800000,A,72000.000000,A,39500.000000,A
216,764,Thailand,15,Wheat,1970,,,0.000000,A,0.000000,A
216,764,Thailand,15,Wheat,1985,,,0.000000,A,0.000000,A
216,764,Thailand,15,Wheat,1974,,,0.000000,A,0.000000,A
216,764,Thailand,15,Wheat,1977,,,0.000000,A,0.000000,A
225,784,United Arab Emirates,15,Wheat,1974,,,0.000000,A,0.000000,A
236,862,Venezuela (Bolivarian Republic of),15,Wheat,1997,1259.500000,E,517.000000,A,410.000000,I
255,56,Belgium,15,Wheat,2015,10015.200000,A,2019347.000000,A,201628.000000,A
1,51,Armenia,15,Wheat,2007,2583.700000,A,254233.000000,A,98400.000000,A
11,40,Austria,15,Wheat,2019,5737.200000,A,1596880.000000,A,278340.000000,A
18,64,Bhutan,15,Wheat,1994,1250.000000,E,10000.000000,E,8000.000000,E
39,148,Chad,15,Wheat,2013,2642.100000,A,1757.000000,A,665.000000,A
41,156,"China, mainland",15,Wheat,2015,5392.700000,A,132639000.000000,A,24596000.000000,A
51,200,Czechoslovakia,15,Wheat,1981,3991.800000,A,4324783.000000,A,1083429.000000,A
58,218,Ecuador,15,Wheat,2010,891.200000,A,7605.000000,A,8533.000000,A
59,818,Egypt,15,Wheat,1977,3332.000000,A,1697000.000000,A,509304.000000,A
62,230,Ethiopia PDR,15,Wheat,1961,712.700000,E,650000.000000,E,912000.000000,X
84,300,Greece,15,Wheat,1992,2431.500000,A,2288000.000000,A,941000.000000,A
89,320,Guatemala,15,Wheat,1991,2012.400000,A,22680.000000,A,11270.000000,A
89,320,Guatemala,15,Wheat,2024,2753.000000,E,761.880000,I,277.000000,I
97,348,Hungary,15,Wheat,2009,3854.600000,A,4419163.000000,A,1146456.000000,A
118,414,Kuwait,15,Wheat,2014,4307.700000,A,56.000000,A,13.000000,A
129,450,Madagascar,15,Wheat,1975,,,0.000000,A,0.000000,A
130,454,Malawi,15,Wheat,1965,2000.000000,E,500.000000,E,250.000000,E
150,528,Netherlands (Kingdom of the),15,Wheat,1981,6700.800000,A,882055.000000,A,131635.000000,A
162,578,Norway,15,Wheat,2014,4921.100000,A,389600.000000,A,79170.000000,A
170,604,Peru,15,Wheat,1967,952.000000,A,152180.000000,A,159850.000000,A
174,620,Portugal,15,Wheat,2012,1076.600000,A,58990.000000,A,54793.000000,A
174,620,Portugal,15,Wheat,1990,1426.900000,A,297691.000000,A,208635.000000,A
179,634,Qatar,15,Wheat,1962,,,0.000000,A,0.000000,A
179,634,Qatar,15,Wheat,2015,,,0.000000,A,0.000000,A
202,710,South Africa,15,Wheat,2003,2068.000000,A,1546840.000000,A,748000.000000,A
212,760,Syrian Arab Republic,15,Wheat,1969,821.800000,A,1003517.000000,A,1221109.000000,A
212,760,Syrian Arab Republic,15,Wheat,1971,675.900000,A,846276.000000,A,1252000.000000,A
213,795,Turkmenistan,15,Wheat,2013,1572.800000,E,1370000.000000,X,871081.000000,I
216,764,Thailand,15,Wheat,1996,645.500000,E,710.000000,X,1100.000000,E
225,784,United Arab Emirates,15,Wheat,2020,,,,M,,M
229,826,United Kingdom of Great Britain and Northern Ireland,15,Wheat,2022,8590.400000,A,15540000.000000,A,1809000.000000,A
250,180,Democratic Republic of the Congo,15,Wheat,1968,1000.000000,A,2806.000000,A,2806.000000,A
256,442,Luxembourg,15,Wheat,2023,5802.700000,A,72360.000000,A,12470.000000,A
4,12,Algeria,15,Wheat,1995,892.400000,A,1499920.000000,A,1680720.000000,A
20,72,Botswana,15,Wheat,1991,2226.800000,E,1500.000000,X,674.000000,I
63,233,Estonia,15,Wheat,2021,4090.400000,A,736270.000000,A,180000.000000,A
95,340,Honduras,15,Wheat,1998,500.000000,E,1000.000000,E,2000.000000,X
95,340,Honduras,15,Wheat,2017,537.100000,E,1234.190000,I,2298.000000,I
124,434,Libya,15,Wheat,2000,778.400000,E,125000.000000,X,160594.000000,I
174,620,Portugal,15,Wheat,1969,828.100000,A,470099.000000,A,567700.000000,A
216,764,Thailand,15,Wheat,1978,,,0.000000,A,0.000000,A
226,800,Uganda,15,Wheat,1989,2200.200000,A,10761.000000,A,4891.000000,A
225,784,United Arab Emirates,15,Wheat,1973,,,0.000000,A,0.000000,A
32,120,Cameroon,15,Wheat,1991,1303.800000,E,561.900000,I,431.000000,I
251,894,Zambia,15,Wheat,1980,4068.800000,A,9765.000000,A,2400.000000,A

